K,IS_KS,OoS_KS,IS_kurt,OoS_kurt,IS_ACF_MAE_abs,OoS_ACF_MAE_abs,IS_ACF_MAE_raw,OoS_ACF_MAE_raw,n_iter,final_ll
3,0.9840,0.9100,3.4629,3.3803,0.062884,0.054625,0.023588,0.043642,19,-5214.7880
18,0.0080,0.3340,3.6536,3.4914,0.060619,0.053259,0.023244,0.043454,9,-5011.3418
