ticker,m,tau,rho_sample,rho_fit
AAPL,2,1,0.223828,0.223539
AAPL,2,2,0.098996,0.094287
AAPL,2,3,0.137174,0.112996
AAPL,2,4,0.153897,0.108522
AAPL,2,5,0.163074,0.107703
AAPL,2,6,0.141198,0.106328
AAPL,2,7,0.125749,0.105059
AAPL,2,8,0.140048,0.103791
AAPL,2,9,0.139204,0.102541
AAPL,2,10,0.136725,0.101305
AAPL,2,11,0.087289,0.100084
AAPL,2,12,0.064987,0.098878
AAPL,2,13,0.090173,0.097687
AAPL,2,14,0.089948,0.096510
AAPL,2,15,0.115880,0.095347
AAPL,2,16,0.109338,0.094198
AAPL,2,17,0.116254,0.093063
AAPL,2,18,0.112279,0.091941
AAPL,2,19,0.069446,0.090833
AAPL,2,20,0.102769,0.089739
AAPL,2,21,0.090384,0.088658
AAPL,2,22,0.108600,0.087589
AAPL,2,23,0.083458,0.086534
AAPL,2,24,0.080095,0.085491
AAPL,2,25,0.081146,0.084461
AAPL,2,26,0.080025,0.083443
AAPL,2,27,0.064472,0.082438
AAPL,2,28,0.079362,0.081444
AAPL,2,29,0.058853,0.080463
AAPL,2,30,0.092062,0.079493
AAPL,2,31,0.055026,0.078535
AAPL,2,32,0.071530,0.077589
AAPL,2,33,0.078591,0.076654
AAPL,2,34,0.087305,0.075730
AAPL,2,35,0.083830,0.074818
AAPL,2,36,0.073640,0.073916
AAPL,2,37,0.053441,0.073025
AAPL,2,38,0.061506,0.072145
AAPL,2,39,0.060247,0.071276
AAPL,2,40,0.053567,0.070417
AAPL,2,41,0.045534,0.069569
AAPL,2,42,0.049012,0.068730
AAPL,2,43,0.049191,0.067902
AAPL,2,44,0.030455,0.067084
AAPL,2,45,0.047951,0.066276
AAPL,2,46,0.055798,0.065477
AAPL,2,47,0.000844,0.064688
AAPL,2,48,0.045833,0.063908
AAPL,2,49,0.045138,0.063138
AAPL,2,50,0.034518,0.062378
AAPL,2,51,0.013149,0.061626
AAPL,2,52,0.042831,0.060883
AAPL,2,53,0.067181,0.060150
AAPL,2,54,0.015586,0.059425
AAPL,2,55,0.033910,0.058709
AAPL,2,56,0.040010,0.058001
AAPL,2,57,0.046538,0.057302
AAPL,2,58,0.011734,0.056612
AAPL,2,59,0.022698,0.055930
AAPL,2,60,0.027056,0.055256
AAPL,2,61,0.049954,0.054590
AAPL,2,62,0.049802,0.053932
AAPL,2,63,0.082641,0.053282
AAPL,2,64,0.037810,0.052640
AAPL,2,65,0.028360,0.052006
AAPL,2,66,0.061116,0.051379
AAPL,2,67,0.020826,0.050760
AAPL,2,68,0.016655,0.050148
AAPL,2,69,0.021300,0.049544
AAPL,2,70,0.024919,0.048947
AAPL,2,71,0.038496,0.048357
AAPL,2,72,0.044284,0.047774
AAPL,2,73,0.006002,0.047199
AAPL,2,74,0.019497,0.046630
AAPL,2,75,0.014722,0.046068
AAPL,2,76,0.062523,0.045513
AAPL,2,77,0.025359,0.044965
AAPL,2,78,0.017304,0.044423
AAPL,2,79,0.019909,0.043887
AAPL,2,80,0.024631,0.043359
AAPL,2,81,0.051010,0.042836
AAPL,2,82,0.021092,0.042320
AAPL,2,83,-0.011136,0.041810
AAPL,2,84,0.034843,0.041306
AAPL,2,85,0.054608,0.040808
AAPL,2,86,0.009471,0.040317
AAPL,2,87,0.035006,0.039831
AAPL,2,88,0.001500,0.039351
AAPL,2,89,0.024403,0.038877
AAPL,2,90,0.041464,0.038408
AAPL,2,91,0.058570,0.037945
AAPL,2,92,0.045775,0.037488
AAPL,2,93,0.015254,0.037036
AAPL,2,94,0.047540,0.036590
AAPL,2,95,0.077277,0.036149
AAPL,2,96,0.043855,0.035714
AAPL,2,97,0.062289,0.035283
AAPL,2,98,0.045218,0.034858
AAPL,2,99,0.017065,0.034438
AAPL,2,100,0.043594,0.034023
AAPL,2,101,0.082069,0.033613
AAPL,2,102,0.029744,0.033208
AAPL,2,103,0.019415,0.032808
AAPL,2,104,0.014362,0.032413
AAPL,2,105,0.078454,0.032022
AAPL,2,106,0.084039,0.031636
AAPL,2,107,0.045064,0.031255
AAPL,2,108,0.030142,0.030878
AAPL,2,109,0.028869,0.030506
AAPL,2,110,0.015422,0.030139
AAPL,2,111,0.023196,0.029775
AAPL,2,112,0.025443,0.029417
AAPL,2,113,0.038762,0.029062
AAPL,2,114,0.055278,0.028712
AAPL,2,115,0.035482,0.028366
AAPL,2,116,0.042819,0.028024
AAPL,2,117,0.040970,0.027686
AAPL,2,118,0.021259,0.027353
AAPL,2,119,0.040551,0.027023
AAPL,2,120,0.062932,0.026698
AAPL,2,121,0.044085,0.026376
AAPL,2,122,0.055273,0.026058
AAPL,2,123,0.066727,0.025744
AAPL,2,124,0.083610,0.025434
AAPL,2,125,0.070382,0.025127
AAPL,2,126,0.099402,0.024825
AAPL,2,127,0.083348,0.024525
AAPL,2,128,0.036005,0.024230
AAPL,2,129,0.072272,0.023938
AAPL,2,130,0.083029,0.023649
AAPL,2,131,0.053843,0.023364
AAPL,2,132,0.046269,0.023083
AAPL,2,133,0.027616,0.022805
AAPL,2,134,0.030838,0.022530
AAPL,2,135,0.054953,0.022258
AAPL,2,136,0.018785,0.021990
AAPL,2,137,0.017286,0.021725
AAPL,2,138,0.019520,0.021463
AAPL,2,139,0.042375,0.021205
AAPL,2,140,0.051860,0.020949
AAPL,2,141,0.032391,0.020697
AAPL,2,142,0.009320,0.020447
AAPL,2,143,0.037381,0.020201
AAPL,2,144,0.044699,0.019958
AAPL,2,145,0.028306,0.019717
AAPL,2,146,0.047816,0.019480
AAPL,2,147,0.035631,0.019245
AAPL,2,148,0.017863,0.019013
AAPL,2,149,-0.017067,0.018784
AAPL,2,150,0.028996,0.018557
AAPL,2,151,0.064261,0.018334
AAPL,2,152,0.027633,0.018113
AAPL,2,153,0.044430,0.017895
AAPL,2,154,0.027305,0.017679
AAPL,2,155,0.017812,0.017466
AAPL,2,156,0.028788,0.017256
AAPL,2,157,0.028099,0.017048
AAPL,2,158,0.016312,0.016842
AAPL,2,159,0.027883,0.016639
AAPL,2,160,0.048570,0.016439
AAPL,2,161,0.046892,0.016241
AAPL,2,162,0.037204,0.016045
AAPL,2,163,0.028952,0.015852
AAPL,2,164,0.026938,0.015661
AAPL,2,165,0.008286,0.015472
AAPL,2,166,0.008489,0.015285
AAPL,2,167,0.003533,0.015101
AAPL,2,168,0.008443,0.014919
AAPL,2,169,0.037642,0.014739
AAPL,2,170,0.036321,0.014562
AAPL,2,171,0.043444,0.014386
AAPL,2,172,0.009302,0.014213
AAPL,2,173,0.017277,0.014042
AAPL,2,174,0.025580,0.013873
AAPL,2,175,0.015941,0.013705
AAPL,2,176,-0.013187,0.013540
AAPL,2,177,0.002542,0.013377
AAPL,2,178,0.010888,0.013216
AAPL,2,179,0.020802,0.013057
AAPL,2,180,0.004984,0.012899
AAPL,2,181,0.002866,0.012744
AAPL,2,182,0.012159,0.012590
AAPL,2,183,0.000725,0.012439
AAPL,2,184,-0.011129,0.012289
AAPL,2,185,-0.006307,0.012141
AAPL,2,186,0.032492,0.011994
AAPL,2,187,0.048318,0.011850
AAPL,2,188,0.026414,0.011707
AAPL,2,189,0.017662,0.011566
AAPL,2,190,0.036294,0.011427
AAPL,2,191,-0.001643,0.011289
AAPL,2,192,0.070841,0.011153
AAPL,2,193,0.041773,0.011018
AAPL,2,194,0.003561,0.010886
AAPL,2,195,0.019869,0.010754
AAPL,2,196,0.040378,0.010625
AAPL,2,197,0.019016,0.010497
AAPL,2,198,-0.019559,0.010370
AAPL,2,199,-0.037860,0.010245
AAPL,2,200,-0.017132,0.010122
AAPL,2,201,0.035805,0.010000
AAPL,2,202,0.011108,0.009879
AAPL,2,203,0.024115,0.009760
AAPL,2,204,-0.005909,0.009643
AAPL,2,205,0.026549,0.009527
AAPL,2,206,0.002891,0.009412
AAPL,2,207,-0.016764,0.009298
AAPL,2,208,0.010577,0.009186
AAPL,2,209,0.017731,0.009076
AAPL,2,210,0.043396,0.008966
AAPL,2,211,0.002300,0.008858
AAPL,2,212,0.019986,0.008752
AAPL,2,213,0.006243,0.008646
AAPL,2,214,0.019357,0.008542
AAPL,2,215,-0.002593,0.008439
AAPL,2,216,0.008004,0.008337
AAPL,2,217,0.008928,0.008237
AAPL,2,218,0.006472,0.008138
AAPL,2,219,-0.006222,0.008039
AAPL,2,220,-0.021826,0.007943
AAPL,2,221,-0.003139,0.007847
AAPL,2,222,0.024443,0.007752
AAPL,2,223,-0.008958,0.007659
AAPL,2,224,0.010937,0.007567
AAPL,2,225,0.014406,0.007475
AAPL,2,226,-0.006227,0.007385
AAPL,2,227,-0.009822,0.007296
AAPL,2,228,-0.023763,0.007208
AAPL,2,229,-0.033520,0.007122
AAPL,2,230,-0.005523,0.007036
AAPL,2,231,-0.016890,0.006951
AAPL,2,232,0.000836,0.006867
AAPL,2,233,-0.009201,0.006784
AAPL,2,234,-0.029721,0.006703
AAPL,2,235,-0.004068,0.006622
AAPL,2,236,-0.001374,0.006542
AAPL,2,237,-0.029299,0.006463
AAPL,2,238,0.010993,0.006385
AAPL,2,239,-0.021201,0.006308
AAPL,2,240,-0.020038,0.006232
AAPL,2,241,-0.007943,0.006157
AAPL,2,242,-0.031166,0.006083
AAPL,2,243,-0.041854,0.006010
AAPL,2,244,-0.046054,0.005937
AAPL,2,245,-0.009976,0.005866
AAPL,2,246,0.015910,0.005795
AAPL,2,247,0.006943,0.005725
AAPL,2,248,0.010430,0.005656
AAPL,2,249,-0.024241,0.005588
AAPL,2,250,-0.045257,0.005521
AAPL,2,251,0.045569,0.005454
AAPL,2,252,0.009244,0.005389
AAPL,17,1,0.223828,0.223621
AAPL,17,2,0.098996,0.098575
AAPL,17,3,0.137174,0.141412
AAPL,17,4,0.153897,0.159216
AAPL,17,5,0.163074,0.157835
AAPL,17,6,0.141198,0.153276
AAPL,17,7,0.125749,0.125539
AAPL,17,8,0.140048,0.135364
AAPL,17,9,0.139204,0.147071
AAPL,17,10,0.136725,0.135506
AAPL,17,11,0.087289,0.090365
AAPL,17,12,0.064987,0.084047
AAPL,17,13,0.090173,0.082312
AAPL,17,14,0.089948,0.091258
AAPL,17,15,0.115880,0.094168
AAPL,17,16,0.109338,0.106729
AAPL,17,17,0.116254,0.102834
AAPL,17,18,0.112279,0.099323
AAPL,17,19,0.069446,0.077254
AAPL,17,20,0.102769,0.083693
AAPL,17,21,0.090384,0.097029
AAPL,17,22,0.108600,0.093773
AAPL,17,23,0.083458,0.067608
AAPL,17,24,0.080095,0.071094
AAPL,17,25,0.081146,0.073225
AAPL,17,26,0.080025,0.076744
AAPL,17,27,0.064472,0.074660
AAPL,17,28,0.079362,0.078346
AAPL,17,29,0.058853,0.072707
AAPL,17,30,0.092062,0.071183
AAPL,17,31,0.055026,0.056920
AAPL,17,32,0.071530,0.064595
AAPL,17,33,0.078591,0.079606
AAPL,17,34,0.087305,0.078490
AAPL,17,35,0.083830,0.058125
AAPL,17,36,0.073640,0.059753
AAPL,17,37,0.053441,0.058885
AAPL,17,38,0.061506,0.059012
AAPL,17,39,0.060247,0.059441
AAPL,17,40,0.053567,0.065141
AAPL,17,41,0.045534,0.064276
AAPL,17,42,0.049012,0.064898
AAPL,17,43,0.049191,0.051310
AAPL,17,44,0.030455,0.051990
AAPL,17,45,0.047951,0.061599
AAPL,17,46,0.055798,0.060602
AAPL,17,47,0.000844,0.048336
AAPL,17,48,0.045833,0.055025
AAPL,17,49,0.045138,0.056892
AAPL,17,50,0.034518,0.055173
AAPL,17,51,0.013149,0.053068
AAPL,17,52,0.042831,0.053554
AAPL,17,53,0.067181,0.051018
AAPL,17,54,0.015586,0.052848
AAPL,17,55,0.033910,0.044350
AAPL,17,56,0.040010,0.046679
AAPL,17,57,0.046538,0.057057
AAPL,17,58,0.011734,0.056294
AAPL,17,59,0.022698,0.045120
AAPL,17,60,0.027056,0.048347
AAPL,17,61,0.049954,0.046870
AAPL,17,62,0.049802,0.043530
AAPL,17,63,0.082641,0.044273
AAPL,17,64,0.037810,0.047944
AAPL,17,65,0.028360,0.049285
AAPL,17,66,0.061116,0.052358
AAPL,17,67,0.020826,0.042976
AAPL,17,68,0.016655,0.039573
AAPL,17,69,0.021300,0.045147
AAPL,17,70,0.024919,0.044152
AAPL,17,71,0.038496,0.038377
AAPL,17,72,0.044284,0.045865
AAPL,17,73,0.006002,0.046985
AAPL,17,74,0.019497,0.042918
AAPL,17,75,0.014722,0.041167
AAPL,17,76,0.062523,0.040315
AAPL,17,77,0.025359,0.039304
AAPL,17,78,0.017304,0.042885
AAPL,17,79,0.019909,0.037485
AAPL,17,80,0.024631,0.036765
AAPL,17,81,0.051010,0.043808
AAPL,17,82,0.021092,0.043043
AAPL,17,83,-0.011136,0.036683
AAPL,17,84,0.034843,0.040388
AAPL,17,85,0.054608,0.038260
AAPL,17,86,0.009471,0.033356
AAPL,17,87,0.035006,0.034346
AAPL,17,88,0.001500,0.037014
AAPL,17,89,0.024403,0.039315
AAPL,17,90,0.041464,0.043618
AAPL,17,91,0.058570,0.036634
AAPL,17,92,0.045775,0.031118
AAPL,17,93,0.015254,0.034081
AAPL,17,94,0.047540,0.033147
AAPL,17,95,0.077277,0.030933
AAPL,17,96,0.043855,0.038595
AAPL,17,97,0.062289,0.039106
AAPL,17,98,0.045218,0.034025
AAPL,17,99,0.017065,0.032505
AAPL,17,100,0.043594,0.031006
AAPL,17,101,0.082069,0.030665
AAPL,17,102,0.029744,0.035100
AAPL,17,103,0.019415,0.031509
AAPL,17,104,0.014362,0.029259
AAPL,17,105,0.078454,0.034188
AAPL,17,106,0.084039,0.033531
AAPL,17,107,0.045064,0.029902
AAPL,17,108,0.030142,0.033694
AAPL,17,109,0.028869,0.031109
AAPL,17,110,0.015422,0.025588
AAPL,17,111,0.023196,0.026710
AAPL,17,112,0.025443,0.028873
AAPL,17,113,0.038762,0.031574
AAPL,17,114,0.055278,0.036446
AAPL,17,115,0.035482,0.030911
AAPL,17,116,0.042819,0.024408
AAPL,17,117,0.040970,0.025740
AAPL,17,118,0.021259,0.024950
AAPL,17,119,0.040551,0.024777
AAPL,17,120,0.062932,0.032356
AAPL,17,121,0.044085,0.032457
AAPL,17,122,0.055273,0.027031
AAPL,17,123,0.066727,0.025640
AAPL,17,124,0.083610,0.023854
AAPL,17,125,0.070382,0.023822
AAPL,17,126,0.099402,0.028621
AAPL,17,127,0.083348,0.026131
AAPL,17,128,0.036005,0.023173
AAPL,17,129,0.072272,0.026760
AAPL,17,130,0.083029,0.026258
AAPL,17,131,0.053843,0.024234
AAPL,17,132,0.046269,0.027939
AAPL,17,133,0.027616,0.025081
AAPL,17,134,0.030838,0.019407
AAPL,17,135,0.054953,0.020575
AAPL,17,136,0.018785,0.022495
AAPL,17,137,0.017286,0.025366
AAPL,17,138,0.019520,0.030445
AAPL,17,139,0.042375,0.025823
AAPL,17,140,0.051860,0.018928
AAPL,17,141,0.032391,0.019229
AAPL,17,142,0.009320,0.018601
AAPL,17,143,0.037381,0.019631
AAPL,17,144,0.044699,0.027009
AAPL,17,145,0.028306,0.026864
AAPL,17,146,0.047816,0.021411
AAPL,17,147,0.035631,0.020074
AAPL,17,148,0.017863,0.018190
AAPL,17,149,-0.017067,0.018321
AAPL,17,150,0.028996,0.023216
AAPL,17,151,0.064261,0.021418
AAPL,17,152,0.027633,0.018183
AAPL,17,153,0.044430,0.020894
AAPL,17,154,0.027305,0.020549
AAPL,17,155,0.017812,0.019501
AAPL,17,156,0.028788,0.023039
AAPL,17,157,0.028099,0.020044
AAPL,17,158,0.016312,0.014436
AAPL,17,159,0.027883,0.015584
AAPL,17,160,0.048570,0.017399
AAPL,17,161,0.046892,0.020350
AAPL,17,162,0.037204,0.025437
AAPL,17,163,0.028952,0.021415
AAPL,17,164,0.026938,0.014436
AAPL,17,165,0.008286,0.014067
AAPL,17,166,0.008489,0.013592
AAPL,17,167,0.003533,0.015351
AAPL,17,168,0.008443,0.022479
AAPL,17,169,0.037642,0.022201
AAPL,17,170,0.036321,0.016867
AAPL,17,171,0.043444,0.015530
AAPL,17,172,0.009302,0.013645
AAPL,17,173,0.017277,0.013883
AAPL,17,174,0.025580,0.018729
AAPL,17,175,0.015941,0.017382
AAPL,17,176,-0.013187,0.014091
AAPL,17,177,0.002542,0.016208
AAPL,17,178,0.010888,0.016003
AAPL,17,179,0.020802,0.015570
AAPL,17,180,0.004984,0.018911
AAPL,17,181,0.002866,0.015873
AAPL,17,182,0.012159,0.010424
AAPL,17,183,0.000725,0.011509
AAPL,17,184,-0.011129,0.013288
AAPL,17,185,-0.006307,0.016288
AAPL,17,186,0.032492,0.021278
AAPL,17,187,0.048318,0.017667
AAPL,17,188,0.026414,0.010759
AAPL,17,189,0.017662,0.009941
AAPL,17,190,0.036294,0.009600
AAPL,17,191,-0.001643,0.011812
AAPL,17,192,0.070841,0.018675
AAPL,17,193,0.041773,0.018339
AAPL,17,194,0.003561,0.013184
AAPL,17,195,0.019869,0.011810
AAPL,17,196,0.040378,0.009972
AAPL,17,197,0.019016,0.010300
AAPL,17,198,-0.019559,0.015020
AAPL,17,199,-0.037860,0.013977
AAPL,17,200,-0.017132,0.010740
AAPL,17,201,0.035805,0.012437
AAPL,17,202,0.011108,0.012352
AAPL,17,203,0.024115,0.012324
AAPL,17,204,-0.005909,0.015461
AAPL,17,205,0.026549,0.012437
AAPL,17,206,0.002891,0.007184
AAPL,17,207,-0.016764,0.008178
AAPL,17,208,0.010577,0.009955
AAPL,17,209,0.017731,0.012996
AAPL,17,210,0.043396,0.017832
AAPL,17,211,0.002300,0.014517
AAPL,17,212,0.019986,0.007757
AAPL,17,213,0.006243,0.006625
AAPL,17,214,0.019357,0.006397
AAPL,17,215,-0.002593,0.008902
AAPL,17,216,0.008004,0.015500
AAPL,17,217,0.008928,0.015154
AAPL,17,218,0.006472,0.010197
AAPL,17,219,-0.006222,0.008763
AAPL,17,220,-0.021826,0.006994
AAPL,17,221,-0.003139,0.007407
AAPL,17,222,0.024443,0.011963
AAPL,17,223,-0.008958,0.011134
AAPL,17,224,0.010937,0.008004
AAPL,17,225,0.014406,0.009388
AAPL,17,226,-0.006227,0.009404
AAPL,17,227,-0.009822,0.009655
AAPL,17,228,-0.023763,0.012593
AAPL,17,229,-0.033520,0.009620
AAPL,17,230,-0.005523,0.004570
AAPL,17,231,-0.016890,0.005456
AAPL,17,232,0.000836,0.007246
AAPL,17,233,-0.009201,0.010325
AAPL,17,234,-0.029721,0.014985
AAPL,17,235,-0.004068,0.011891
AAPL,17,236,-0.001374,0.005314
AAPL,17,237,-0.029299,0.003952
AAPL,17,238,0.010993,0.003821
AAPL,17,239,-0.021201,0.006521
AAPL,17,240,-0.020038,0.012863
AAPL,17,241,-0.007943,0.012533
AAPL,17,242,-0.031166,0.007776
AAPL,17,243,-0.041854,0.006269
AAPL,17,244,-0.046054,0.004579
AAPL,17,245,-0.009976,0.005074
AAPL,17,246,0.015910,0.009449
AAPL,17,247,0.006943,0.008777
AAPL,17,248,0.010430,0.005777
AAPL,17,249,-0.024241,0.006917
AAPL,17,250,-0.045257,0.007018
AAPL,17,251,0.045569,0.007470
AAPL,17,252,0.009244,0.010218
AMZN,2,1,0.228665,0.228006
AMZN,2,2,0.104954,0.098282
AMZN,2,3,0.144469,0.123582
AMZN,2,4,0.140305,0.115952
AMZN,2,5,0.141997,0.115360
AMZN,2,6,0.121552,0.113306
AMZN,2,7,0.093636,0.111597
AMZN,2,8,0.098287,0.109847
AMZN,2,9,0.127674,0.108139
AMZN,2,10,0.118014,0.106455
AMZN,2,11,0.092343,0.104798
AMZN,2,12,0.065612,0.103166
AMZN,2,13,0.102923,0.101560
AMZN,2,14,0.096065,0.099978
AMZN,2,15,0.079850,0.098422
AMZN,2,16,0.064156,0.096889
AMZN,2,17,0.114203,0.095380
AMZN,2,18,0.084789,0.093895
AMZN,2,19,0.083898,0.092433
AMZN,2,20,0.070746,0.090994
AMZN,2,21,0.090411,0.089577
AMZN,2,22,0.088276,0.088183
AMZN,2,23,0.071525,0.086810
AMZN,2,24,0.099655,0.085458
AMZN,2,25,0.071680,0.084127
AMZN,2,26,0.081540,0.082817
AMZN,2,27,0.070811,0.081528
AMZN,2,28,0.047743,0.080258
AMZN,2,29,0.096916,0.079009
AMZN,2,30,0.098167,0.077779
AMZN,2,31,0.069927,0.076568
AMZN,2,32,0.090413,0.075375
AMZN,2,33,0.075183,0.074202
AMZN,2,34,0.085150,0.073046
AMZN,2,35,0.079443,0.071909
AMZN,2,36,0.028421,0.070789
AMZN,2,37,0.044772,0.069687
AMZN,2,38,0.072944,0.068602
AMZN,2,39,0.065939,0.067534
AMZN,2,40,0.072337,0.066482
AMZN,2,41,0.026767,0.065447
AMZN,2,42,0.051726,0.064428
AMZN,2,43,0.057248,0.063425
AMZN,2,44,0.037288,0.062437
AMZN,2,45,0.022399,0.061465
AMZN,2,46,0.044157,0.060508
AMZN,2,47,0.034169,0.059566
AMZN,2,48,0.064053,0.058639
AMZN,2,49,0.067783,0.057726
AMZN,2,50,0.037248,0.056827
AMZN,2,51,0.053516,0.055942
AMZN,2,52,0.085338,0.055071
AMZN,2,53,0.080042,0.054213
AMZN,2,54,0.037639,0.053369
AMZN,2,55,0.051356,0.052538
AMZN,2,56,0.075802,0.051720
AMZN,2,57,0.081615,0.050915
AMZN,2,58,0.126804,0.050122
AMZN,2,59,0.092596,0.049342
AMZN,2,60,0.031209,0.048574
AMZN,2,61,0.060237,0.047817
AMZN,2,62,0.069542,0.047073
AMZN,2,63,0.140966,0.046340
AMZN,2,64,0.101663,0.045618
AMZN,2,65,0.072029,0.044908
AMZN,2,66,0.054043,0.044209
AMZN,2,67,0.057825,0.043520
AMZN,2,68,0.075339,0.042843
AMZN,2,69,0.038386,0.042176
AMZN,2,70,0.018019,0.041519
AMZN,2,71,0.030795,0.040872
AMZN,2,72,0.032488,0.040236
AMZN,2,73,0.063082,0.039610
AMZN,2,74,0.028510,0.038993
AMZN,2,75,0.032461,0.038386
AMZN,2,76,0.045854,0.037788
AMZN,2,77,0.040870,0.037200
AMZN,2,78,0.018912,0.036620
AMZN,2,79,-0.000217,0.036050
AMZN,2,80,0.020714,0.035489
AMZN,2,81,0.014952,0.034936
AMZN,2,82,0.004477,0.034392
AMZN,2,83,0.036882,0.033857
AMZN,2,84,0.003746,0.033330
AMZN,2,85,0.007788,0.032811
AMZN,2,86,0.050346,0.032300
AMZN,2,87,0.037243,0.031797
AMZN,2,88,0.029171,0.031302
AMZN,2,89,0.002819,0.030814
AMZN,2,90,0.051084,0.030335
AMZN,2,91,0.041307,0.029862
AMZN,2,92,0.020065,0.029397
AMZN,2,93,0.015444,0.028940
AMZN,2,94,0.004419,0.028489
AMZN,2,95,0.037380,0.028045
AMZN,2,96,0.017920,0.027609
AMZN,2,97,0.025220,0.027179
AMZN,2,98,0.041792,0.026756
AMZN,2,99,0.037528,0.026339
AMZN,2,100,0.025891,0.025929
AMZN,2,101,0.024896,0.025525
AMZN,2,102,-0.016477,0.025128
AMZN,2,103,0.002980,0.024737
AMZN,2,104,0.005023,0.024351
AMZN,2,105,0.034003,0.023972
AMZN,2,106,-0.004076,0.023599
AMZN,2,107,0.004699,0.023232
AMZN,2,108,0.010750,0.022870
AMZN,2,109,0.001352,0.022514
AMZN,2,110,-0.001195,0.022163
AMZN,2,111,0.001573,0.021818
AMZN,2,112,0.003744,0.021478
AMZN,2,113,0.022624,0.021144
AMZN,2,114,0.027039,0.020815
AMZN,2,115,-0.000822,0.020491
AMZN,2,116,0.017877,0.020172
AMZN,2,117,0.030114,0.019858
AMZN,2,118,-0.001241,0.019548
AMZN,2,119,0.026364,0.019244
AMZN,2,120,0.034818,0.018944
AMZN,2,121,0.049800,0.018649
AMZN,2,122,0.038760,0.018359
AMZN,2,123,0.043471,0.018073
AMZN,2,124,0.081316,0.017792
AMZN,2,125,0.075071,0.017515
AMZN,2,126,0.042500,0.017242
AMZN,2,127,0.050673,0.016974
AMZN,2,128,0.043952,0.016709
AMZN,2,129,0.040204,0.016449
AMZN,2,130,0.082397,0.016193
AMZN,2,131,0.067447,0.015941
AMZN,2,132,0.017647,0.015693
AMZN,2,133,0.000959,0.015448
AMZN,2,134,0.043138,0.015208
AMZN,2,135,0.029762,0.014971
AMZN,2,136,0.027694,0.014738
AMZN,2,137,0.001221,0.014508
AMZN,2,138,0.002496,0.014282
AMZN,2,139,0.027633,0.014060
AMZN,2,140,0.025899,0.013841
AMZN,2,141,0.037953,0.013626
AMZN,2,142,0.011827,0.013413
AMZN,2,143,0.017581,0.013205
AMZN,2,144,0.018265,0.012999
AMZN,2,145,0.030988,0.012797
AMZN,2,146,-0.003548,0.012597
AMZN,2,147,-0.004259,0.012401
AMZN,2,148,0.030939,0.012208
AMZN,2,149,0.021340,0.012018
AMZN,2,150,-0.020859,0.011831
AMZN,2,151,0.031446,0.011647
AMZN,2,152,0.009054,0.011465
AMZN,2,153,-0.001269,0.011287
AMZN,2,154,0.014475,0.011111
AMZN,2,155,-0.012510,0.010938
AMZN,2,156,-0.010041,0.010768
AMZN,2,157,0.009730,0.010600
AMZN,2,158,-0.002474,0.010435
AMZN,2,159,-0.006468,0.010273
AMZN,2,160,0.016654,0.010113
AMZN,2,161,0.006927,0.009955
AMZN,2,162,0.026661,0.009800
AMZN,2,163,0.025224,0.009648
AMZN,2,164,0.036024,0.009497
AMZN,2,165,0.007275,0.009350
AMZN,2,166,0.030126,0.009204
AMZN,2,167,-0.003810,0.009061
AMZN,2,168,0.022089,0.008920
AMZN,2,169,0.012586,0.008781
AMZN,2,170,0.017620,0.008644
AMZN,2,171,-0.006742,0.008509
AMZN,2,172,0.020904,0.008377
AMZN,2,173,0.005636,0.008246
AMZN,2,174,-0.003910,0.008118
AMZN,2,175,0.001388,0.007992
AMZN,2,176,-0.001918,0.007867
AMZN,2,177,-0.015560,0.007745
AMZN,2,178,-0.003137,0.007624
AMZN,2,179,0.000841,0.007505
AMZN,2,180,0.002051,0.007389
AMZN,2,181,0.028648,0.007273
AMZN,2,182,0.043349,0.007160
AMZN,2,183,0.030662,0.007049
AMZN,2,184,0.033667,0.006939
AMZN,2,185,0.006783,0.006831
AMZN,2,186,0.005500,0.006725
AMZN,2,187,0.050921,0.006620
AMZN,2,188,0.063546,0.006517
AMZN,2,189,0.038865,0.006415
AMZN,2,190,0.017219,0.006315
AMZN,2,191,0.015761,0.006217
AMZN,2,192,0.069135,0.006120
AMZN,2,193,0.057263,0.006025
AMZN,2,194,0.016009,0.005931
AMZN,2,195,-0.020671,0.005839
AMZN,2,196,0.030493,0.005748
AMZN,2,197,0.013226,0.005658
AMZN,2,198,0.012950,0.005570
AMZN,2,199,0.005045,0.005484
AMZN,2,200,-0.000947,0.005398
AMZN,2,201,-0.003742,0.005314
AMZN,2,202,0.010955,0.005231
AMZN,2,203,0.001210,0.005150
AMZN,2,204,-0.026591,0.005070
AMZN,2,205,-0.022015,0.004991
AMZN,2,206,-0.035834,0.004913
AMZN,2,207,0.000532,0.004837
AMZN,2,208,-0.012897,0.004761
AMZN,2,209,-0.027169,0.004687
AMZN,2,210,-0.000586,0.004614
AMZN,2,211,-0.005651,0.004542
AMZN,2,212,-0.027366,0.004472
AMZN,2,213,-0.048540,0.004402
AMZN,2,214,-0.029724,0.004333
AMZN,2,215,-0.012509,0.004266
AMZN,2,216,-0.013515,0.004200
AMZN,2,217,0.000567,0.004134
AMZN,2,218,0.017546,0.004070
AMZN,2,219,-0.014913,0.004006
AMZN,2,220,-0.008401,0.003944
AMZN,2,221,-0.025283,0.003883
AMZN,2,222,-0.025404,0.003822
AMZN,2,223,-0.049245,0.003763
AMZN,2,224,-0.019974,0.003704
AMZN,2,225,-0.049345,0.003646
AMZN,2,226,-0.034417,0.003590
AMZN,2,227,-0.050586,0.003534
AMZN,2,228,-0.044143,0.003479
AMZN,2,229,-0.021816,0.003425
AMZN,2,230,-0.060291,0.003371
AMZN,2,231,-0.039921,0.003319
AMZN,2,232,-0.032591,0.003267
AMZN,2,233,-0.013631,0.003216
AMZN,2,234,-0.019326,0.003166
AMZN,2,235,-0.029370,0.003117
AMZN,2,236,-0.043955,0.003068
AMZN,2,237,-0.032074,0.003021
AMZN,2,238,-0.043821,0.002974
AMZN,2,239,-0.007727,0.002927
AMZN,2,240,-0.014602,0.002882
AMZN,2,241,-0.035226,0.002837
AMZN,2,242,-0.025558,0.002793
AMZN,2,243,-0.024573,0.002749
AMZN,2,244,-0.034727,0.002706
AMZN,2,245,-0.006384,0.002664
AMZN,2,246,-0.003268,0.002623
AMZN,2,247,-0.013467,0.002582
AMZN,2,248,-0.049180,0.002542
AMZN,2,249,-0.020694,0.002502
AMZN,2,250,0.018894,0.002463
AMZN,2,251,0.072705,0.002425
AMZN,2,252,0.004315,0.002387
AMZN,17,1,0.228665,0.232728
AMZN,17,2,0.104954,0.115938
AMZN,17,3,0.144469,0.140189
AMZN,17,4,0.140305,0.123486
AMZN,17,5,0.141997,0.143629
AMZN,17,6,0.121552,0.118389
AMZN,17,7,0.093636,0.097534
AMZN,17,8,0.098287,0.102152
AMZN,17,9,0.127674,0.122733
AMZN,17,10,0.118014,0.122760
AMZN,17,11,0.092343,0.092607
AMZN,17,12,0.065612,0.076963
AMZN,17,13,0.102923,0.092152
AMZN,17,14,0.096065,0.093456
AMZN,17,15,0.079850,0.082391
AMZN,17,16,0.064156,0.091338
AMZN,17,17,0.114203,0.096727
AMZN,17,18,0.084789,0.080553
AMZN,17,19,0.083898,0.067503
AMZN,17,20,0.070746,0.067338
AMZN,17,21,0.090411,0.075128
AMZN,17,22,0.088276,0.078822
AMZN,17,23,0.071525,0.065802
AMZN,17,24,0.099655,0.060944
AMZN,17,25,0.071680,0.078530
AMZN,17,26,0.081540,0.085898
AMZN,17,27,0.070811,0.081807
AMZN,17,28,0.047743,0.087668
AMZN,17,29,0.096916,0.085877
AMZN,17,30,0.098167,0.072593
AMZN,17,31,0.069927,0.069906
AMZN,17,32,0.090413,0.074679
AMZN,17,33,0.075183,0.081288
AMZN,17,34,0.085150,0.085455
AMZN,17,35,0.079443,0.072503
AMZN,17,36,0.028421,0.059758
AMZN,17,37,0.044772,0.065585
AMZN,17,38,0.072944,0.068357
AMZN,17,39,0.065939,0.067271
AMZN,17,40,0.072337,0.075911
AMZN,17,41,0.026767,0.074946
AMZN,17,42,0.051726,0.063179
AMZN,17,43,0.057248,0.059837
AMZN,17,44,0.037288,0.057942
AMZN,17,45,0.022399,0.056860
AMZN,17,46,0.044157,0.060937
AMZN,17,47,0.034169,0.055565
AMZN,17,48,0.064053,0.050895
AMZN,17,49,0.067783,0.061653
AMZN,17,50,0.037248,0.067194
AMZN,17,51,0.053516,0.065794
AMZN,17,52,0.085338,0.069865
AMZN,17,53,0.080042,0.064258
AMZN,17,54,0.037639,0.053196
AMZN,17,55,0.051356,0.055177
AMZN,17,56,0.075802,0.058454
AMZN,17,57,0.081615,0.060109
AMZN,17,58,0.126804,0.064786
AMZN,17,59,0.092596,0.056962
AMZN,17,60,0.031209,0.045778
AMZN,17,61,0.060237,0.049025
AMZN,17,62,0.069542,0.051203
AMZN,17,63,0.140966,0.051695
AMZN,17,64,0.101663,0.059937
AMZN,17,65,0.072029,0.058094
AMZN,17,66,0.054043,0.048615
AMZN,17,67,0.057825,0.048172
AMZN,17,68,0.075339,0.045328
AMZN,17,69,0.038386,0.041199
AMZN,17,70,0.018019,0.045110
AMZN,17,71,0.030795,0.042247
AMZN,17,72,0.032488,0.038170
AMZN,17,73,0.063082,0.046800
AMZN,17,74,0.028510,0.050803
AMZN,17,75,0.032461,0.049046
AMZN,17,76,0.045854,0.052253
AMZN,17,77,0.040870,0.046259
AMZN,17,78,0.018912,0.036718
AMZN,17,79,-0.000217,0.040208
AMZN,17,80,0.020714,0.042725
AMZN,17,81,0.014952,0.042617
AMZN,17,82,0.004477,0.047439
AMZN,17,83,0.036882,0.041734
AMZN,17,84,0.003746,0.031844
AMZN,17,85,0.007788,0.034540
AMZN,17,86,0.050346,0.036030
AMZN,17,87,0.037243,0.036333
AMZN,17,88,0.029171,0.044360
AMZN,17,89,0.002819,0.043007
AMZN,17,90,0.051084,0.035110
AMZN,17,91,0.041307,0.035817
AMZN,17,92,0.020065,0.032525
AMZN,17,93,0.015444,0.027244
AMZN,17,94,0.004419,0.031036
AMZN,17,95,0.037380,0.029308
AMZN,17,96,0.017920,0.025894
AMZN,17,97,0.025220,0.033797
AMZN,17,98,0.041792,0.036711
AMZN,17,99,0.037528,0.034182
AMZN,17,100,0.025891,0.036951
AMZN,17,101,0.024896,0.031399
AMZN,17,102,-0.016477,0.023035
AMZN,17,103,0.002980,0.027178
AMZN,17,104,0.005023,0.029283
AMZN,17,105,0.034003,0.028428
AMZN,17,106,-0.004076,0.033301
AMZN,17,107,0.004699,0.028727
AMZN,17,108,0.010750,0.019831
AMZN,17,109,0.001352,0.022445
AMZN,17,110,-0.001195,0.023346
AMZN,17,111,0.001573,0.023144
AMZN,17,112,0.003744,0.030998
AMZN,17,113,0.022624,0.030299
AMZN,17,114,0.027039,0.023562
AMZN,17,115,-0.000822,0.024871
AMZN,17,116,0.017877,0.021367
AMZN,17,117,0.030114,0.015589
AMZN,17,118,-0.001241,0.019318
AMZN,17,119,0.026364,0.018262
AMZN,17,120,0.034818,0.015421
AMZN,17,121,0.049800,0.023007
AMZN,17,122,0.038760,0.025154
AMZN,17,123,0.043471,0.021967
AMZN,17,124,0.081316,0.024486
AMZN,17,125,0.075071,0.019487
AMZN,17,126,0.042500,0.012049
AMZN,17,127,0.050673,0.016563
AMZN,17,128,0.043952,0.018429
AMZN,17,129,0.040204,0.017199
AMZN,17,130,0.082397,0.022088
AMZN,17,131,0.067447,0.018231
AMZN,17,132,0.017647,0.010080
AMZN,17,133,0.000959,0.012690
AMZN,17,134,0.043138,0.013119
AMZN,17,135,0.029762,0.012442
AMZN,17,136,0.027694,0.020132
AMZN,17,137,0.001221,0.019984
AMZN,17,138,0.002496,0.014117
AMZN,17,139,0.027633,0.015813
AMZN,17,140,0.025899,0.012220
AMZN,17,141,0.037953,0.006218
AMZN,17,142,0.011827,0.009913
AMZN,17,143,0.017581,0.009318
AMZN,17,144,0.018265,0.006931
AMZN,17,145,0.030988,0.014322
AMZN,17,146,-0.003548,0.015922
AMZN,17,147,-0.004259,0.012253
AMZN,17,148,0.030939,0.014611
AMZN,17,149,0.021340,0.010105
AMZN,17,150,-0.020859,0.003395
AMZN,17,151,0.031446,0.008156
AMZN,17,152,0.009054,0.009879
AMZN,17,153,-0.001269,0.008443
AMZN,17,154,0.014475,0.013328
AMZN,17,155,-0.012510,0.009970
AMZN,17,156,-0.010041,0.002380
AMZN,17,157,0.009730,0.004977
AMZN,17,158,-0.002474,0.005040
AMZN,17,159,-0.006468,0.003985
AMZN,17,160,0.016654,0.011513
AMZN,17,161,0.006927,0.011784
AMZN,17,162,0.026661,0.006578
AMZN,17,163,0.025224,0.008549
AMZN,17,164,0.036024,0.004939
AMZN,17,165,0.007275,-0.001153
AMZN,17,166,0.030126,0.002522
AMZN,17,167,-0.003810,0.002260
AMZN,17,168,0.022089,0.000218
AMZN,17,169,0.012586,0.007454
AMZN,17,170,0.017620,0.008655
AMZN,17,171,-0.006742,0.004652
AMZN,17,172,0.020904,0.006897
AMZN,17,173,0.005636,0.002792
AMZN,17,174,-0.003910,-0.003343
AMZN,17,175,0.001388,0.001589
AMZN,17,176,-0.001918,0.003228
AMZN,17,177,-0.015560,0.001677
AMZN,17,178,-0.003137,0.006544
AMZN,17,179,0.000841,0.003551
AMZN,17,180,0.002051,-0.003613
AMZN,17,181,0.028648,-0.001045
AMZN,17,182,0.043349,-0.001263
AMZN,17,183,0.030662,-0.002605
AMZN,17,184,0.033667,0.004768
AMZN,17,185,0.006783,0.005345
AMZN,17,186,0.005500,0.000649
AMZN,17,187,0.050921,0.002819
AMZN,17,188,0.063546,-0.000765
AMZN,17,189,0.038865,-0.006869
AMZN,17,190,0.017219,-0.003212
AMZN,17,191,0.015761,-0.003229
AMZN,17,192,0.069135,-0.005011
AMZN,17,193,0.057263,0.002079
AMZN,17,194,0.016009,0.002986
AMZN,17,195,-0.020671,-0.001241
AMZN,17,196,0.030493,0.000917
AMZN,17,197,0.013226,-0.002868
AMZN,17,198,0.012950,-0.008546
AMZN,17,199,0.005045,-0.003498
AMZN,17,200,-0.000947,-0.001908
AMZN,17,201,-0.003742,-0.003517
AMZN,17,202,0.010955,0.001322
AMZN,17,203,0.001210,-0.001399
AMZN,17,204,-0.026591,-0.008231
AMZN,17,205,-0.022015,-0.005707
AMZN,17,206,-0.035834,-0.006139
AMZN,17,207,0.000532,-0.007691
AMZN,17,208,-0.012897,-0.000467
AMZN,17,209,-0.027169,0.000331
AMZN,17,210,-0.000586,-0.003970
AMZN,17,211,-0.005651,-0.001652
AMZN,17,212,-0.027366,-0.005184
AMZN,17,213,-0.048540,-0.011253
AMZN,17,214,-0.029724,-0.007615
AMZN,17,215,-0.012509,-0.007455
AMZN,17,216,-0.013515,-0.009044
AMZN,17,217,0.000567,-0.002093
AMZN,17,218,0.017546,-0.001407
AMZN,17,219,-0.014913,-0.005779
AMZN,17,220,-0.008401,-0.003691
AMZN,17,221,-0.025283,-0.007221
AMZN,17,222,-0.025404,-0.012535
AMZN,17,223,-0.049245,-0.007412
AMZN,17,224,-0.019974,-0.005851
AMZN,17,225,-0.049345,-0.007481
AMZN,17,226,-0.034417,-0.002678
AMZN,17,227,-0.050586,-0.005192
AMZN,17,228,-0.044143,-0.011761
AMZN,17,229,-0.021816,-0.009289
AMZN,17,230,-0.060291,-0.009881
AMZN,17,231,-0.039921,-0.011585
AMZN,17,232,-0.032591,-0.004505
AMZN,17,233,-0.013631,-0.003548
AMZN,17,234,-0.019326,-0.007537
AMZN,17,235,-0.029370,-0.005113
AMZN,17,236,-0.043955,-0.008578
AMZN,17,237,-0.032074,-0.014582
AMZN,17,238,-0.043821,-0.010968
AMZN,17,239,-0.007727,-0.010678
AMZN,17,240,-0.014602,-0.012124
AMZN,17,241,-0.035226,-0.005310
AMZN,17,242,-0.025558,-0.004791
AMZN,17,243,-0.024573,-0.009251
AMZN,17,244,-0.034727,-0.007222
AMZN,17,245,-0.006384,-0.010549
AMZN,17,246,-0.003268,-0.015568
AMZN,17,247,-0.013467,-0.010405
AMZN,17,248,-0.049180,-0.008858
AMZN,17,249,-0.020694,-0.010487
AMZN,17,250,0.018894,-0.005727
AMZN,17,251,0.072705,-0.008081
AMZN,17,252,0.004315,-0.014435
APD,2,1,0.203422,0.212686
APD,2,2,0.187614,0.192313
APD,2,3,0.175790,0.174800
APD,2,4,0.118928,0.159734
APD,2,5,0.150430,0.146759
APD,2,6,0.172919,0.135573
APD,2,7,0.094533,0.125916
APD,2,8,0.126551,0.117568
APD,2,9,0.121365,0.110339
APD,2,10,0.122117,0.104067
APD,2,11,0.099310,0.098614
APD,2,12,0.099296,0.093862
APD,2,13,0.099051,0.089710
APD,2,14,0.104873,0.086072
APD,2,15,0.140313,0.082873
APD,2,16,0.111691,0.080052
APD,2,17,0.107312,0.077553
APD,2,18,0.074229,0.075330
APD,2,19,0.118718,0.073345
APD,2,20,0.094080,0.071564
APD,2,21,0.083535,0.069957
APD,2,22,0.077887,0.068501
APD,2,23,0.070362,0.067174
APD,2,24,0.047482,0.065958
APD,2,25,0.073092,0.064838
APD,2,26,0.067635,0.063801
APD,2,27,0.065277,0.062835
APD,2,28,0.069735,0.061931
APD,2,29,0.019912,0.061080
APD,2,30,0.068662,0.060276
APD,2,31,0.042550,0.059513
APD,2,32,0.039469,0.058784
APD,2,33,0.068370,0.058087
APD,2,34,0.062580,0.057416
APD,2,35,0.082416,0.056770
APD,2,36,0.048512,0.056145
APD,2,37,0.042773,0.055538
APD,2,38,0.076766,0.054948
APD,2,39,0.027325,0.054373
APD,2,40,0.042440,0.053812
APD,2,41,0.055675,0.053262
APD,2,42,0.052487,0.052724
APD,2,43,0.047616,0.052195
APD,2,44,0.055684,0.051676
APD,2,45,0.028429,0.051166
APD,2,46,0.058459,0.050663
APD,2,47,0.020843,0.050168
APD,2,48,0.041099,0.049680
APD,2,49,0.069214,0.049199
APD,2,50,0.024943,0.048723
APD,2,51,0.013907,0.048254
APD,2,52,0.008566,0.047790
APD,2,53,0.012585,0.047332
APD,2,54,0.003236,0.046879
APD,2,55,0.013065,0.046431
APD,2,56,0.022606,0.045987
APD,2,57,0.041810,0.045549
APD,2,58,0.013059,0.045115
APD,2,59,0.043168,0.044686
APD,2,60,0.039767,0.044261
APD,2,61,0.076869,0.043840
APD,2,62,0.036353,0.043424
APD,2,63,0.045751,0.043012
APD,2,64,0.028929,0.042604
APD,2,65,0.013215,0.042200
APD,2,66,0.012778,0.041800
APD,2,67,-0.003923,0.041403
APD,2,68,0.015854,0.041011
APD,2,69,0.040051,0.040622
APD,2,70,0.009816,0.040238
APD,2,71,0.001826,0.039856
APD,2,72,0.016955,0.039479
APD,2,73,0.015192,0.039105
APD,2,74,0.006703,0.038735
APD,2,75,0.029155,0.038368
APD,2,76,0.035777,0.038005
APD,2,77,0.020236,0.037645
APD,2,78,0.031822,0.037289
APD,2,79,0.013840,0.036936
APD,2,80,0.041126,0.036586
APD,2,81,0.023198,0.036240
APD,2,82,0.039105,0.035897
APD,2,83,0.051096,0.035557
APD,2,84,0.042825,0.035221
APD,2,85,0.029102,0.034887
APD,2,86,0.030262,0.034557
APD,2,87,0.036727,0.034230
APD,2,88,0.056787,0.033906
APD,2,89,0.017318,0.033585
APD,2,90,0.053995,0.033267
APD,2,91,0.059254,0.032953
APD,2,92,0.031947,0.032641
APD,2,93,0.037362,0.032332
APD,2,94,0.025638,0.032026
APD,2,95,0.011182,0.031723
APD,2,96,0.026094,0.031423
APD,2,97,0.019226,0.031125
APD,2,98,0.051213,0.030831
APD,2,99,0.013753,0.030539
APD,2,100,0.039323,0.030250
APD,2,101,0.015956,0.029964
APD,2,102,0.030661,0.029680
APD,2,103,0.020920,0.029399
APD,2,104,0.026967,0.029121
APD,2,105,0.016734,0.028846
APD,2,106,0.037743,0.028573
APD,2,107,0.032702,0.028302
APD,2,108,0.030797,0.028034
APD,2,109,0.031417,0.027769
APD,2,110,0.019981,0.027506
APD,2,111,0.024107,0.027246
APD,2,112,0.022257,0.026988
APD,2,113,0.026908,0.026733
APD,2,114,0.011356,0.026480
APD,2,115,-0.004950,0.026229
APD,2,116,-0.003367,0.025981
APD,2,117,0.020617,0.025735
APD,2,118,0.018252,0.025492
APD,2,119,0.034796,0.025250
APD,2,120,0.020939,0.025011
APD,2,121,0.012031,0.024775
APD,2,122,0.032644,0.024540
APD,2,123,0.025330,0.024308
APD,2,124,0.072316,0.024078
APD,2,125,0.088574,0.023850
APD,2,126,0.061160,0.023625
APD,2,127,0.041672,0.023401
APD,2,128,0.063599,0.023180
APD,2,129,0.011745,0.022960
APD,2,130,0.040877,0.022743
APD,2,131,0.035449,0.022528
APD,2,132,0.015874,0.022315
APD,2,133,0.027152,0.022103
APD,2,134,0.021849,0.021894
APD,2,135,0.023355,0.021687
APD,2,136,0.025038,0.021482
APD,2,137,0.000734,0.021279
APD,2,138,0.017829,0.021077
APD,2,139,0.021024,0.020878
APD,2,140,0.026320,0.020680
APD,2,141,0.042583,0.020484
APD,2,142,0.020410,0.020291
APD,2,143,0.046258,0.020099
APD,2,144,0.022908,0.019908
APD,2,145,0.012441,0.019720
APD,2,146,0.029611,0.019533
APD,2,147,0.019591,0.019349
APD,2,148,0.032429,0.019165
APD,2,149,0.040919,0.018984
APD,2,150,0.030808,0.018804
APD,2,151,0.038172,0.018627
APD,2,152,0.041443,0.018450
APD,2,153,0.028126,0.018276
APD,2,154,0.010441,0.018103
APD,2,155,0.050546,0.017931
APD,2,156,0.031856,0.017762
APD,2,157,0.031709,0.017594
APD,2,158,0.040310,0.017427
APD,2,159,0.021953,0.017262
APD,2,160,0.031697,0.017099
APD,2,161,0.062093,0.016937
APD,2,162,0.042007,0.016777
APD,2,163,0.036811,0.016618
APD,2,164,0.055514,0.016461
APD,2,165,0.035375,0.016305
APD,2,166,0.033850,0.016151
APD,2,167,0.025410,0.015998
APD,2,168,0.067719,0.015847
APD,2,169,0.049606,0.015697
APD,2,170,0.068215,0.015548
APD,2,171,0.055401,0.015401
APD,2,172,0.016331,0.015255
APD,2,173,0.050270,0.015111
APD,2,174,0.041620,0.014968
APD,2,175,0.000036,0.014826
APD,2,176,0.026312,0.014686
APD,2,177,0.005786,0.014547
APD,2,178,0.023402,0.014409
APD,2,179,0.028137,0.014273
APD,2,180,0.002334,0.014138
APD,2,181,0.038413,0.014004
APD,2,182,0.003769,0.013872
APD,2,183,0.007921,0.013740
APD,2,184,0.018671,0.013610
APD,2,185,0.017728,0.013481
APD,2,186,0.007540,0.013354
APD,2,187,0.030262,0.013228
APD,2,188,0.016922,0.013102
APD,2,189,0.030445,0.012978
APD,2,190,0.021253,0.012856
APD,2,191,0.045496,0.012734
APD,2,192,0.049492,0.012613
APD,2,193,0.001540,0.012494
APD,2,194,-0.002155,0.012376
APD,2,195,0.024264,0.012259
APD,2,196,0.010979,0.012143
APD,2,197,-0.003193,0.012028
APD,2,198,0.014063,0.011914
APD,2,199,0.003671,0.011801
APD,2,200,-0.011412,0.011690
APD,2,201,-0.022015,0.011579
APD,2,202,0.023881,0.011469
APD,2,203,0.003112,0.011361
APD,2,204,0.037447,0.011253
APD,2,205,0.005819,0.011147
APD,2,206,0.019980,0.011041
APD,2,207,0.018790,0.010937
APD,2,208,0.038771,0.010833
APD,2,209,0.003888,0.010731
APD,2,210,0.029369,0.010629
APD,2,211,0.047465,0.010529
APD,2,212,0.024185,0.010429
APD,2,213,0.016772,0.010330
APD,2,214,0.025295,0.010233
APD,2,215,0.026737,0.010136
APD,2,216,0.001826,0.010040
APD,2,217,0.003785,0.009945
APD,2,218,0.012169,0.009851
APD,2,219,0.021265,0.009758
APD,2,220,0.008542,0.009665
APD,2,221,0.012404,0.009574
APD,2,222,0.014717,0.009483
APD,2,223,-0.008804,0.009393
APD,2,224,0.022757,0.009305
APD,2,225,0.009939,0.009217
APD,2,226,0.001266,0.009129
APD,2,227,0.033778,0.009043
APD,2,228,-0.005859,0.008957
APD,2,229,0.019215,0.008873
APD,2,230,0.039400,0.008789
APD,2,231,0.002635,0.008705
APD,2,232,0.009960,0.008623
APD,2,233,0.013683,0.008541
APD,2,234,0.009174,0.008461
APD,2,235,0.008368,0.008381
APD,2,236,-0.015227,0.008301
APD,2,237,0.003409,0.008223
APD,2,238,-0.027849,0.008145
APD,2,239,0.010898,0.008068
APD,2,240,-0.004393,0.007991
APD,2,241,-0.017742,0.007916
APD,2,242,-0.023359,0.007841
APD,2,243,-0.034519,0.007767
APD,2,244,-0.006371,0.007693
APD,2,245,-0.024242,0.007620
APD,2,246,-0.005747,0.007548
APD,2,247,-0.031464,0.007477
APD,2,248,0.010599,0.007406
APD,2,249,0.003936,0.007336
APD,2,250,-0.006672,0.007267
APD,2,251,-0.018327,0.007198
APD,2,252,0.006537,0.007130
APD,17,1,0.203422,0.205729
APD,17,2,0.187614,0.187906
APD,17,3,0.175790,0.179552
APD,17,4,0.118928,0.110894
APD,17,5,0.150430,0.145902
APD,17,6,0.172919,0.157405
APD,17,7,0.094533,0.098042
APD,17,8,0.126551,0.128431
APD,17,9,0.121365,0.135607
APD,17,10,0.122117,0.126685
APD,17,11,0.099310,0.110189
APD,17,12,0.099296,0.107718
APD,17,13,0.099051,0.114786
APD,17,14,0.104873,0.112970
APD,17,15,0.140313,0.118168
APD,17,16,0.111691,0.108461
APD,17,17,0.107312,0.096490
APD,17,18,0.074229,0.097804
APD,17,19,0.118718,0.084613
APD,17,20,0.094080,0.092909
APD,17,21,0.083535,0.085523
APD,17,22,0.077887,0.078132
APD,17,23,0.070362,0.069294
APD,17,24,0.047482,0.058954
APD,17,25,0.073092,0.060033
APD,17,26,0.067635,0.058662
APD,17,27,0.065277,0.056489
APD,17,28,0.069735,0.055912
APD,17,29,0.019912,0.044008
APD,17,30,0.068662,0.049041
APD,17,31,0.042550,0.043634
APD,17,32,0.039469,0.052288
APD,17,33,0.068370,0.052572
APD,17,34,0.062580,0.050866
APD,17,35,0.082416,0.051607
APD,17,36,0.048512,0.047708
APD,17,37,0.042773,0.052351
APD,17,38,0.076766,0.055366
APD,17,39,0.027325,0.053889
APD,17,40,0.042440,0.057555
APD,17,41,0.055675,0.047040
APD,17,42,0.052487,0.052205
APD,17,43,0.047616,0.045525
APD,17,44,0.055684,0.049812
APD,17,45,0.028429,0.047756
APD,17,46,0.058459,0.042948
APD,17,47,0.020843,0.042084
APD,17,48,0.041099,0.035854
APD,17,49,0.069214,0.037168
APD,17,50,0.024943,0.037864
APD,17,51,0.013907,0.034305
APD,17,52,0.008566,0.038470
APD,17,53,0.012585,0.029152
APD,17,54,0.003236,0.035797
APD,17,55,0.013065,0.030777
APD,17,56,0.022606,0.036287
APD,17,57,0.041810,0.036851
APD,17,58,0.013059,0.035100
APD,17,59,0.043168,0.037831
APD,17,60,0.039767,0.034633
APD,17,61,0.076869,0.037750
APD,17,62,0.036353,0.039810
APD,17,63,0.045751,0.037125
APD,17,64,0.028929,0.042340
APD,17,65,0.013215,0.033722
APD,17,66,0.012778,0.040042
APD,17,67,-0.003923,0.033920
APD,17,68,0.015854,0.037439
APD,17,69,0.040051,0.036232
APD,17,70,0.009816,0.032949
APD,17,71,0.001826,0.034327
APD,17,72,0.016955,0.029761
APD,17,73,0.015192,0.031149
APD,17,74,0.006703,0.031754
APD,17,75,0.029155,0.028156
APD,17,76,0.035777,0.033220
APD,17,77,0.020236,0.025170
APD,17,78,0.031822,0.032049
APD,17,79,0.013840,0.026695
APD,17,80,0.041126,0.030934
APD,17,81,0.023198,0.030903
APD,17,82,0.039105,0.029207
APD,17,83,0.051096,0.032206
APD,17,84,0.042825,0.029149
APD,17,85,0.029102,0.031459
APD,17,86,0.030262,0.032716
APD,17,87,0.036727,0.029639
APD,17,88,0.056787,0.035070
APD,17,89,0.017318,0.027365
APD,17,90,0.053995,0.033959
APD,17,91,0.059254,0.028047
APD,17,92,0.031947,0.031294
APD,17,93,0.037362,0.030301
APD,17,94,0.025638,0.027817
APD,17,95,0.011182,0.029995
APD,17,96,0.026094,0.026224
APD,17,97,0.019226,0.027635
APD,17,98,0.051213,0.028147
APD,17,99,0.013753,0.024643
APD,17,100,0.039323,0.029904
APD,17,101,0.015956,0.022502
APD,17,102,0.030661,0.029303
APD,17,103,0.020920,0.023829
APD,17,104,0.026967,0.027464
APD,17,105,0.016734,0.027069
APD,17,106,0.037743,0.025413
APD,17,107,0.032702,0.028352
APD,17,108,0.030797,0.025375
APD,17,109,0.031417,0.027252
APD,17,110,0.019981,0.028122
APD,17,111,0.024107,0.024921
APD,17,112,0.022257,0.030311
APD,17,113,0.026908,0.023113
APD,17,114,0.011356,0.029704
APD,17,115,-0.004950,0.023989
APD,17,116,-0.003367,0.027117
APD,17,117,0.020617,0.026228
APD,17,118,0.018252,0.024179
APD,17,119,0.034796,0.026640
APD,17,120,0.020939,0.023320
APD,17,121,0.012031,0.024721
APD,17,122,0.032644,0.025226
APD,17,123,0.025330,0.021834
APD,17,124,0.072316,0.027089
APD,17,125,0.088574,0.020084
APD,17,126,0.061160,0.026728
APD,17,127,0.041672,0.021286
APD,17,128,0.063599,0.024611
APD,17,129,0.011745,0.024035
APD,17,130,0.040877,0.022432
APD,17,131,0.035449,0.025242
APD,17,132,0.015874,0.022362
APD,17,133,0.027152,0.023991
APD,17,134,0.021849,0.024696
APD,17,135,0.023355,0.021488
APD,17,136,0.025038,0.026769
APD,17,137,0.000734,0.019911
APD,17,138,0.017829,0.026396
APD,17,139,0.021024,0.020875
APD,17,140,0.026320,0.023932
APD,17,141,0.042583,0.023104
APD,17,142,0.020410,0.021318
APD,17,143,0.046258,0.023844
APD,17,144,0.022908,0.020819
APD,17,145,0.012441,0.022188
APD,17,146,0.029611,0.022717
APD,17,147,0.019591,0.019435
APD,17,148,0.032429,0.024609
APD,17,149,0.040919,0.017895
APD,17,150,0.030808,0.024360
APD,17,151,0.038172,0.019022
APD,17,152,0.041443,0.022172
APD,17,153,0.028126,0.021508
APD,17,154,0.010441,0.019974
APD,17,155,0.050546,0.022647
APD,17,156,0.031856,0.019881
APD,17,157,0.031709,0.021352
APD,17,158,0.040310,0.021995
APD,17,159,0.021953,0.018831
APD,17,160,0.031697,0.023982
APD,17,161,0.062093,0.017390
APD,17,162,0.042007,0.023727
APD,17,163,0.036811,0.018389
APD,17,164,0.055514,0.021389
APD,17,165,0.035375,0.020597
APD,17,166,0.033850,0.018991
APD,17,167,0.025410,0.021485
APD,17,168,0.067719,0.018677
APD,17,169,0.049606,0.019997
APD,17,170,0.068215,0.020558
APD,17,171,0.055401,0.017378
APD,17,172,0.016331,0.022439
APD,17,173,0.050270,0.015967
APD,17,174,0.041620,0.022250
APD,17,175,0.000036,0.017046
APD,17,176,0.026312,0.020081
APD,17,177,0.005786,0.019375
APD,17,178,0.023402,0.017920
APD,17,179,0.028137,0.020460
APD,17,180,0.002334,0.017817
APD,17,181,0.038413,0.019174
APD,17,182,0.003769,0.019800
APD,17,183,0.007921,0.016703
APD,17,184,0.018671,0.021719
APD,17,185,0.017728,0.015356
APD,17,186,0.007540,0.021528
APD,17,187,0.030262,0.016364
APD,17,188,0.016922,0.019307
APD,17,189,0.030445,0.018536
APD,17,190,0.021253,0.017065
APD,17,191,0.045496,0.019484
APD,17,192,0.049492,0.016850
APD,17,193,0.001540,0.018113
APD,17,194,-0.002155,0.018702
APD,17,195,0.024264,0.015617
APD,17,196,0.010979,0.020554
APD,17,197,-0.003193,0.014298
APD,17,198,0.014063,0.020400
APD,17,199,0.003671,0.015342
APD,17,200,-0.011412,0.018289
APD,17,201,-0.022015,0.017562
APD,17,202,0.023881,0.016191
APD,17,203,0.003112,0.018605
APD,17,204,0.037447,0.016089
APD,17,205,0.005819,0.017353
APD,17,206,0.019980,0.017982
APD,17,207,0.018790,0.014958
APD,17,208,0.038771,0.019839
APD,17,209,0.003888,0.013685
APD,17,210,0.029369,0.019688
APD,17,211,0.047465,0.014686
APD,17,212,0.024185,0.017571
APD,17,213,0.016772,0.016811
APD,17,214,0.025295,0.015452
APD,17,215,0.026737,0.017777
APD,17,216,0.001826,0.015295
APD,17,217,0.003785,0.016494
APD,17,218,0.012169,0.017108
APD,17,219,0.021265,0.014110
APD,17,220,0.008542,0.018918
APD,17,221,0.012404,0.012864
APD,17,222,0.014717,0.018789
APD,17,223,-0.008804,0.013878
APD,17,224,0.022757,0.016750
APD,17,225,0.009939,0.016013
APD,17,226,0.001266,0.014725
APD,17,227,0.033778,0.017021
APD,17,228,-0.005859,0.014629
APD,17,229,0.019215,0.015812
APD,17,230,0.039400,0.016451
APD,17,231,0.002635,0.013504
APD,17,232,0.009960,0.018251
APD,17,233,0.013683,0.012293
APD,17,234,0.009174,0.018126
APD,17,235,0.008368,0.013279
APD,17,236,-0.015227,0.016105
APD,17,237,0.003409,0.015350
APD,17,238,-0.027849,0.014088
APD,17,239,0.010898,0.016311
APD,17,240,-0.004393,0.013966
APD,17,241,-0.017742,0.015099
APD,17,242,-0.023359,0.015734
APD,17,243,-0.034519,0.012818
APD,17,244,-0.006371,0.017497
APD,17,245,-0.024242,0.011634
APD,17,246,-0.005747,0.017386
APD,17,247,-0.031464,0.012620
APD,17,248,0.010599,0.015424
APD,17,249,0.003936,0.014680
APD,17,250,-0.006672,0.013474
APD,17,251,-0.018327,0.015658
APD,17,252,0.006537,0.013387
BA,2,1,0.392423,0.403283
BA,2,2,0.314947,0.376896
BA,2,3,0.329964,0.353314
BA,2,4,0.310690,0.332225
BA,2,5,0.356934,0.313348
BA,2,6,0.334385,0.296437
BA,2,7,0.270413,0.281273
BA,2,8,0.304853,0.267659
BA,2,9,0.321806,0.255422
BA,2,10,0.262811,0.244410
BA,2,11,0.262996,0.234486
BA,2,12,0.245273,0.225529
BA,2,13,0.234042,0.217431
BA,2,14,0.228895,0.210097
BA,2,15,0.217501,0.203442
BA,2,16,0.187854,0.197392
BA,2,17,0.198427,0.191879
BA,2,18,0.174191,0.186844
BA,2,19,0.144627,0.182235
BA,2,20,0.128961,0.178004
BA,2,21,0.193677,0.174112
BA,2,22,0.153411,0.170520
BA,2,23,0.178224,0.167196
BA,2,24,0.165307,0.164111
BA,2,25,0.125862,0.161240
BA,2,26,0.139742,0.158559
BA,2,27,0.152670,0.156049
BA,2,28,0.132331,0.153690
BA,2,29,0.111963,0.151468
BA,2,30,0.130007,0.149368
BA,2,31,0.129144,0.147377
BA,2,32,0.132414,0.145484
BA,2,33,0.145895,0.143680
BA,2,34,0.136746,0.141954
BA,2,35,0.120728,0.140301
BA,2,36,0.148079,0.138711
BA,2,37,0.161954,0.137180
BA,2,38,0.124275,0.135701
BA,2,39,0.132276,0.134271
BA,2,40,0.144398,0.132884
BA,2,41,0.113383,0.131536
BA,2,42,0.159229,0.130224
BA,2,43,0.135389,0.128945
BA,2,44,0.137026,0.127697
BA,2,45,0.160541,0.126477
BA,2,46,0.170482,0.125282
BA,2,47,0.144796,0.124111
BA,2,48,0.163074,0.122961
BA,2,49,0.175948,0.121833
BA,2,50,0.128997,0.120723
BA,2,51,0.170416,0.119631
BA,2,52,0.129754,0.118556
BA,2,53,0.105914,0.117497
BA,2,54,0.174240,0.116452
BA,2,55,0.147417,0.115422
BA,2,56,0.124653,0.114405
BA,2,57,0.139209,0.113401
BA,2,58,0.144585,0.112409
BA,2,59,0.134816,0.111429
BA,2,60,0.122310,0.110459
BA,2,61,0.134207,0.109501
BA,2,62,0.116911,0.108553
BA,2,63,0.166873,0.107615
BA,2,64,0.090482,0.106687
BA,2,65,0.084850,0.105769
BA,2,66,0.102053,0.104859
BA,2,67,0.088634,0.103959
BA,2,68,0.096736,0.103067
BA,2,69,0.067246,0.102184
BA,2,70,0.079115,0.101309
BA,2,71,0.102560,0.100442
BA,2,72,0.100061,0.099584
BA,2,73,0.077190,0.098733
BA,2,74,0.064916,0.097890
BA,2,75,0.064177,0.097055
BA,2,76,0.071268,0.096227
BA,2,77,0.073889,0.095407
BA,2,78,0.073245,0.094594
BA,2,79,0.080334,0.093788
BA,2,80,0.054656,0.092990
BA,2,81,0.038363,0.092198
BA,2,82,0.058897,0.091413
BA,2,83,0.053516,0.090635
BA,2,84,0.067522,0.089864
BA,2,85,0.049203,0.089100
BA,2,86,0.067812,0.088342
BA,2,87,0.083919,0.087591
BA,2,88,0.060709,0.086846
BA,2,89,0.056944,0.086108
BA,2,90,0.039568,0.085376
BA,2,91,0.066734,0.084650
BA,2,92,0.076514,0.083931
BA,2,93,0.062151,0.083217
BA,2,94,0.071107,0.082510
BA,2,95,0.068022,0.081809
BA,2,96,0.076910,0.081114
BA,2,97,0.081136,0.080425
BA,2,98,0.094536,0.079741
BA,2,99,0.058926,0.079064
BA,2,100,0.077097,0.078392
BA,2,101,0.073372,0.077726
BA,2,102,0.092376,0.077066
BA,2,103,0.062756,0.076411
BA,2,104,0.038435,0.075762
BA,2,105,0.065640,0.075118
BA,2,106,0.064820,0.074480
BA,2,107,0.076362,0.073848
BA,2,108,0.071311,0.073220
BA,2,109,0.086640,0.072598
BA,2,110,0.084710,0.071982
BA,2,111,0.060662,0.071370
BA,2,112,0.051619,0.070764
BA,2,113,0.062076,0.070163
BA,2,114,0.068007,0.069567
BA,2,115,0.081173,0.068976
BA,2,116,0.076618,0.068390
BA,2,117,0.039935,0.067809
BA,2,118,0.039562,0.067233
BA,2,119,0.061940,0.066662
BA,2,120,0.054845,0.066096
BA,2,121,0.032297,0.065535
BA,2,122,0.062477,0.064978
BA,2,123,0.047813,0.064426
BA,2,124,0.055169,0.063879
BA,2,125,0.067407,0.063336
BA,2,126,0.058275,0.062799
BA,2,127,0.042187,0.062265
BA,2,128,0.047901,0.061736
BA,2,129,0.067907,0.061212
BA,2,130,0.050817,0.060692
BA,2,131,0.025603,0.060177
BA,2,132,0.018520,0.059665
BA,2,133,0.061406,0.059159
BA,2,134,0.065468,0.058656
BA,2,135,0.061055,0.058158
BA,2,136,0.066426,0.057664
BA,2,137,0.036715,0.057174
BA,2,138,0.055693,0.056689
BA,2,139,0.046176,0.056207
BA,2,140,0.043786,0.055730
BA,2,141,0.059563,0.055256
BA,2,142,0.046957,0.054787
BA,2,143,0.054560,0.054322
BA,2,144,0.042219,0.053860
BA,2,145,0.016152,0.053403
BA,2,146,0.050354,0.052949
BA,2,147,0.071413,0.052500
BA,2,148,0.038169,0.052054
BA,2,149,0.051137,0.051612
BA,2,150,0.064207,0.051173
BA,2,151,0.061191,0.050739
BA,2,152,0.048888,0.050308
BA,2,153,0.034998,0.049880
BA,2,154,0.061345,0.049457
BA,2,155,0.066482,0.049037
BA,2,156,0.072021,0.048620
BA,2,157,0.057020,0.048207
BA,2,158,0.077353,0.047798
BA,2,159,0.087568,0.047392
BA,2,160,0.085770,0.046989
BA,2,161,0.075593,0.046590
BA,2,162,0.078707,0.046194
BA,2,163,0.050513,0.045802
BA,2,164,0.085094,0.045413
BA,2,165,0.086099,0.045027
BA,2,166,0.065716,0.044645
BA,2,167,0.066964,0.044266
BA,2,168,0.092452,0.043890
BA,2,169,0.082128,0.043517
BA,2,170,0.088471,0.043147
BA,2,171,0.067260,0.042781
BA,2,172,0.050148,0.042418
BA,2,173,0.069512,0.042057
BA,2,174,0.056785,0.041700
BA,2,175,0.041931,0.041346
BA,2,176,0.066805,0.040995
BA,2,177,0.077616,0.040647
BA,2,178,0.047988,0.040301
BA,2,179,0.041464,0.039959
BA,2,180,0.030946,0.039620
BA,2,181,0.044169,0.039283
BA,2,182,0.044656,0.038950
BA,2,183,0.026892,0.038619
BA,2,184,0.027211,0.038291
BA,2,185,0.052242,0.037965
BA,2,186,0.027786,0.037643
BA,2,187,0.044330,0.037323
BA,2,188,0.053380,0.037006
BA,2,189,0.026219,0.036692
BA,2,190,0.016481,0.036380
BA,2,191,0.015443,0.036071
BA,2,192,0.041789,0.035765
BA,2,193,0.040964,0.035461
BA,2,194,0.031388,0.035160
BA,2,195,0.030423,0.034861
BA,2,196,0.047763,0.034565
BA,2,197,0.038327,0.034272
BA,2,198,0.034822,0.033981
BA,2,199,0.020993,0.033692
BA,2,200,0.026992,0.033406
BA,2,201,0.043107,0.033122
BA,2,202,0.042521,0.032841
BA,2,203,0.046059,0.032562
BA,2,204,0.047486,0.032285
BA,2,205,0.047388,0.032011
BA,2,206,0.028672,0.031739
BA,2,207,0.037704,0.031470
BA,2,208,0.006870,0.031202
BA,2,209,0.036354,0.030937
BA,2,210,0.041338,0.030675
BA,2,211,0.028897,0.030414
BA,2,212,0.023522,0.030156
BA,2,213,0.022730,0.029900
BA,2,214,0.034369,0.029646
BA,2,215,0.027765,0.029394
BA,2,216,0.013428,0.029144
BA,2,217,0.036000,0.028897
BA,2,218,0.051124,0.028651
BA,2,219,0.021601,0.028408
BA,2,220,-0.002845,0.028167
BA,2,221,0.032155,0.027927
BA,2,222,0.036220,0.027690
BA,2,223,0.017317,0.027455
BA,2,224,0.017406,0.027222
BA,2,225,0.022247,0.026991
BA,2,226,0.004035,0.026761
BA,2,227,0.006837,0.026534
BA,2,228,0.015298,0.026309
BA,2,229,0.009258,0.026085
BA,2,230,0.016704,0.025864
BA,2,231,0.021000,0.025644
BA,2,232,0.020965,0.025426
BA,2,233,0.017281,0.025210
BA,2,234,0.041178,0.024996
BA,2,235,0.032819,0.024784
BA,2,236,0.033053,0.024573
BA,2,237,0.025790,0.024365
BA,2,238,0.032449,0.024158
BA,2,239,0.040722,0.023953
BA,2,240,0.043699,0.023749
BA,2,241,0.022929,0.023547
BA,2,242,0.059921,0.023347
BA,2,243,0.050871,0.023149
BA,2,244,0.037128,0.022952
BA,2,245,0.054768,0.022757
BA,2,246,0.026015,0.022564
BA,2,247,0.027728,0.022373
BA,2,248,0.059519,0.022183
BA,2,249,0.022557,0.021994
BA,2,250,0.051167,0.021807
BA,2,251,0.051065,0.021622
BA,2,252,0.018899,0.021438
BA,17,1,0.392423,0.392586
BA,17,2,0.314947,0.317305
BA,17,3,0.329964,0.325293
BA,17,4,0.310690,0.315960
BA,17,5,0.356934,0.352842
BA,17,6,0.334385,0.329029
BA,17,7,0.270413,0.282118
BA,17,8,0.304853,0.285133
BA,17,9,0.321806,0.330377
BA,17,10,0.262811,0.272428
BA,17,11,0.262996,0.253914
BA,17,12,0.245273,0.256952
BA,17,13,0.234042,0.237948
BA,17,14,0.228895,0.216906
BA,17,15,0.217501,0.228160
BA,17,16,0.187854,0.189682
BA,17,17,0.198427,0.182269
BA,17,18,0.174191,0.170221
BA,17,19,0.144627,0.141878
BA,17,20,0.128961,0.146000
BA,17,21,0.193677,0.182910
BA,17,22,0.153411,0.164821
BA,17,23,0.178224,0.169274
BA,17,24,0.165307,0.177154
BA,17,25,0.125862,0.156012
BA,17,26,0.139742,0.145776
BA,17,27,0.152670,0.160134
BA,17,28,0.132331,0.141262
BA,17,29,0.111963,0.147729
BA,17,30,0.130007,0.158545
BA,17,31,0.129144,0.143380
BA,17,32,0.132414,0.141982
BA,17,33,0.145895,0.156491
BA,17,34,0.136746,0.137147
BA,17,35,0.120728,0.139014
BA,17,36,0.148079,0.151349
BA,17,37,0.161954,0.140904
BA,17,38,0.124275,0.141145
BA,17,39,0.132276,0.151301
BA,17,40,0.144398,0.130958
BA,17,41,0.113383,0.125320
BA,17,42,0.159229,0.128907
BA,17,43,0.135389,0.114975
BA,17,44,0.137026,0.118520
BA,17,45,0.160541,0.135188
BA,17,46,0.170482,0.127615
BA,17,47,0.144796,0.130113
BA,17,48,0.163074,0.136883
BA,17,49,0.175948,0.120828
BA,17,50,0.128997,0.116111
BA,17,51,0.170416,0.121539
BA,17,52,0.129754,0.109926
BA,17,53,0.105914,0.111099
BA,17,54,0.174240,0.120387
BA,17,55,0.147417,0.110254
BA,17,56,0.124653,0.110078
BA,17,57,0.139209,0.116020
BA,17,58,0.144585,0.105869
BA,17,59,0.134816,0.106144
BA,17,60,0.122310,0.115297
BA,17,61,0.134207,0.107617
BA,17,62,0.116911,0.108947
BA,17,63,0.166873,0.113301
BA,17,64,0.090482,0.101628
BA,17,65,0.084850,0.096737
BA,17,66,0.102053,0.100296
BA,17,67,0.088634,0.090949
BA,17,68,0.096736,0.093976
BA,17,69,0.067246,0.102662
BA,17,70,0.079115,0.099151
BA,17,71,0.102560,0.099785
BA,17,72,0.100061,0.104853
BA,17,73,0.077190,0.094033
BA,17,74,0.064916,0.091803
BA,17,75,0.064177,0.093741
BA,17,76,0.071268,0.087264
BA,17,77,0.073889,0.086914
BA,17,78,0.073245,0.093349
BA,17,79,0.080334,0.086398
BA,17,80,0.054656,0.086973
BA,17,81,0.038363,0.089598
BA,17,82,0.058897,0.084208
BA,17,83,0.053516,0.083625
BA,17,84,0.067522,0.089886
BA,17,85,0.049203,0.084446
BA,17,86,0.067812,0.085783
BA,17,87,0.083919,0.087422
BA,17,88,0.060709,0.080799
BA,17,89,0.056944,0.076938
BA,17,90,0.039568,0.079617
BA,17,91,0.066734,0.073254
BA,17,92,0.076514,0.075692
BA,17,93,0.062151,0.080270
BA,17,94,0.071107,0.078807
BA,17,95,0.068022,0.078559
BA,17,96,0.076910,0.082160
BA,17,97,0.081136,0.074890
BA,17,98,0.094536,0.073945
BA,17,99,0.058926,0.074295
BA,17,100,0.077097,0.070791
BA,17,101,0.073372,0.069859
BA,17,102,0.092376,0.074217
BA,17,103,0.062756,0.069398
BA,17,104,0.038435,0.070250
BA,17,105,0.065640,0.071225
BA,17,106,0.064820,0.068501
BA,17,107,0.076362,0.067577
BA,17,108,0.071311,0.071850
BA,17,109,0.086640,0.067961
BA,17,110,0.084710,0.069174
BA,17,111,0.060662,0.069463
BA,17,112,0.051619,0.065818
BA,17,113,0.062076,0.062804
BA,17,114,0.068007,0.064811
BA,17,115,0.081173,0.060396
BA,17,116,0.076618,0.062352
BA,17,117,0.039935,0.064606
BA,17,118,0.039562,0.064239
BA,17,119,0.061940,0.063569
BA,17,120,0.054845,0.066173
BA,17,121,0.032297,0.061193
BA,17,122,0.062477,0.060979
BA,17,123,0.047813,0.060554
BA,17,124,0.055169,0.058802
BA,17,125,0.067407,0.057651
BA,17,126,0.058275,0.060681
BA,17,127,0.042187,0.057243
BA,17,128,0.047901,0.058195
BA,17,129,0.067907,0.058274
BA,17,130,0.050817,0.057086
BA,17,131,0.025603,0.056030
BA,17,132,0.018520,0.059036
BA,17,133,0.061406,0.056164
BA,17,134,0.065468,0.057273
BA,17,135,0.061055,0.056866
BA,17,136,0.066426,0.055011
BA,17,137,0.036715,0.052615
BA,17,138,0.055693,0.054194
BA,17,139,0.046176,0.051021
BA,17,140,0.043786,0.052638
BA,17,141,0.059563,0.053536
BA,17,142,0.046957,0.053771
BA,17,143,0.054560,0.052893
BA,17,144,0.042219,0.054866
BA,17,145,0.016152,0.051338
BA,17,146,0.050354,0.051564
BA,17,147,0.071413,0.050756
BA,17,148,0.038169,0.050059
BA,17,149,0.051137,0.048841
BA,17,150,0.064207,0.051054
BA,17,151,0.061191,0.048494
BA,17,152,0.048888,0.049481
BA,17,153,0.034998,0.049059
BA,17,154,0.061345,0.048767
BA,17,155,0.066482,0.047667
BA,17,156,0.072021,0.049886
BA,17,157,0.057020,0.047669
BA,17,158,0.077353,0.048711
BA,17,159,0.087568,0.047945
BA,17,160,0.085770,0.047177
BA,17,161,0.075593,0.045215
BA,17,162,0.078707,0.046536
BA,17,163,0.050513,0.044149
BA,17,164,0.085094,0.045537
BA,17,165,0.086099,0.045639
BA,17,166,0.065716,0.046207
BA,17,167,0.066964,0.045228
BA,17,168,0.092452,0.046809
BA,17,169,0.082128,0.044199
BA,17,170,0.088471,0.044696
BA,17,171,0.067260,0.043708
BA,17,172,0.050148,0.043650
BA,17,173,0.069512,0.042433
BA,17,174,0.056785,0.044146
BA,17,175,0.041931,0.042146
BA,17,176,0.066805,0.043139
BA,17,177,0.077616,0.042440
BA,17,178,0.047988,0.042670
BA,17,179,0.041464,0.041565
BA,17,180,0.030946,0.043296
BA,17,181,0.044169,0.041504
BA,17,182,0.044656,0.042503
BA,17,183,0.026892,0.041562
BA,17,184,0.027211,0.041456
BA,17,185,0.052242,0.039796
BA,17,186,0.027786,0.040961
BA,17,187,0.044330,0.039075
BA,17,188,0.053380,0.040310
BA,17,189,0.026219,0.039945
BA,17,190,0.016481,0.040694
BA,17,191,0.015443,0.039673
BA,17,192,0.041789,0.041010
BA,17,193,0.040964,0.038983
BA,17,194,0.031388,0.039645
BA,17,195,0.030423,0.038586
BA,17,196,0.047763,0.038913
BA,17,197,0.038327,0.037726
BA,17,198,0.034822,0.039134
BA,17,199,0.020993,0.037493
BA,17,200,0.026992,0.038479
BA,17,201,0.043107,0.037632
BA,17,202,0.042521,0.038162
BA,17,203,0.046059,0.037071
BA,17,204,0.047486,0.038499
BA,17,205,0.047388,0.036984
BA,17,206,0.028672,0.037955
BA,17,207,0.037704,0.036939
BA,17,208,0.006870,0.037234
BA,17,209,0.036354,0.035786
BA,17,210,0.041338,0.036855
BA,17,211,0.028897,0.035290
BA,17,212,0.023522,0.036421
BA,17,213,0.022730,0.035789
BA,17,214,0.034369,0.036631
BA,17,215,0.027765,0.035600
BA,17,216,0.013428,0.036782
BA,17,217,0.036000,0.035130
BA,17,218,0.051124,0.035890
BA,17,219,0.021601,0.034815
BA,17,220,-0.002845,0.035373
BA,17,221,0.032155,0.034229
BA,17,222,0.036220,0.035446
BA,17,223,0.017317,0.034039
BA,17,224,0.017406,0.035010
BA,17,225,0.022247,0.034089
BA,17,226,0.004035,0.034789
BA,17,227,0.006837,0.033722
BA,17,228,0.015298,0.034957
BA,17,229,0.009258,0.033628
BA,17,230,0.016704,0.034577
BA,17,231,0.021000,0.033540
BA,17,232,0.020965,0.034074
BA,17,233,0.017281,0.032779
BA,17,234,0.041178,0.033785
BA,17,235,0.032819,0.032432
BA,17,236,0.033053,0.033487
BA,17,237,0.025790,0.032707
BA,17,238,0.032449,0.033592
BA,17,239,0.040722,0.032569
BA,17,240,0.043699,0.033648
BA,17,241,0.022929,0.032242
BA,17,242,0.059921,0.033058
BA,17,243,0.050871,0.031995
BA,17,244,0.037128,0.032688
BA,17,245,0.054768,0.031589
BA,17,246,0.026015,0.032684
BA,17,247,0.027728,0.031435
BA,17,248,0.059519,0.032387
BA,17,249,0.022557,0.031436
BA,17,250,0.051167,0.032226
BA,17,251,0.051065,0.031188
BA,17,252,0.018899,0.032296
BAC,2,1,0.233982,0.212891
BAC,2,2,0.177454,0.205359
BAC,2,3,0.195527,0.198108
BAC,2,4,0.165502,0.191125
BAC,2,5,0.160348,0.184401
BAC,2,6,0.188393,0.177928
BAC,2,7,0.204116,0.171694
BAC,2,8,0.144668,0.165692
BAC,2,9,0.133328,0.159913
BAC,2,10,0.164468,0.154348
BAC,2,11,0.179707,0.148989
BAC,2,12,0.128579,0.143830
BAC,2,13,0.154688,0.138862
BAC,2,14,0.150961,0.134078
BAC,2,15,0.113776,0.129471
BAC,2,16,0.118343,0.125035
BAC,2,17,0.165152,0.120764
BAC,2,18,0.141684,0.116651
BAC,2,19,0.094820,0.112690
BAC,2,20,0.147927,0.108876
BAC,2,21,0.097906,0.105204
BAC,2,22,0.078457,0.101667
BAC,2,23,0.122245,0.098262
BAC,2,24,0.077245,0.094982
BAC,2,25,0.070764,0.091824
BAC,2,26,0.083510,0.088783
BAC,2,27,0.063165,0.085854
BAC,2,28,0.109802,0.083033
BAC,2,29,0.109951,0.080317
BAC,2,30,0.073782,0.077702
BAC,2,31,0.076402,0.075183
BAC,2,32,0.042114,0.072757
BAC,2,33,0.074053,0.070420
BAC,2,34,0.078320,0.068170
BAC,2,35,0.081646,0.066003
BAC,2,36,0.085811,0.063916
BAC,2,37,0.059993,0.061906
BAC,2,38,0.054465,0.059970
BAC,2,39,0.039476,0.058106
BAC,2,40,0.040537,0.056310
BAC,2,41,0.068211,0.054580
BAC,2,42,0.059304,0.052914
BAC,2,43,0.068719,0.051310
BAC,2,44,0.055222,0.049764
BAC,2,45,0.074761,0.048275
BAC,2,46,0.047689,0.046841
BAC,2,47,0.042724,0.045460
BAC,2,48,0.038805,0.044129
BAC,2,49,0.076232,0.042847
BAC,2,50,0.035162,0.041613
BAC,2,51,0.052941,0.040423
BAC,2,52,0.020068,0.039277
BAC,2,53,0.014638,0.038173
BAC,2,54,0.030460,0.037110
BAC,2,55,0.052032,0.036085
BAC,2,56,0.044121,0.035098
BAC,2,57,0.017931,0.034147
BAC,2,58,0.015635,0.033231
BAC,2,59,0.018795,0.032348
BAC,2,60,-0.016447,0.031497
BAC,2,61,0.045285,0.030677
BAC,2,62,0.043599,0.029888
BAC,2,63,0.054390,0.029126
BAC,2,64,0.031758,0.028393
BAC,2,65,0.051392,0.027686
BAC,2,66,0.036749,0.027005
BAC,2,67,0.001627,0.026348
BAC,2,68,-0.026089,0.025715
BAC,2,69,0.003273,0.025105
BAC,2,70,0.011442,0.024518
BAC,2,71,0.007965,0.023951
BAC,2,72,0.031521,0.023405
BAC,2,73,0.001349,0.022878
BAC,2,74,-0.007039,0.022370
BAC,2,75,0.010250,0.021881
BAC,2,76,0.014481,0.021409
BAC,2,77,-0.004960,0.020954
BAC,2,78,0.014657,0.020516
BAC,2,79,0.001896,0.020093
BAC,2,80,-0.023342,0.019685
BAC,2,81,0.000682,0.019291
BAC,2,82,0.011500,0.018912
BAC,2,83,0.003162,0.018546
BAC,2,84,0.027222,0.018193
BAC,2,85,0.010166,0.017852
BAC,2,86,0.004122,0.017524
BAC,2,87,-0.001577,0.017207
BAC,2,88,0.000461,0.016901
BAC,2,89,-0.012162,0.016606
BAC,2,90,0.004792,0.016322
BAC,2,91,0.014716,0.016047
BAC,2,92,0.029290,0.015782
BAC,2,93,0.017017,0.015526
BAC,2,94,0.003649,0.015279
BAC,2,95,0.018228,0.015040
BAC,2,96,0.046832,0.014810
BAC,2,97,0.034798,0.014588
BAC,2,98,0.020720,0.014373
BAC,2,99,0.036906,0.014166
BAC,2,100,0.008497,0.013965
BAC,2,101,0.009904,0.013772
BAC,2,102,0.037245,0.013585
BAC,2,103,-0.000825,0.013405
BAC,2,104,-0.003253,0.013230
BAC,2,105,0.037261,0.013062
BAC,2,106,0.032101,0.012899
BAC,2,107,0.028706,0.012741
BAC,2,108,0.021520,0.012589
BAC,2,109,0.063576,0.012441
BAC,2,110,0.025972,0.012299
BAC,2,111,-0.002252,0.012161
BAC,2,112,0.033188,0.012028
BAC,2,113,0.023453,0.011899
BAC,2,114,0.017554,0.011775
BAC,2,115,0.025998,0.011654
BAC,2,116,0.009003,0.011537
BAC,2,117,0.018718,0.011424
BAC,2,118,0.003085,0.011315
BAC,2,119,0.024422,0.011209
BAC,2,120,0.024854,0.011106
BAC,2,121,0.015721,0.011006
BAC,2,122,0.032115,0.010910
BAC,2,123,-0.017346,0.010817
BAC,2,124,0.003571,0.010726
BAC,2,125,0.026032,0.010638
BAC,2,126,0.023376,0.010553
BAC,2,127,0.017190,0.010471
BAC,2,128,0.009536,0.010390
BAC,2,129,-0.014983,0.010313
BAC,2,130,-0.024971,0.010237
BAC,2,131,0.001796,0.010164
BAC,2,132,0.017134,0.010093
BAC,2,133,0.036098,0.010024
BAC,2,134,-0.020193,0.009957
BAC,2,135,0.017348,0.009892
BAC,2,136,0.035171,0.009828
BAC,2,137,0.012856,0.009767
BAC,2,138,0.013071,0.009707
BAC,2,139,0.017958,0.009649
BAC,2,140,0.001124,0.009592
BAC,2,141,0.023765,0.009537
BAC,2,142,0.016446,0.009483
BAC,2,143,0.013360,0.009431
BAC,2,144,0.013520,0.009380
BAC,2,145,0.035069,0.009330
BAC,2,146,0.035539,0.009282
BAC,2,147,0.013913,0.009235
BAC,2,148,0.043360,0.009189
BAC,2,149,0.009572,0.009144
BAC,2,150,0.018852,0.009100
BAC,2,151,0.052164,0.009057
BAC,2,152,0.031397,0.009016
BAC,2,153,0.030137,0.008975
BAC,2,154,0.034093,0.008935
BAC,2,155,0.047711,0.008896
BAC,2,156,0.037933,0.008858
BAC,2,157,0.040778,0.008821
BAC,2,158,0.019892,0.008785
BAC,2,159,0.032515,0.008749
BAC,2,160,0.026963,0.008715
BAC,2,161,0.078591,0.008681
BAC,2,162,0.051741,0.008647
BAC,2,163,0.034953,0.008614
BAC,2,164,0.013443,0.008582
BAC,2,165,0.008019,0.008551
BAC,2,166,0.039504,0.008520
BAC,2,167,0.014597,0.008490
BAC,2,168,0.060436,0.008460
BAC,2,169,0.008354,0.008431
BAC,2,170,0.023866,0.008403
BAC,2,171,0.023199,0.008375
BAC,2,172,-0.004623,0.008347
BAC,2,173,0.026214,0.008320
BAC,2,174,0.011232,0.008293
BAC,2,175,0.023211,0.008267
BAC,2,176,0.007938,0.008241
BAC,2,177,0.029770,0.008216
BAC,2,178,-0.025674,0.008191
BAC,2,179,-0.000031,0.008166
BAC,2,180,-0.007850,0.008142
BAC,2,181,0.015856,0.008118
BAC,2,182,0.010053,0.008094
BAC,2,183,0.000150,0.008071
BAC,2,184,0.008129,0.008048
BAC,2,185,-0.007483,0.008026
BAC,2,186,-0.009420,0.008003
BAC,2,187,0.008919,0.007981
BAC,2,188,0.018716,0.007960
BAC,2,189,0.000892,0.007938
BAC,2,190,0.011370,0.007917
BAC,2,191,0.002225,0.007896
BAC,2,192,-0.004042,0.007875
BAC,2,193,0.001088,0.007855
BAC,2,194,-0.003005,0.007835
BAC,2,195,-0.000361,0.007815
BAC,2,196,-0.001822,0.007795
BAC,2,197,0.017242,0.007775
BAC,2,198,0.007025,0.007756
BAC,2,199,0.014780,0.007737
BAC,2,200,0.009695,0.007718
BAC,2,201,-0.009647,0.007699
BAC,2,202,0.001196,0.007680
BAC,2,203,-0.003556,0.007662
BAC,2,204,0.034662,0.007644
BAC,2,205,0.025143,0.007625
BAC,2,206,0.027566,0.007607
BAC,2,207,0.032991,0.007590
BAC,2,208,0.020146,0.007572
BAC,2,209,-0.004771,0.007554
BAC,2,210,0.011597,0.007537
BAC,2,211,0.055744,0.007520
BAC,2,212,0.018989,0.007502
BAC,2,213,-0.002767,0.007485
BAC,2,214,0.006552,0.007469
BAC,2,215,-0.011721,0.007452
BAC,2,216,0.017391,0.007435
BAC,2,217,0.020427,0.007418
BAC,2,218,-0.001875,0.007402
BAC,2,219,0.020807,0.007386
BAC,2,220,-0.012167,0.007369
BAC,2,221,0.001909,0.007353
BAC,2,222,-0.003519,0.007337
BAC,2,223,-0.004975,0.007321
BAC,2,224,0.023572,0.007305
BAC,2,225,-0.013458,0.007290
BAC,2,226,-0.013864,0.007274
BAC,2,227,-0.022580,0.007258
BAC,2,228,-0.044610,0.007243
BAC,2,229,-0.030284,0.007227
BAC,2,230,-0.016510,0.007212
BAC,2,231,-0.027166,0.007197
BAC,2,232,-0.037847,0.007181
BAC,2,233,0.008369,0.007166
BAC,2,234,-0.023199,0.007151
BAC,2,235,-0.008343,0.007136
BAC,2,236,-0.009952,0.007121
BAC,2,237,0.008818,0.007106
BAC,2,238,-0.015392,0.007092
BAC,2,239,-0.014203,0.007077
BAC,2,240,-0.007550,0.007062
BAC,2,241,-0.020149,0.007048
BAC,2,242,-0.005512,0.007033
BAC,2,243,-0.037744,0.007018
BAC,2,244,-0.032553,0.007004
BAC,2,245,-0.037193,0.006990
BAC,2,246,-0.013514,0.006975
BAC,2,247,-0.018271,0.006961
BAC,2,248,-0.011208,0.006947
BAC,2,249,-0.032898,0.006933
BAC,2,250,-0.010536,0.006918
BAC,2,251,-0.010195,0.006904
BAC,2,252,-0.000254,0.006890
BAC,17,1,0.233982,0.235597
BAC,17,2,0.177454,0.182877
BAC,17,3,0.195527,0.195338
BAC,17,4,0.165502,0.155152
BAC,17,5,0.160348,0.158219
BAC,17,6,0.188393,0.181163
BAC,17,7,0.204116,0.195087
BAC,17,8,0.144668,0.164209
BAC,17,9,0.133328,0.141541
BAC,17,10,0.164468,0.155002
BAC,17,11,0.179707,0.188002
BAC,17,12,0.128579,0.130174
BAC,17,13,0.154688,0.150248
BAC,17,14,0.150961,0.154138
BAC,17,15,0.113776,0.124611
BAC,17,16,0.118343,0.129385
BAC,17,17,0.165152,0.132064
BAC,17,18,0.141684,0.121127
BAC,17,19,0.094820,0.127255
BAC,17,20,0.147927,0.116236
BAC,17,21,0.097906,0.100514
BAC,17,22,0.078457,0.099123
BAC,17,23,0.122245,0.114155
BAC,17,24,0.077245,0.091592
BAC,17,25,0.070764,0.100582
BAC,17,26,0.083510,0.093093
BAC,17,27,0.063165,0.078047
BAC,17,28,0.109802,0.078719
BAC,17,29,0.109951,0.085507
BAC,17,30,0.073782,0.075752
BAC,17,31,0.076402,0.080629
BAC,17,32,0.042114,0.071882
BAC,17,33,0.074053,0.063302
BAC,17,34,0.078320,0.061218
BAC,17,35,0.081646,0.072114
BAC,17,36,0.085811,0.062563
BAC,17,37,0.059993,0.068611
BAC,17,38,0.054465,0.060732
BAC,17,39,0.039476,0.053788
BAC,17,40,0.040537,0.052756
BAC,17,41,0.068211,0.060900
BAC,17,42,0.059304,0.055234
BAC,17,43,0.068719,0.058935
BAC,17,44,0.055222,0.049996
BAC,17,45,0.074761,0.044463
BAC,17,46,0.047689,0.041049
BAC,17,47,0.042724,0.048862
BAC,17,48,0.038805,0.042997
BAC,17,49,0.076232,0.045739
BAC,17,50,0.035162,0.036297
BAC,17,51,0.052941,0.031348
BAC,17,52,0.020068,0.028246
BAC,17,53,0.014638,0.035501
BAC,17,54,0.030460,0.032094
BAC,17,55,0.052032,0.035074
BAC,17,56,0.044121,0.026878
BAC,17,57,0.017931,0.024307
BAC,17,58,0.015635,0.022220
BAC,17,59,0.018795,0.030935
BAC,17,60,-0.016447,0.029519
BAC,17,61,0.045285,0.033384
BAC,17,62,0.043599,0.026150
BAC,17,63,0.054390,0.024599
BAC,17,64,0.031758,0.022820
BAC,17,65,0.051392,0.030976
BAC,17,66,0.036749,0.029908
BAC,17,67,0.001627,0.032605
BAC,17,68,-0.026089,0.024443
BAC,17,69,0.003273,0.022108
BAC,17,70,0.011442,0.018950
BAC,17,71,0.007965,0.025704
BAC,17,72,0.031521,0.023913
BAC,17,73,0.001349,0.025415
BAC,17,74,-0.007039,0.016649
BAC,17,75,0.010250,0.014114
BAC,17,76,0.014481,0.010974
BAC,17,77,-0.004960,0.017787
BAC,17,78,0.014657,0.017081
BAC,17,79,0.001896,0.019301
BAC,17,80,-0.023342,0.011854
BAC,17,81,0.000682,0.010833
BAC,17,82,0.011500,0.009156
BAC,17,83,0.003162,0.017234
BAC,17,84,0.027222,0.018128
BAC,17,85,0.010166,0.021291
BAC,17,86,0.004122,0.014818
BAC,17,87,-0.001577,0.014386
BAC,17,88,0.000461,0.012956
BAC,17,89,-0.012162,0.020657
BAC,17,90,0.004792,0.021264
BAC,17,91,0.014716,0.023412
BAC,17,92,0.029290,0.015972
BAC,17,93,0.017017,0.014304
BAC,17,94,0.003649,0.011596
BAC,17,95,0.018228,0.017814
BAC,17,96,0.046832,0.017386
BAC,17,97,0.034798,0.018361
BAC,17,98,0.020720,0.010280
BAC,17,99,0.036906,0.008155
BAC,17,100,0.008497,0.005432
BAC,17,101,0.009904,0.011757
BAC,17,102,0.037245,0.012098
BAC,17,103,-0.000825,0.013849
BAC,17,104,-0.003253,0.007044
BAC,17,105,0.037261,0.006211
BAC,17,106,0.032101,0.004964
BAC,17,107,0.028706,0.012527
BAC,17,108,0.021520,0.014272
BAC,17,109,0.063576,0.016982
BAC,17,110,0.025972,0.011113
BAC,17,111,-0.002252,0.010733
BAC,17,112,0.033188,0.009714
BAC,17,113,0.023453,0.016924
BAC,17,114,0.017554,0.018228
BAC,17,115,0.025998,0.019966
BAC,17,116,0.009003,0.013114
BAC,17,117,0.018718,0.011414
BAC,17,118,0.003085,0.009131
BAC,17,119,0.024422,0.014876
BAC,17,120,0.024854,0.015053
BAC,17,121,0.015721,0.015650
BAC,17,122,0.032115,0.008141
BAC,17,123,-0.017346,0.005926
BAC,17,124,0.003571,0.003611
BAC,17,125,0.026032,0.009472
BAC,17,126,0.023376,0.010318
BAC,17,127,0.017190,0.011698
BAC,17,128,0.009536,0.005422
BAC,17,129,-0.014983,0.004434
BAC,17,130,-0.024971,0.003560
BAC,17,131,0.001796,0.010646
BAC,17,132,0.017134,0.012811
BAC,17,133,0.036098,0.015149
BAC,17,134,-0.020193,0.009774
BAC,17,135,0.017348,0.009203
BAC,17,136,0.035171,0.008538
BAC,17,137,0.012856,0.015287
BAC,17,138,0.013071,0.016967
BAC,17,139,0.017958,0.018363
BAC,17,140,0.001124,0.012002
BAC,17,141,0.023765,0.010116
BAC,17,142,0.016446,0.008193
BAC,17,143,0.013360,0.013510
BAC,17,144,0.013520,0.014043
BAC,17,145,0.035069,0.014329
BAC,17,146,0.035539,0.007303
BAC,17,147,0.013913,0.004902
BAC,17,148,0.043360,0.002934
BAC,17,149,0.009572,0.008374
BAC,17,150,0.018852,0.009534
BAC,17,151,0.052164,0.010601
BAC,17,152,0.031397,0.004772
BAC,17,153,0.030137,0.003573
BAC,17,154,0.034093,0.003008
BAC,17,155,0.047711,0.009662
BAC,17,156,0.037933,0.012093
BAC,17,157,0.040778,0.014113
BAC,17,158,0.019892,0.009154
BAC,17,159,0.032515,0.008366
BAC,17,160,0.026963,0.007995
BAC,17,161,0.078591,0.014326
BAC,17,162,0.051741,0.016259
BAC,17,163,0.034953,0.017364
BAC,17,164,0.013443,0.011422
BAC,17,165,0.008019,0.009345
BAC,17,166,0.039504,0.007724
BAC,17,167,0.014597,0.012658
BAC,17,168,0.060436,0.013444
BAC,17,169,0.008354,0.013469
BAC,17,170,0.023866,0.006861
BAC,17,171,0.023199,0.004281
BAC,17,172,-0.004623,0.002605
BAC,17,173,0.026214,0.007670
BAC,17,174,0.011232,0.009056
BAC,17,175,0.023211,0.009858
BAC,17,176,0.007938,0.004415
BAC,17,177,0.029770,0.003022
BAC,17,178,-0.025674,0.002714
BAC,17,179,-0.000031,0.008982
BAC,17,180,-0.007850,0.011604
BAC,17,181,0.015856,0.013353
BAC,17,182,0.010053,0.008754
BAC,17,183,0.000150,0.007772
BAC,17,184,0.008129,0.007643
BAC,17,185,-0.007483,0.013604
BAC,17,186,-0.009420,0.015723
BAC,17,187,0.008919,0.016582
BAC,17,188,0.018716,0.011006
BAC,17,189,0.000892,0.008764
BAC,17,190,0.011370,0.007397
BAC,17,191,0.002225,0.011993
BAC,17,192,-0.004042,0.012974
BAC,17,193,0.001088,0.012780
BAC,17,194,-0.003005,0.006539
BAC,17,195,-0.000361,0.003810
BAC,17,196,-0.001822,0.002379
BAC,17,197,0.017242,0.007113
BAC,17,198,0.007025,0.008673
BAC,17,199,0.014780,0.009253
BAC,17,200,0.009695,0.004147
BAC,17,201,-0.009647,0.002593
BAC,17,202,0.001196,0.002498
BAC,17,203,-0.003556,0.008422
BAC,17,204,0.034662,0.011187
BAC,17,205,0.025143,0.012706
BAC,17,206,0.027566,0.008420
BAC,17,207,0.032991,0.007278
BAC,17,208,0.020146,0.007350
BAC,17,209,-0.004771,0.012981
BAC,17,210,0.011597,0.015243
BAC,17,211,0.055744,0.015895
BAC,17,212,0.018989,0.010640
BAC,17,213,-0.002767,0.008266
BAC,17,214,0.006552,0.007113
BAC,17,215,-0.011721,0.011411
BAC,17,216,0.017391,0.012546
BAC,17,217,0.020427,0.012171
BAC,17,218,-0.001875,0.006254
BAC,17,219,0.020807,0.003409
BAC,17,220,-0.012167,0.002185
BAC,17,221,0.001909,0.006626
BAC,17,222,-0.003519,0.008322
BAC,17,223,-0.004975,0.008715
BAC,17,224,0.023572,0.003906
BAC,17,225,-0.013458,0.002223
BAC,17,226,-0.013864,0.002304
BAC,17,227,-0.022580,0.007923
BAC,17,228,-0.044610,0.010796
BAC,17,229,-0.030284,0.012119
BAC,17,230,-0.016510,0.008109
BAC,17,231,-0.027166,0.006837
BAC,17,232,-0.037847,0.007076
BAC,17,233,0.008369,0.012414
BAC,17,234,-0.023199,0.014784
BAC,17,235,-0.008343,0.015263
BAC,17,236,-0.009952,0.010293
BAC,17,237,0.008818,0.007817
BAC,17,238,-0.015392,0.006844
BAC,17,239,-0.014203,0.010879
BAC,17,240,-0.007550,0.012135
BAC,17,241,-0.020149,0.011610
BAC,17,242,-0.005512,0.005983
BAC,17,243,-0.037744,0.003051
BAC,17,244,-0.032553,0.002001
BAC,17,245,-0.037193,0.006183
BAC,17,246,-0.013514,0.007984
BAC,17,247,-0.018271,0.008221
BAC,17,248,-0.011208,0.003675
BAC,17,249,-0.032898,0.001892
BAC,17,250,-0.010536,0.002119
BAC,17,251,-0.010195,0.007465
BAC,17,252,-0.000254,0.010416
CAT,2,1,0.152045,0.153343
CAT,2,2,0.113760,0.116380
CAT,2,3,0.136828,0.127056
CAT,2,4,0.135093,0.118022
CAT,2,5,0.101665,0.117314
CAT,2,6,0.094467,0.113256
CAT,2,7,0.111414,0.110706
CAT,2,8,0.114862,0.107640
CAT,2,9,0.106032,0.104896
CAT,2,10,0.115994,0.102123
CAT,2,11,0.074758,0.099465
CAT,2,12,0.085888,0.096859
CAT,2,13,0.090045,0.094328
CAT,2,14,0.097471,0.091861
CAT,2,15,0.097302,0.089459
CAT,2,16,0.091937,0.087119
CAT,2,17,0.086459,0.084841
CAT,2,18,0.107369,0.082623
CAT,2,19,0.070483,0.080462
CAT,2,20,0.105229,0.078358
CAT,2,21,0.104301,0.076309
CAT,2,22,0.069777,0.074313
CAT,2,23,0.077138,0.072370
CAT,2,24,0.049940,0.070478
CAT,2,25,0.073361,0.068635
CAT,2,26,0.062125,0.066840
CAT,2,27,0.077311,0.065092
CAT,2,28,0.058827,0.063390
CAT,2,29,0.062987,0.061732
CAT,2,30,0.078012,0.060118
CAT,2,31,0.027245,0.058546
CAT,2,32,0.047398,0.057015
CAT,2,33,0.044145,0.055524
CAT,2,34,0.060461,0.054072
CAT,2,35,0.072609,0.052658
CAT,2,36,0.039811,0.051281
CAT,2,37,0.048692,0.049940
CAT,2,38,0.070421,0.048634
CAT,2,39,0.063971,0.047362
CAT,2,40,0.032928,0.046124
CAT,2,41,0.037715,0.044917
CAT,2,42,0.066943,0.043743
CAT,2,43,0.063974,0.042599
CAT,2,44,0.019626,0.041485
CAT,2,45,0.043564,0.040400
CAT,2,46,0.040832,0.039344
CAT,2,47,0.005849,0.038315
CAT,2,48,0.018151,0.037313
CAT,2,49,0.019214,0.036337
CAT,2,50,0.015582,0.035387
CAT,2,51,0.033462,0.034462
CAT,2,52,0.004468,0.033560
CAT,2,53,0.019293,0.032683
CAT,2,54,0.015902,0.031828
CAT,2,55,0.052333,0.030996
CAT,2,56,0.032477,0.030185
CAT,2,57,0.011425,0.029396
CAT,2,58,0.014552,0.028627
CAT,2,59,0.030317,0.027879
CAT,2,60,-0.003109,0.027150
CAT,2,61,0.034485,0.026440
CAT,2,62,0.032940,0.025748
CAT,2,63,0.049696,0.025075
CAT,2,64,0.080863,0.024419
CAT,2,65,0.018772,0.023781
CAT,2,66,0.019113,0.023159
CAT,2,67,-0.005882,0.022553
CAT,2,68,-0.014428,0.021963
CAT,2,69,-0.008408,0.021389
CAT,2,70,0.000230,0.020830
CAT,2,71,0.018213,0.020285
CAT,2,72,0.016921,0.019755
CAT,2,73,0.012906,0.019238
CAT,2,74,0.030715,0.018735
CAT,2,75,0.026135,0.018245
CAT,2,76,0.003172,0.017768
CAT,2,77,0.006844,0.017303
CAT,2,78,0.041117,0.016851
CAT,2,79,0.010104,0.016410
CAT,2,80,-0.004600,0.015981
CAT,2,81,0.020155,0.015563
CAT,2,82,0.024652,0.015156
CAT,2,83,-0.002291,0.014760
CAT,2,84,0.001244,0.014374
CAT,2,85,0.029845,0.013998
CAT,2,86,0.016221,0.013632
CAT,2,87,0.009188,0.013275
CAT,2,88,0.021046,0.012928
CAT,2,89,0.012172,0.012590
CAT,2,90,0.007988,0.012261
CAT,2,91,0.040127,0.011940
CAT,2,92,0.034185,0.011628
CAT,2,93,0.010322,0.011324
CAT,2,94,0.008749,0.011028
CAT,2,95,0.044036,0.010739
CAT,2,96,0.036651,0.010459
CAT,2,97,0.029290,0.010185
CAT,2,98,0.030921,0.009919
CAT,2,99,0.003893,0.009659
CAT,2,100,-0.002861,0.009407
CAT,2,101,0.042562,0.009161
CAT,2,102,0.027790,0.008921
CAT,2,103,0.004739,0.008688
CAT,2,104,0.016716,0.008461
CAT,2,105,-0.012022,0.008240
CAT,2,106,0.021077,0.008024
CAT,2,107,0.014726,0.007814
CAT,2,108,-0.003057,0.007610
CAT,2,109,0.014849,0.007411
CAT,2,110,-0.009988,0.007217
CAT,2,111,0.007344,0.007028
CAT,2,112,0.038049,0.006845
CAT,2,113,0.024633,0.006666
CAT,2,114,-0.005369,0.006491
CAT,2,115,-0.010984,0.006322
CAT,2,116,-0.019648,0.006156
CAT,2,117,0.023064,0.005995
CAT,2,118,0.012483,0.005838
CAT,2,119,-0.001664,0.005686
CAT,2,120,-0.011816,0.005537
CAT,2,121,-0.009069,0.005392
CAT,2,122,-0.020350,0.005251
CAT,2,123,-0.024495,0.005114
CAT,2,124,0.012484,0.004980
CAT,2,125,0.037261,0.004850
CAT,2,126,0.008508,0.004723
CAT,2,127,0.020961,0.004600
CAT,2,128,0.023715,0.004479
CAT,2,129,0.016552,0.004362
CAT,2,130,0.001202,0.004248
CAT,2,131,0.008294,0.004137
CAT,2,132,-0.014420,0.004029
CAT,2,133,0.007912,0.003924
CAT,2,134,-0.001927,0.003821
CAT,2,135,0.022920,0.003721
CAT,2,136,-0.006952,0.003624
CAT,2,137,0.010509,0.003529
CAT,2,138,-0.000406,0.003437
CAT,2,139,-0.013066,0.003347
CAT,2,140,-0.010021,0.003259
CAT,2,141,0.017896,0.003174
CAT,2,142,-0.009332,0.003091
CAT,2,143,-0.019156,0.003010
CAT,2,144,-0.018441,0.002931
CAT,2,145,0.030685,0.002855
CAT,2,146,-0.030127,0.002780
CAT,2,147,0.001862,0.002707
CAT,2,148,-0.003672,0.002637
CAT,2,149,-0.005073,0.002568
CAT,2,150,0.015286,0.002501
CAT,2,151,0.049802,0.002435
CAT,2,152,0.024085,0.002372
CAT,2,153,0.032407,0.002309
CAT,2,154,0.004433,0.002249
CAT,2,155,0.040736,0.002190
CAT,2,156,0.017156,0.002133
CAT,2,157,-0.004454,0.002077
CAT,2,158,-0.013405,0.002023
CAT,2,159,0.020844,0.001970
CAT,2,160,0.012326,0.001918
CAT,2,161,0.027801,0.001868
CAT,2,162,0.018909,0.001819
CAT,2,163,0.017493,0.001772
CAT,2,164,-0.016609,0.001726
CAT,2,165,0.029455,0.001680
CAT,2,166,0.010066,0.001636
CAT,2,167,-0.008544,0.001594
CAT,2,168,0.040223,0.001552
CAT,2,169,0.000448,0.001511
CAT,2,170,0.005670,0.001472
CAT,2,171,0.026497,0.001433
CAT,2,172,-0.001962,0.001396
CAT,2,173,0.031194,0.001359
CAT,2,174,0.022231,0.001324
CAT,2,175,0.003517,0.001289
CAT,2,176,0.016863,0.001256
CAT,2,177,0.008429,0.001223
CAT,2,178,0.010229,0.001191
CAT,2,179,-0.011894,0.001160
CAT,2,180,-0.014767,0.001129
CAT,2,181,0.003666,0.001100
CAT,2,182,0.007251,0.001071
CAT,2,183,-0.002330,0.001043
CAT,2,184,-0.004655,0.001016
CAT,2,185,-0.028192,0.000989
CAT,2,186,0.019503,0.000963
CAT,2,187,0.008371,0.000938
CAT,2,188,0.033198,0.000914
CAT,2,189,0.059404,0.000890
CAT,2,190,0.008362,0.000866
CAT,2,191,0.005378,0.000844
CAT,2,192,-0.000138,0.000822
CAT,2,193,0.021417,0.000800
CAT,2,194,0.029342,0.000779
CAT,2,195,-0.016793,0.000759
CAT,2,196,0.008170,0.000739
CAT,2,197,0.002006,0.000720
CAT,2,198,0.008794,0.000701
CAT,2,199,-0.016861,0.000683
CAT,2,200,0.008705,0.000665
CAT,2,201,-0.022987,0.000647
CAT,2,202,0.001413,0.000630
CAT,2,203,-0.003270,0.000614
CAT,2,204,0.002406,0.000598
CAT,2,205,-0.019637,0.000582
CAT,2,206,-0.003905,0.000567
CAT,2,207,0.000108,0.000552
CAT,2,208,0.005786,0.000538
CAT,2,209,-0.011368,0.000524
CAT,2,210,0.022832,0.000510
CAT,2,211,-0.002056,0.000497
CAT,2,212,-0.017082,0.000484
CAT,2,213,0.039397,0.000471
CAT,2,214,0.007149,0.000459
CAT,2,215,-0.017157,0.000447
CAT,2,216,0.023426,0.000435
CAT,2,217,-0.012420,0.000424
CAT,2,218,-0.051928,0.000413
CAT,2,219,0.008568,0.000402
CAT,2,220,-0.023799,0.000391
CAT,2,221,-0.024036,0.000381
CAT,2,222,-0.030107,0.000371
CAT,2,223,0.004045,0.000361
CAT,2,224,-0.030422,0.000352
CAT,2,225,-0.012205,0.000343
CAT,2,226,-0.000968,0.000334
CAT,2,227,0.008613,0.000325
CAT,2,228,-0.015628,0.000317
CAT,2,229,-0.014443,0.000308
CAT,2,230,0.020126,0.000300
CAT,2,231,-0.013279,0.000292
CAT,2,232,-0.034476,0.000285
CAT,2,233,0.001764,0.000277
CAT,2,234,-0.018725,0.000270
CAT,2,235,-0.016915,0.000263
CAT,2,236,-0.025753,0.000256
CAT,2,237,0.030539,0.000249
CAT,2,238,-0.019226,0.000243
CAT,2,239,-0.010891,0.000236
CAT,2,240,0.009987,0.000230
CAT,2,241,-0.022793,0.000224
CAT,2,242,0.007754,0.000218
CAT,2,243,-0.015513,0.000213
CAT,2,244,0.001057,0.000207
CAT,2,245,0.004230,0.000202
CAT,2,246,-0.036115,0.000196
CAT,2,247,-0.032366,0.000191
CAT,2,248,-0.029924,0.000186
CAT,2,249,-0.033507,0.000181
CAT,2,250,-0.013161,0.000177
CAT,2,251,0.015122,0.000172
CAT,2,252,0.025424,0.000168
CAT,17,1,0.152045,0.152907
CAT,17,2,0.113760,0.118992
CAT,17,3,0.136828,0.142426
CAT,17,4,0.135093,0.124830
CAT,17,5,0.101665,0.099274
CAT,17,6,0.094467,0.112423
CAT,17,7,0.111414,0.093178
CAT,17,8,0.114862,0.113124
CAT,17,9,0.106032,0.112554
CAT,17,10,0.115994,0.109190
CAT,17,11,0.074758,0.088455
CAT,17,12,0.085888,0.079911
CAT,17,13,0.090045,0.093245
CAT,17,14,0.097471,0.103766
CAT,17,15,0.097302,0.108355
CAT,17,16,0.091937,0.100963
CAT,17,17,0.086459,0.088357
CAT,17,18,0.107369,0.099023
CAT,17,19,0.070483,0.079808
CAT,17,20,0.105229,0.084003
CAT,17,21,0.104301,0.081974
CAT,17,22,0.069777,0.075338
CAT,17,23,0.077138,0.062130
CAT,17,24,0.049940,0.051502
CAT,17,25,0.073361,0.060615
CAT,17,26,0.062125,0.061272
CAT,17,27,0.077311,0.065701
CAT,17,28,0.058827,0.058296
CAT,17,29,0.062987,0.054423
CAT,17,30,0.078012,0.064492
CAT,17,31,0.027245,0.050910
CAT,17,32,0.047398,0.051885
CAT,17,33,0.044145,0.055220
CAT,17,34,0.060461,0.051692
CAT,17,35,0.072609,0.047448
CAT,17,36,0.039811,0.040622
CAT,17,37,0.048692,0.051387
CAT,17,38,0.070421,0.050309
CAT,17,39,0.063971,0.056728
CAT,17,40,0.032928,0.049510
CAT,17,41,0.037715,0.049316
CAT,17,42,0.066943,0.056439
CAT,17,43,0.063974,0.044174
CAT,17,44,0.019626,0.040117
CAT,17,45,0.043564,0.042797
CAT,17,46,0.040832,0.036488
CAT,17,47,0.005849,0.032892
CAT,17,48,0.018151,0.024700
CAT,17,49,0.019214,0.033000
CAT,17,50,0.015582,0.029031
CAT,17,51,0.033462,0.035286
CAT,17,52,0.004468,0.027722
CAT,17,53,0.019293,0.030003
CAT,17,54,0.015902,0.036524
CAT,17,55,0.052333,0.028011
CAT,17,56,0.032477,0.024190
CAT,17,57,0.011425,0.029981
CAT,17,58,0.014552,0.025389
CAT,17,59,0.030317,0.025375
CAT,17,60,-0.003109,0.019683
CAT,17,61,0.034485,0.028725
CAT,17,62,0.032940,0.025165
CAT,17,63,0.049696,0.032402
CAT,17,64,0.080863,0.024963
CAT,17,65,0.018772,0.028057
CAT,17,66,0.019113,0.032733
CAT,17,67,-0.005882,0.025099
CAT,17,68,-0.014428,0.019296
CAT,17,69,-0.008408,0.024464
CAT,17,70,0.000230,0.018204
CAT,17,71,0.018213,0.017672
CAT,17,72,0.016921,0.011388
CAT,17,73,0.012906,0.018597
CAT,17,74,0.030715,0.013982
CAT,17,75,0.026135,0.020890
CAT,17,76,0.003172,0.013351
CAT,17,77,0.006844,0.017195
CAT,17,78,0.041117,0.021498
CAT,17,79,0.010104,0.016162
CAT,17,80,-0.004600,0.011061
CAT,17,81,0.020155,0.017917
CAT,17,82,0.024652,0.012775
CAT,17,83,-0.002291,0.013966
CAT,17,84,0.001244,0.009422
CAT,17,85,0.029845,0.016776
CAT,17,86,0.016221,0.012757
CAT,17,87,0.009188,0.020076
CAT,17,88,0.021046,0.012737
CAT,17,89,0.012172,0.016647
CAT,17,90,0.007988,0.019822
CAT,17,91,0.040127,0.015030
CAT,17,92,0.034185,0.009034
CAT,17,93,0.010322,0.015346
CAT,17,94,0.008749,0.009260
CAT,17,95,0.044036,0.009904
CAT,17,96,0.036651,0.005180
CAT,17,97,0.029290,0.011162
CAT,17,98,0.030921,0.006680
CAT,17,99,0.003893,0.013655
CAT,17,100,-0.002861,0.006368
CAT,17,101,0.042562,0.010470
CAT,17,102,0.027790,0.013405
CAT,17,103,0.004739,0.010030
CAT,17,104,0.016716,0.004652
CAT,17,105,-0.012022,0.011860
CAT,17,106,0.021077,0.006514
CAT,17,107,0.014726,0.008085
CAT,17,108,-0.003057,0.004566
CAT,17,109,0.014849,0.010428
CAT,17,110,-0.009988,0.006403
CAT,17,111,0.007344,0.013521
CAT,17,112,0.038049,0.006451
CAT,17,113,0.024633,0.010418
CAT,17,114,-0.005369,0.012646
CAT,17,115,-0.010984,0.009629
CAT,17,116,-0.019648,0.003836
CAT,17,117,0.023064,0.010608
CAT,17,118,0.012483,0.004736
CAT,17,119,-0.001664,0.005908
CAT,17,120,-0.011816,0.002401
CAT,17,121,-0.009069,0.007257
CAT,17,122,-0.020350,0.003004
CAT,17,123,-0.024495,0.009832
CAT,17,124,0.012484,0.002874
CAT,17,125,0.037261,0.006831
CAT,17,126,0.008508,0.008891
CAT,17,127,0.020961,0.006768
CAT,17,128,0.023715,0.001446
CAT,17,129,0.016552,0.008679
CAT,17,130,0.001202,0.003295
CAT,17,131,0.008294,0.004996
CAT,17,132,-0.014420,0.002320
CAT,17,133,0.007912,0.006964
CAT,17,134,-0.001927,0.003022
CAT,17,135,0.022920,0.009873
CAT,17,136,-0.006952,0.003118
CAT,17,137,0.010509,0.006895
CAT,17,138,-0.000406,0.008503
CAT,17,139,-0.013066,0.006629
CAT,17,140,-0.010021,0.001133
CAT,17,141,0.017896,0.008027
CAT,17,142,-0.009332,0.002357
CAT,17,143,-0.019156,0.003796
CAT,17,144,-0.018441,0.001209
CAT,17,145,0.030685,0.005124
CAT,17,146,-0.030127,0.001066
CAT,17,147,0.001862,0.007688
CAT,17,148,-0.003672,0.001065
CAT,17,149,-0.005073,0.004756
CAT,17,150,0.015286,0.006242
CAT,17,151,0.049802,0.004942
CAT,17,152,0.024085,-0.000201
CAT,17,153,0.032407,0.006909
CAT,17,154,0.004433,0.001567
CAT,17,155,0.040736,0.003314
CAT,17,156,0.017156,0.001306
CAT,17,157,-0.004454,0.004991
CAT,17,158,-0.013405,0.001141
CAT,17,159,0.020844,0.007733
CAT,17,160,0.012326,0.001291
CAT,17,161,0.027801,0.004804
CAT,17,162,0.018909,0.005997
CAT,17,163,0.017493,0.004876
CAT,17,164,-0.016609,-0.000312
CAT,17,165,0.029455,0.006534
CAT,17,166,0.010066,0.001044
CAT,17,167,-0.008544,0.002623
CAT,17,168,0.040223,0.000731
CAT,17,169,0.000448,0.003887
CAT,17,170,0.005670,-0.000016
CAT,17,171,0.026497,0.006397
CAT,17,172,-0.001962,0.000089
CAT,17,173,0.031194,0.003489
CAT,17,174,0.022231,0.004593
CAT,17,175,0.003517,0.003845
CAT,17,176,0.016863,-0.001072
CAT,17,177,0.008429,0.005850
CAT,17,178,0.010229,0.000586
CAT,17,179,-0.011894,0.002347
CAT,17,180,-0.014767,0.000861
CAT,17,181,0.003666,0.003803
CAT,17,182,0.007251,0.000042
CAT,17,183,-0.002330,0.006401
CAT,17,184,-0.004655,0.000254
CAT,17,185,-0.028192,0.003490
CAT,17,186,0.019503,0.004406
CAT,17,187,0.008371,0.003787
CAT,17,188,0.033198,-0.001107
CAT,17,189,0.059404,0.005603
CAT,17,190,0.008362,0.000276
CAT,17,191,0.005378,0.001928
CAT,17,192,-0.000138,0.000561
CAT,17,193,0.021417,0.003116
CAT,17,194,0.029342,-0.000663
CAT,17,195,-0.016793,0.005554
CAT,17,196,0.008170,-0.000463
CAT,17,197,0.002006,0.002655
CAT,17,198,0.008794,0.003509
CAT,17,199,-0.016861,0.003131
CAT,17,200,0.008705,-0.001549
CAT,17,201,-0.022987,0.005159
CAT,17,202,0.001413,-0.000005
CAT,17,203,-0.003270,0.001750
CAT,17,204,0.002406,0.000675
CAT,17,205,-0.019637,0.003041
CAT,17,206,-0.003905,-0.000636
CAT,17,207,0.000108,0.005517
CAT,17,208,0.005786,-0.000356
CAT,17,209,-0.011368,0.002617
CAT,17,210,0.022832,0.003350
CAT,17,211,-0.002056,0.003062
CAT,17,212,-0.017082,-0.001557
CAT,17,213,0.039397,0.004975
CAT,17,214,0.007149,-0.000202
CAT,17,215,-0.017157,0.001480
CAT,17,216,0.023426,0.000517
CAT,17,217,-0.012420,0.002594
CAT,17,218,-0.051928,-0.001076
CAT,17,219,0.008568,0.004959
CAT,17,220,-0.023799,-0.000790
CAT,17,221,-0.024036,0.002068
CAT,17,222,-0.030107,0.002760
CAT,17,223,0.004045,0.002628
CAT,17,224,-0.030422,-0.001817
CAT,17,225,-0.012205,0.004668
CAT,17,226,-0.000968,-0.000383
CAT,17,227,0.008613,0.001352
CAT,17,228,-0.015628,0.000603
CAT,17,229,-0.014443,0.002518
CAT,17,230,0.020126,-0.001073
CAT,17,231,-0.013279,0.004893
CAT,17,232,-0.034476,-0.000726
CAT,17,233,0.001764,0.002004
CAT,17,234,-0.018725,0.002622
CAT,17,235,-0.016915,0.002550
CAT,17,236,-0.025753,-0.001816
CAT,17,237,0.030539,0.004517
CAT,17,238,-0.019226,-0.000515
CAT,17,239,-0.010891,0.001166
CAT,17,240,0.009987,0.000518
CAT,17,241,-0.022793,0.002215
CAT,17,242,0.007754,-0.001354
CAT,17,243,-0.015513,0.004510
CAT,17,244,0.001057,-0.000993
CAT,17,245,0.004230,0.001630
CAT,17,246,-0.036115,0.002224
CAT,17,247,-0.032366,0.002250
CAT,17,248,-0.029924,-0.001971
CAT,17,249,-0.033507,0.004292
CAT,17,250,-0.013161,-0.000638
CAT,17,251,0.015122,0.001066
CAT,17,252,0.025424,0.000578
COP,2,1,0.225384,0.262322
COP,2,2,0.226478,0.248663
COP,2,3,0.230262,0.236120
COP,2,4,0.207911,0.224591
COP,2,5,0.191819,0.213987
COP,2,6,0.192231,0.204224
COP,2,7,0.244222,0.195228
COP,2,8,0.226063,0.186929
COP,2,9,0.200492,0.179267
COP,2,10,0.227118,0.172183
COP,2,11,0.217750,0.165627
COP,2,12,0.151320,0.159553
COP,2,13,0.104827,0.153918
COP,2,14,0.153319,0.148682
COP,2,15,0.135401,0.143812
COP,2,16,0.122120,0.139276
COP,2,17,0.141020,0.135043
COP,2,18,0.170936,0.131088
COP,2,19,0.128165,0.127388
COP,2,20,0.107218,0.123919
COP,2,21,0.135801,0.120663
COP,2,22,0.123496,0.117601
COP,2,23,0.114730,0.114716
COP,2,24,0.113268,0.111995
COP,2,25,0.117967,0.109423
COP,2,26,0.122075,0.106987
COP,2,27,0.115177,0.104678
COP,2,28,0.145007,0.102484
COP,2,29,0.131601,0.100396
COP,2,30,0.101037,0.098406
COP,2,31,0.136431,0.096505
COP,2,32,0.115048,0.094688
COP,2,33,0.093405,0.092947
COP,2,34,0.063615,0.091276
COP,2,35,0.116582,0.089671
COP,2,36,0.105039,0.088127
COP,2,37,0.064942,0.086638
COP,2,38,0.124147,0.085201
COP,2,39,0.085966,0.083813
COP,2,40,0.081566,0.082470
COP,2,41,0.057945,0.081169
COP,2,42,0.080396,0.079907
COP,2,43,0.069135,0.078681
COP,2,44,0.055196,0.077490
COP,2,45,0.064747,0.076331
COP,2,46,0.084178,0.075201
COP,2,47,0.057286,0.074101
COP,2,48,0.058609,0.073027
COP,2,49,0.073953,0.071978
COP,2,50,0.050269,0.070953
COP,2,51,0.051180,0.069951
COP,2,52,0.041719,0.068970
COP,2,53,0.052428,0.068010
COP,2,54,0.049688,0.067069
COP,2,55,0.075542,0.066147
COP,2,56,0.044871,0.065242
COP,2,57,0.080516,0.064354
COP,2,58,0.037148,0.063483
COP,2,59,0.043252,0.062626
COP,2,60,0.037146,0.061785
COP,2,61,0.041829,0.060959
COP,2,62,0.050474,0.060146
COP,2,63,0.050667,0.059347
COP,2,64,0.040320,0.058560
COP,2,65,0.053680,0.057786
COP,2,66,0.071534,0.057025
COP,2,67,0.052753,0.056275
COP,2,68,0.041320,0.055536
COP,2,69,0.021614,0.054809
COP,2,70,0.009965,0.054093
COP,2,71,0.021074,0.053387
COP,2,72,0.046320,0.052691
COP,2,73,0.034898,0.052005
COP,2,74,0.041942,0.051330
COP,2,75,0.048448,0.050664
COP,2,76,0.060449,0.050007
COP,2,77,0.029590,0.049359
COP,2,78,0.044474,0.048721
COP,2,79,0.036919,0.048091
COP,2,80,0.016173,0.047470
COP,2,81,0.016690,0.046857
COP,2,82,0.036119,0.046253
COP,2,83,0.034009,0.045657
COP,2,84,0.011037,0.045069
COP,2,85,0.048629,0.044489
COP,2,86,0.038467,0.043916
COP,2,87,0.003103,0.043352
COP,2,88,0.018634,0.042794
COP,2,89,0.026328,0.042244
COP,2,90,-0.000823,0.041702
COP,2,91,0.022678,0.041166
COP,2,92,0.017181,0.040638
COP,2,93,0.050876,0.040116
COP,2,94,0.029162,0.039602
COP,2,95,0.028507,0.039094
COP,2,96,0.021006,0.038592
COP,2,97,0.042188,0.038097
COP,2,98,0.044761,0.037609
COP,2,99,0.016501,0.037127
COP,2,100,0.042420,0.036651
COP,2,101,0.053175,0.036181
COP,2,102,0.035079,0.035718
COP,2,103,0.025201,0.035260
COP,2,104,0.018796,0.034809
COP,2,105,0.050742,0.034363
COP,2,106,0.000170,0.033923
COP,2,107,0.022949,0.033488
COP,2,108,0.047079,0.033060
COP,2,109,0.048167,0.032636
COP,2,110,0.047226,0.032219
COP,2,111,0.012459,0.031806
COP,2,112,0.025959,0.031399
COP,2,113,0.000586,0.030997
COP,2,114,0.035216,0.030600
COP,2,115,0.017195,0.030209
COP,2,116,0.039093,0.029822
COP,2,117,0.020470,0.029440
COP,2,118,0.051426,0.029064
COP,2,119,0.001635,0.028692
COP,2,120,0.051757,0.028325
COP,2,121,0.022801,0.027962
COP,2,122,0.028784,0.027604
COP,2,123,0.045603,0.027251
COP,2,124,0.064038,0.026902
COP,2,125,0.049894,0.026558
COP,2,126,0.033712,0.026218
COP,2,127,0.028297,0.025883
COP,2,128,0.029815,0.025552
COP,2,129,0.026622,0.025225
COP,2,130,0.019989,0.024902
COP,2,131,0.064096,0.024584
COP,2,132,0.026356,0.024269
COP,2,133,0.038629,0.023959
COP,2,134,0.029950,0.023652
COP,2,135,0.059129,0.023349
COP,2,136,0.028385,0.023051
COP,2,137,-0.009515,0.022756
COP,2,138,0.027518,0.022465
COP,2,139,0.031852,0.022177
COP,2,140,0.048762,0.021894
COP,2,141,0.014695,0.021614
COP,2,142,0.026323,0.021337
COP,2,143,0.041244,0.021064
COP,2,144,0.032604,0.020795
COP,2,145,0.018013,0.020529
COP,2,146,0.062082,0.020266
COP,2,147,0.021965,0.020007
COP,2,148,0.028280,0.019751
COP,2,149,0.050925,0.019498
COP,2,150,0.066136,0.019249
COP,2,151,0.025230,0.019002
COP,2,152,0.044732,0.018759
COP,2,153,0.056403,0.018519
COP,2,154,0.051778,0.018282
COP,2,155,0.027974,0.018049
COP,2,156,0.061805,0.017818
COP,2,157,0.049278,0.017590
COP,2,158,0.063468,0.017365
COP,2,159,0.007138,0.017143
COP,2,160,0.087512,0.016923
COP,2,161,0.045870,0.016707
COP,2,162,0.033489,0.016493
COP,2,163,0.050315,0.016282
COP,2,164,0.053061,0.016074
COP,2,165,0.045554,0.015868
COP,2,166,0.031969,0.015665
COP,2,167,0.039099,0.015465
COP,2,168,0.045643,0.015267
COP,2,169,0.017757,0.015072
COP,2,170,0.033586,0.014879
COP,2,171,0.103123,0.014689
COP,2,172,0.030726,0.014501
COP,2,173,0.044075,0.014315
COP,2,174,0.056399,0.014132
COP,2,175,0.043256,0.013951
COP,2,176,0.037388,0.013773
COP,2,177,0.025262,0.013597
COP,2,178,0.040644,0.013423
COP,2,179,0.036099,0.013251
COP,2,180,0.006492,0.013082
COP,2,181,0.050886,0.012914
COP,2,182,0.053925,0.012749
COP,2,183,0.014693,0.012586
COP,2,184,0.012241,0.012425
COP,2,185,0.022399,0.012266
COP,2,186,0.036525,0.012109
COP,2,187,0.012193,0.011954
COP,2,188,0.021195,0.011801
COP,2,189,0.021529,0.011650
COP,2,190,0.013584,0.011501
COP,2,191,0.002892,0.011354
COP,2,192,-0.003129,0.011209
COP,2,193,0.016441,0.011065
COP,2,194,0.007116,0.010924
COP,2,195,0.002617,0.010784
COP,2,196,0.016959,0.010646
COP,2,197,-0.008106,0.010510
COP,2,198,0.012353,0.010376
COP,2,199,0.022308,0.010243
COP,2,200,0.003961,0.010112
COP,2,201,0.017878,0.009983
COP,2,202,0.012012,0.009855
COP,2,203,0.013411,0.009729
COP,2,204,-0.019039,0.009604
COP,2,205,0.000581,0.009481
COP,2,206,0.019160,0.009360
COP,2,207,0.005165,0.009240
COP,2,208,0.009147,0.009122
COP,2,209,-0.004126,0.009006
COP,2,210,0.008260,0.008890
COP,2,211,0.031134,0.008777
COP,2,212,-0.029570,0.008664
COP,2,213,0.015867,0.008553
COP,2,214,0.015255,0.008444
COP,2,215,-0.016860,0.008336
COP,2,216,-0.021634,0.008229
COP,2,217,0.038053,0.008124
COP,2,218,0.001735,0.008020
COP,2,219,0.006724,0.007918
COP,2,220,0.006769,0.007816
COP,2,221,-0.002379,0.007716
COP,2,222,-0.036391,0.007618
COP,2,223,-0.011065,0.007520
COP,2,224,-0.021858,0.007424
COP,2,225,-0.004587,0.007329
COP,2,226,-0.017269,0.007235
COP,2,227,-0.008985,0.007143
COP,2,228,-0.000216,0.007051
COP,2,229,-0.002450,0.006961
COP,2,230,0.005888,0.006872
COP,2,231,-0.040316,0.006784
COP,2,232,0.016006,0.006697
COP,2,233,-0.013297,0.006612
COP,2,234,-0.024982,0.006527
COP,2,235,-0.016104,0.006444
COP,2,236,-0.003772,0.006361
COP,2,237,-0.027650,0.006280
COP,2,238,-0.011966,0.006200
COP,2,239,-0.012470,0.006120
COP,2,240,-0.018851,0.006042
COP,2,241,0.020698,0.005965
COP,2,242,0.011377,0.005888
COP,2,243,0.018692,0.005813
COP,2,244,-0.014692,0.005739
COP,2,245,-0.018151,0.005665
COP,2,246,-0.013687,0.005593
COP,2,247,-0.000930,0.005521
COP,2,248,-0.009164,0.005451
COP,2,249,0.020543,0.005381
COP,2,250,-0.004656,0.005312
COP,2,251,0.001310,0.005244
COP,2,252,-0.021703,0.005177
COP,17,1,0.225384,0.217908
COP,17,2,0.226478,0.240877
COP,17,3,0.230262,0.231653
COP,17,4,0.207911,0.204302
COP,17,5,0.191819,0.182652
COP,17,6,0.192231,0.214238
COP,17,7,0.244222,0.238231
COP,17,8,0.226063,0.223329
COP,17,9,0.200492,0.221111
COP,17,10,0.227118,0.215346
COP,17,11,0.217750,0.205003
COP,17,12,0.151320,0.158255
COP,17,13,0.104827,0.128255
COP,17,14,0.153319,0.137454
COP,17,15,0.135401,0.136095
COP,17,16,0.122120,0.136774
COP,17,17,0.141020,0.129494
COP,17,18,0.170936,0.145949
COP,17,19,0.128165,0.148774
COP,17,20,0.107218,0.125449
COP,17,21,0.135801,0.120435
COP,17,22,0.123496,0.116321
COP,17,23,0.114730,0.124798
COP,17,24,0.113268,0.112416
COP,17,25,0.117967,0.107603
COP,17,26,0.122075,0.120703
COP,17,27,0.115177,0.115559
COP,17,28,0.145007,0.114238
COP,17,29,0.131601,0.101690
COP,17,30,0.101037,0.108718
COP,17,31,0.136431,0.110226
COP,17,32,0.115048,0.096235
COP,17,33,0.093405,0.097643
COP,17,34,0.063615,0.091187
COP,17,35,0.116582,0.096276
COP,17,36,0.105039,0.084815
COP,17,37,0.064942,0.078662
COP,17,38,0.124147,0.086066
COP,17,39,0.085966,0.078873
COP,17,40,0.081566,0.080819
COP,17,41,0.057945,0.069954
COP,17,42,0.080396,0.073415
COP,17,43,0.069135,0.072783
COP,17,44,0.055196,0.061538
COP,17,45,0.064747,0.065546
COP,17,46,0.084178,0.060262
COP,17,47,0.057286,0.068989
COP,17,48,0.058609,0.065253
COP,17,49,0.073953,0.065135
COP,17,50,0.050269,0.074268
COP,17,51,0.051180,0.068838
COP,17,52,0.041719,0.073905
COP,17,53,0.052428,0.064927
COP,17,54,0.049688,0.067340
COP,17,55,0.075542,0.066398
COP,17,56,0.044871,0.056877
COP,17,57,0.080516,0.060962
COP,17,58,0.037148,0.053351
COP,17,59,0.043252,0.059508
COP,17,60,0.037146,0.054837
COP,17,61,0.041829,0.052980
COP,17,62,0.050474,0.058742
COP,17,63,0.050667,0.051147
COP,17,64,0.040320,0.055655
COP,17,65,0.053680,0.046351
COP,17,66,0.071534,0.047359
COP,17,67,0.052753,0.046099
COP,17,68,0.041320,0.038256
COP,17,69,0.021614,0.043953
COP,17,70,0.009965,0.037747
COP,17,71,0.021074,0.045847
COP,17,72,0.046320,0.044585
COP,17,73,0.034898,0.045759
COP,17,74,0.041942,0.053329
COP,17,75,0.048448,0.047829
COP,17,76,0.060449,0.054544
COP,17,77,0.029590,0.046994
COP,17,78,0.044474,0.048290
COP,17,79,0.036919,0.047085
COP,17,80,0.016173,0.039546
COP,17,81,0.016690,0.044480
COP,17,82,0.036119,0.036703
COP,17,83,0.034009,0.042746
COP,17,84,0.011037,0.039927
COP,17,85,0.048629,0.039205
COP,17,86,0.038467,0.044311
COP,17,87,0.003103,0.037011
COP,17,88,0.018634,0.042419
COP,17,89,0.026328,0.034140
COP,17,90,-0.000823,0.034597
COP,17,91,0.022678,0.033278
COP,17,92,0.017181,0.026664
COP,17,93,0.050876,0.032623
COP,17,94,0.029162,0.026263
COP,17,95,0.028507,0.033873
COP,17,96,0.021006,0.033331
COP,17,97,0.042188,0.034813
COP,17,98,0.044761,0.041661
COP,17,99,0.016501,0.036283
COP,17,100,0.042420,0.043271
COP,17,101,0.053175,0.036393
COP,17,102,0.035079,0.037374
COP,17,103,0.025201,0.036201
COP,17,104,0.018796,0.029553
COP,17,105,0.050742,0.034659
COP,17,106,0.000170,0.027127
COP,17,107,0.022949,0.033002
COP,17,108,0.047079,0.030864
COP,17,109,0.048167,0.030561
COP,17,110,0.047226,0.035397
COP,17,111,0.012459,0.028498
COP,17,112,0.025959,0.034103
COP,17,113,0.000586,0.026464
COP,17,114,0.035216,0.026816
COP,17,115,0.017195,0.025566
COP,17,116,0.039093,0.019538
COP,17,117,0.020470,0.025400
COP,17,118,0.051426,0.019180
COP,17,119,0.001635,0.026399
COP,17,120,0.051757,0.026064
COP,17,121,0.022801,0.027569
COP,17,122,0.028784,0.033976
COP,17,123,0.045603,0.028782
COP,17,124,0.064038,0.035634
COP,17,125,0.049894,0.029169
COP,17,126,0.033712,0.030049
COP,17,127,0.028297,0.028956
COP,17,128,0.029815,0.022817
COP,17,129,0.026622,0.027873
COP,17,130,0.019989,0.020704
COP,17,131,0.064096,0.026418
COP,17,132,0.026356,0.024615
COP,17,133,0.038629,0.024517
COP,17,134,0.029950,0.029203
COP,17,135,0.059129,0.022704
COP,17,136,0.028385,0.028264
COP,17,137,-0.009515,0.021105
COP,17,138,0.027518,0.021463
COP,17,139,0.031852,0.020306
COP,17,140,0.048762,0.014655
COP,17,141,0.014695,0.020319
COP,17,142,0.026323,0.014324
COP,17,143,0.041244,0.021196
COP,17,144,0.032604,0.020913
COP,17,145,0.018013,0.022358
COP,17,146,0.062082,0.028420
COP,17,147,0.021965,0.023422
COP,17,148,0.028280,0.030019
COP,17,149,0.050925,0.023874
COP,17,150,0.066136,0.024712
COP,17,151,0.025230,0.023700
COP,17,152,0.044732,0.017933
COP,17,153,0.056403,0.022866
COP,17,154,0.051778,0.016072
COP,17,155,0.027974,0.021623
COP,17,156,0.061805,0.020035
COP,17,157,0.049278,0.020063
COP,17,158,0.063468,0.024625
COP,17,159,0.007138,0.018500
COP,17,160,0.087512,0.023933
COP,17,161,0.045870,0.017180
COP,17,162,0.033489,0.017567
COP,17,163,0.050315,0.016500
COP,17,164,0.053061,0.011147
COP,17,165,0.045554,0.016585
COP,17,166,0.031969,0.010833
COP,17,167,0.039099,0.017380
COP,17,168,0.045643,0.017102
COP,17,169,0.017757,0.018463
COP,17,170,0.033586,0.024219
COP,17,171,0.103123,0.019415
COP,17,172,0.030726,0.025726
COP,17,173,0.044075,0.019862
COP,17,174,0.056399,0.020671
COP,17,175,0.043256,0.019732
COP,17,176,0.037388,0.014277
COP,17,177,0.025262,0.019060
COP,17,178,0.040644,0.012625
COP,17,179,0.036099,0.018008
COP,17,180,0.006492,0.016582
COP,17,181,0.050886,0.016699
COP,17,182,0.053925,0.021137
COP,17,183,0.014693,0.015358
COP,17,184,0.012241,0.020634
COP,17,185,0.022399,0.014243
COP,17,186,0.036525,0.014658
COP,17,187,0.012193,0.013672
COP,17,188,0.021195,0.008580
COP,17,189,0.021529,0.013788
COP,17,190,0.013584,0.008274
COP,17,191,0.002892,0.014512
COP,17,192,-0.003129,0.014224
COP,17,193,0.016441,0.015497
COP,17,194,0.007116,0.020968
COP,17,195,0.002617,0.016349
COP,17,196,0.016959,0.022375
COP,17,197,-0.008106,0.016768
COP,17,198,0.012353,0.017550
COP,17,199,0.022308,0.016676
COP,17,200,0.003961,0.011500
COP,17,201,0.017878,0.016123
COP,17,202,0.012012,0.010024
COP,17,203,0.013411,0.015233
COP,17,204,-0.019039,0.013940
COP,17,205,0.000581,0.014123
COP,17,206,0.019160,0.018433
COP,17,207,0.005165,0.012972
COP,17,208,0.009147,0.018079
COP,17,209,-0.004126,0.012020
COP,17,210,0.008260,0.012456
COP,17,211,0.031134,0.011540
COP,17,212,-0.029570,0.006687
COP,17,213,0.015867,0.011669
COP,17,214,0.015255,0.006384
COP,17,215,-0.016860,0.012326
COP,17,216,-0.021634,0.012024
COP,17,217,0.038053,0.013212
COP,17,218,0.001735,0.018414
COP,17,219,0.006724,0.013973
COP,17,220,0.006769,0.019721
COP,17,221,-0.002379,0.014355
COP,17,222,-0.036391,0.015108
COP,17,223,-0.011065,0.014291
COP,17,224,-0.021858,0.009372
COP,17,225,-0.004587,0.013832
COP,17,226,-0.017269,0.008046
COP,17,227,-0.008985,0.013078
COP,17,228,-0.000216,0.011897
COP,17,229,-0.002450,0.012130
COP,17,230,0.005888,0.016308
COP,17,231,-0.040316,0.011139
COP,17,232,0.016006,0.016073
COP,17,233,-0.013297,0.010322
COP,17,234,-0.024982,0.010771
COP,17,235,-0.016104,0.009917
COP,17,236,-0.003772,0.005288
COP,17,237,-0.027650,0.010049
COP,17,238,-0.011966,0.004982
COP,17,239,-0.012470,0.010643
COP,17,240,-0.018851,0.010327
COP,17,241,0.020698,0.011434
COP,17,242,0.011377,0.016379
COP,17,243,0.018692,0.012110
COP,17,244,-0.014692,0.017591
COP,17,245,-0.018151,0.012454
COP,17,246,-0.013687,0.013178
COP,17,247,-0.000930,0.012410
COP,17,248,-0.009164,0.007730
COP,17,249,0.020543,0.012026
COP,17,250,-0.004656,0.006531
COP,17,251,0.001310,0.011385
COP,17,252,-0.021703,0.010303
CVX,2,1,0.273555,0.314813
CVX,2,2,0.267689,0.293380
CVX,2,3,0.283792,0.274440
CVX,2,4,0.273750,0.257670
CVX,2,5,0.266162,0.242791
CVX,2,6,0.235899,0.229559
CVX,2,7,0.236619,0.217763
CVX,2,8,0.233977,0.207220
CVX,2,9,0.206769,0.197769
CVX,2,10,0.211409,0.189273
CVX,2,11,0.197696,0.181611
CVX,2,12,0.161450,0.174677
CVX,2,13,0.137683,0.168381
CVX,2,14,0.190647,0.162643
CVX,2,15,0.143460,0.157394
CVX,2,16,0.149537,0.152575
CVX,2,17,0.156299,0.148132
CVX,2,18,0.149093,0.144022
CVX,2,19,0.152866,0.140204
CVX,2,20,0.155958,0.136644
CVX,2,21,0.139206,0.133312
CVX,2,22,0.121146,0.130182
CVX,2,23,0.139202,0.127231
CVX,2,24,0.125339,0.124440
CVX,2,25,0.132505,0.121791
CVX,2,26,0.102088,0.119269
CVX,2,27,0.125317,0.116861
CVX,2,28,0.121179,0.114555
CVX,2,29,0.139360,0.112342
CVX,2,30,0.110166,0.110213
CVX,2,31,0.107564,0.108160
CVX,2,32,0.098060,0.106176
CVX,2,33,0.123527,0.104256
CVX,2,34,0.102076,0.102394
CVX,2,35,0.110749,0.100586
CVX,2,36,0.103873,0.098828
CVX,2,37,0.059591,0.097116
CVX,2,38,0.104216,0.095447
CVX,2,39,0.101935,0.093819
CVX,2,40,0.076316,0.092229
CVX,2,41,0.064889,0.090675
CVX,2,42,0.082288,0.089154
CVX,2,43,0.099528,0.087666
CVX,2,44,0.061090,0.086209
CVX,2,45,0.087079,0.084781
CVX,2,46,0.094028,0.083381
CVX,2,47,0.065778,0.082008
CVX,2,48,0.067071,0.080660
CVX,2,49,0.085017,0.079338
CVX,2,50,0.058552,0.078040
CVX,2,51,0.057078,0.076766
CVX,2,52,0.040629,0.075514
CVX,2,53,0.094900,0.074285
CVX,2,54,0.071866,0.073076
CVX,2,55,0.075629,0.071889
CVX,2,56,0.045693,0.070722
CVX,2,57,0.056968,0.069575
CVX,2,58,0.055548,0.068448
CVX,2,59,0.060744,0.067339
CVX,2,60,0.023558,0.066249
CVX,2,61,0.053504,0.065177
CVX,2,62,0.049226,0.064123
CVX,2,63,0.065820,0.063086
CVX,2,64,0.025605,0.062067
CVX,2,65,0.044737,0.061064
CVX,2,66,0.066545,0.060078
CVX,2,67,0.066455,0.059108
CVX,2,68,0.043923,0.058154
CVX,2,69,0.040903,0.057215
CVX,2,70,0.062416,0.056292
CVX,2,71,0.027862,0.055383
CVX,2,72,0.063615,0.054490
CVX,2,73,0.045337,0.053611
CVX,2,74,0.050896,0.052746
CVX,2,75,0.056185,0.051895
CVX,2,76,0.064527,0.051058
CVX,2,77,0.028026,0.050235
CVX,2,78,0.055639,0.049425
CVX,2,79,0.045930,0.048628
CVX,2,80,0.022479,0.047844
CVX,2,81,0.035017,0.047072
CVX,2,82,0.040813,0.046313
CVX,2,83,0.032028,0.045567
CVX,2,84,0.008044,0.044832
CVX,2,85,0.053773,0.044109
CVX,2,86,0.044694,0.043398
CVX,2,87,0.022535,0.042699
CVX,2,88,0.050617,0.042010
CVX,2,89,-0.000069,0.041333
CVX,2,90,0.042459,0.040667
CVX,2,91,0.017078,0.040011
CVX,2,92,0.032606,0.039366
CVX,2,93,0.031570,0.038732
CVX,2,94,0.027111,0.038108
CVX,2,95,0.075369,0.037493
CVX,2,96,0.052911,0.036889
CVX,2,97,0.040656,0.036294
CVX,2,98,0.014205,0.035709
CVX,2,99,0.043051,0.035134
CVX,2,100,0.028872,0.034567
CVX,2,101,0.055715,0.034010
CVX,2,102,0.050645,0.033462
CVX,2,103,0.022279,0.032923
CVX,2,104,0.004064,0.032392
CVX,2,105,0.036351,0.031870
CVX,2,106,0.030638,0.031356
CVX,2,107,0.039082,0.030851
CVX,2,108,0.051779,0.030354
CVX,2,109,0.021758,0.029864
CVX,2,110,0.030967,0.029383
CVX,2,111,0.014815,0.028909
CVX,2,112,0.028925,0.028443
CVX,2,113,0.030010,0.027985
CVX,2,114,0.002996,0.027534
CVX,2,115,0.043140,0.027090
CVX,2,116,0.046416,0.026653
CVX,2,117,0.029847,0.026224
CVX,2,118,0.033574,0.025801
CVX,2,119,0.021412,0.025385
CVX,2,120,0.039203,0.024976
CVX,2,121,0.033879,0.024574
CVX,2,122,0.023154,0.024178
CVX,2,123,0.016777,0.023788
CVX,2,124,0.045588,0.023404
CVX,2,125,0.047912,0.023027
CVX,2,126,0.018721,0.022656
CVX,2,127,0.016845,0.022291
CVX,2,128,0.034320,0.021932
CVX,2,129,0.013075,0.021578
CVX,2,130,0.016504,0.021230
CVX,2,131,0.035641,0.020888
CVX,2,132,-0.002973,0.020551
CVX,2,133,0.036031,0.020220
CVX,2,134,0.012959,0.019894
CVX,2,135,0.039661,0.019574
CVX,2,136,0.014781,0.019258
CVX,2,137,0.007827,0.018948
CVX,2,138,0.010527,0.018642
CVX,2,139,0.029802,0.018342
CVX,2,140,0.029564,0.018046
CVX,2,141,0.025478,0.017755
CVX,2,142,0.017299,0.017469
CVX,2,143,0.015170,0.017188
CVX,2,144,0.027453,0.016911
CVX,2,145,0.025585,0.016638
CVX,2,146,0.016827,0.016370
CVX,2,147,0.003655,0.016106
CVX,2,148,0.005123,0.015846
CVX,2,149,0.040819,0.015591
CVX,2,150,0.033181,0.015340
CVX,2,151,0.034394,0.015092
CVX,2,152,0.036542,0.014849
CVX,2,153,0.050737,0.014610
CVX,2,154,0.045615,0.014374
CVX,2,155,0.020998,0.014143
CVX,2,156,0.032548,0.013915
CVX,2,157,0.033609,0.013690
CVX,2,158,0.047734,0.013470
CVX,2,159,0.023292,0.013253
CVX,2,160,0.069685,0.013039
CVX,2,161,0.041770,0.012829
CVX,2,162,0.017417,0.012622
CVX,2,163,0.047289,0.012419
CVX,2,164,0.066734,0.012218
CVX,2,165,0.024571,0.012022
CVX,2,166,0.042074,0.011828
CVX,2,167,0.003760,0.011637
CVX,2,168,0.042781,0.011450
CVX,2,169,0.031960,0.011265
CVX,2,170,0.042435,0.011083
CVX,2,171,0.066156,0.010905
CVX,2,172,0.036230,0.010729
CVX,2,173,0.037631,0.010556
CVX,2,174,0.038016,0.010386
CVX,2,175,0.034429,0.010219
CVX,2,176,0.023432,0.010054
CVX,2,177,0.022845,0.009892
CVX,2,178,0.035833,0.009732
CVX,2,179,0.006220,0.009576
CVX,2,180,-0.000145,0.009421
CVX,2,181,0.028870,0.009269
CVX,2,182,0.031913,0.009120
CVX,2,183,0.000975,0.008973
CVX,2,184,0.018934,0.008828
CVX,2,185,0.007858,0.008686
CVX,2,186,0.028886,0.008546
CVX,2,187,0.017438,0.008408
CVX,2,188,0.013173,0.008273
CVX,2,189,0.021857,0.008139
CVX,2,190,0.021801,0.008008
CVX,2,191,-0.011498,0.007879
CVX,2,192,-0.005829,0.007752
CVX,2,193,-0.001970,0.007627
CVX,2,194,-0.000798,0.007504
CVX,2,195,-0.007265,0.007383
CVX,2,196,-0.003459,0.007264
CVX,2,197,-0.010019,0.007147
CVX,2,198,0.000724,0.007032
CVX,2,199,0.010454,0.006919
CVX,2,200,0.021591,0.006807
CVX,2,201,0.006546,0.006697
CVX,2,202,0.012382,0.006589
CVX,2,203,0.031953,0.006483
CVX,2,204,0.000638,0.006379
CVX,2,205,0.003230,0.006276
CVX,2,206,0.034131,0.006175
CVX,2,207,0.022930,0.006075
CVX,2,208,0.008104,0.005977
CVX,2,209,0.040421,0.005881
CVX,2,210,0.012820,0.005786
CVX,2,211,0.013617,0.005693
CVX,2,212,0.005284,0.005601
CVX,2,213,-0.001179,0.005511
CVX,2,214,0.016078,0.005422
CVX,2,215,0.005228,0.005335
CVX,2,216,0.014573,0.005249
CVX,2,217,0.024378,0.005164
CVX,2,218,-0.004354,0.005081
CVX,2,219,0.006971,0.004999
CVX,2,220,-0.010662,0.004918
CVX,2,221,0.012674,0.004839
CVX,2,222,-0.006861,0.004761
CVX,2,223,0.010391,0.004684
CVX,2,224,-0.025125,0.004609
CVX,2,225,0.000761,0.004535
CVX,2,226,-0.002608,0.004462
CVX,2,227,0.040565,0.004390
CVX,2,228,-0.007835,0.004319
CVX,2,229,0.004240,0.004249
CVX,2,230,0.010225,0.004181
CVX,2,231,-0.013301,0.004113
CVX,2,232,0.011273,0.004047
CVX,2,233,0.004122,0.003982
CVX,2,234,0.011455,0.003918
CVX,2,235,0.001826,0.003855
CVX,2,236,0.002319,0.003792
CVX,2,237,-0.003288,0.003731
CVX,2,238,-0.006675,0.003671
CVX,2,239,-0.011144,0.003612
CVX,2,240,-0.017019,0.003554
CVX,2,241,-0.012104,0.003496
CVX,2,242,-0.006678,0.003440
CVX,2,243,-0.011708,0.003385
CVX,2,244,-0.027212,0.003330
CVX,2,245,-0.010515,0.003276
CVX,2,246,-0.015556,0.003224
CVX,2,247,-0.024840,0.003172
CVX,2,248,-0.011182,0.003121
CVX,2,249,-0.023699,0.003070
CVX,2,250,-0.009108,0.003021
CVX,2,251,0.006159,0.002972
CVX,2,252,-0.001042,0.002924
CVX,17,1,0.273555,0.273760
CVX,17,2,0.267689,0.269150
CVX,17,3,0.283792,0.283046
CVX,17,4,0.273750,0.275597
CVX,17,5,0.266162,0.260864
CVX,17,6,0.235899,0.235896
CVX,17,7,0.236619,0.232830
CVX,17,8,0.233977,0.247695
CVX,17,9,0.206769,0.206851
CVX,17,10,0.211409,0.200341
CVX,17,11,0.197696,0.200462
CVX,17,12,0.161450,0.165811
CVX,17,13,0.137683,0.158328
CVX,17,14,0.190647,0.170923
CVX,17,15,0.143460,0.150698
CVX,17,16,0.149537,0.143762
CVX,17,17,0.156299,0.159097
CVX,17,18,0.149093,0.150102
CVX,17,19,0.152866,0.147106
CVX,17,20,0.155958,0.144555
CVX,17,21,0.139206,0.137347
CVX,17,22,0.121146,0.132919
CVX,17,23,0.139202,0.134125
CVX,17,24,0.125339,0.114816
CVX,17,25,0.132505,0.118876
CVX,17,26,0.102088,0.122547
CVX,17,27,0.125317,0.118227
CVX,17,28,0.121179,0.109299
CVX,17,29,0.139360,0.120293
CVX,17,30,0.110166,0.114482
CVX,17,31,0.107564,0.113005
CVX,17,32,0.098060,0.102109
CVX,17,33,0.123527,0.101348
CVX,17,34,0.102076,0.094470
CVX,17,35,0.110749,0.093005
CVX,17,36,0.103873,0.076929
CVX,17,37,0.059591,0.082034
CVX,17,38,0.104216,0.081620
CVX,17,39,0.101935,0.082292
CVX,17,40,0.076316,0.074324
CVX,17,41,0.064889,0.085182
CVX,17,42,0.082288,0.084045
CVX,17,43,0.099528,0.086722
CVX,17,44,0.061090,0.078295
CVX,17,45,0.087079,0.083887
CVX,17,46,0.094028,0.081138
CVX,17,47,0.065778,0.082225
CVX,17,48,0.067071,0.071033
CVX,17,49,0.085017,0.077579
CVX,17,50,0.058552,0.076659
CVX,17,51,0.057078,0.077869
CVX,17,52,0.040629,0.069158
CVX,17,53,0.094900,0.076551
CVX,17,54,0.071866,0.074168
CVX,17,55,0.075629,0.074252
CVX,17,56,0.045693,0.063821
CVX,17,57,0.056968,0.067527
CVX,17,58,0.055548,0.063591
CVX,17,59,0.060744,0.062618
CVX,17,60,0.023558,0.051973
CVX,17,61,0.053504,0.057161
CVX,17,62,0.049226,0.055996
CVX,17,63,0.065820,0.057284
CVX,17,64,0.025605,0.050076
CVX,17,65,0.044737,0.057377
CVX,17,66,0.066545,0.057285
CVX,17,67,0.066455,0.058875
CVX,17,68,0.043923,0.051482
CVX,17,69,0.040903,0.057018
CVX,17,70,0.062416,0.055912
CVX,17,71,0.027862,0.056328
CVX,17,72,0.063615,0.048409
CVX,17,73,0.045337,0.053720
CVX,17,74,0.050896,0.053208
CVX,17,75,0.056185,0.053849
CVX,17,76,0.064527,0.046798
CVX,17,77,0.028026,0.052005
CVX,17,78,0.055639,0.051133
CVX,17,79,0.045930,0.050839
CVX,17,80,0.022479,0.042964
CVX,17,81,0.035017,0.046585
CVX,17,82,0.040813,0.044929
CVX,17,83,0.032028,0.044024
CVX,17,84,0.008044,0.036483
CVX,17,85,0.053773,0.040643
CVX,17,86,0.044694,0.040373
CVX,17,87,0.022535,0.040737
CVX,17,88,0.050617,0.034945
CVX,17,89,-0.000069,0.040047
CVX,17,90,0.042459,0.040573
CVX,17,91,0.017078,0.041059
CVX,17,92,0.032606,0.035340
CVX,17,93,0.031570,0.039689
CVX,17,94,0.027111,0.039761
CVX,17,95,0.075369,0.039622
CVX,17,96,0.052911,0.033800
CVX,17,97,0.040656,0.037846
CVX,17,98,0.014205,0.038111
CVX,17,99,0.043051,0.037994
CVX,17,100,0.028872,0.032529
CVX,17,101,0.055715,0.036330
CVX,17,102,0.050645,0.036417
CVX,17,103,0.022279,0.035749
CVX,17,104,0.004064,0.029936
CVX,17,105,0.036351,0.032951
CVX,17,106,0.030638,0.032687
CVX,17,107,0.039082,0.031728
CVX,17,108,0.051779,0.026224
CVX,17,109,0.021758,0.029467
CVX,17,110,0.030967,0.029922
CVX,17,111,0.014815,0.029626
CVX,17,112,0.028925,0.025074
CVX,17,113,0.030010,0.028761
CVX,17,114,0.002996,0.029689
CVX,17,115,0.043140,0.029486
CVX,17,116,0.046416,0.025085
CVX,17,117,0.029847,0.028413
CVX,17,118,0.033574,0.029151
CVX,17,119,0.021412,0.028635
CVX,17,120,0.039203,0.024239
CVX,17,121,0.033879,0.027328
CVX,17,122,0.023154,0.028109
CVX,17,123,0.016777,0.027539
CVX,17,124,0.045588,0.023305
CVX,17,125,0.047912,0.026170
CVX,17,126,0.018721,0.026830
CVX,17,127,0.016845,0.025954
CVX,17,128,0.034320,0.021593
CVX,17,129,0.013075,0.024042
CVX,17,130,0.016504,0.024545
CVX,17,131,0.035641,0.023542
CVX,17,132,-0.002973,0.019412
CVX,17,133,0.036031,0.021955
CVX,17,134,0.012959,0.022835
CVX,17,135,0.039661,0.022181
CVX,17,136,0.014781,0.018591
CVX,17,137,0.007827,0.021344
CVX,17,138,0.010527,0.022489
CVX,17,139,0.029802,0.021910
CVX,17,140,0.029564,0.018470
CVX,17,141,0.025478,0.021038
CVX,17,142,0.017299,0.022103
CVX,17,143,0.015170,0.021373
CVX,17,144,0.027453,0.017970
CVX,17,145,0.025585,0.020366
CVX,17,146,0.016827,0.021418
CVX,17,147,0.003655,0.020626
CVX,17,148,0.005123,0.017309
CVX,17,149,0.040819,0.019530
CVX,17,150,0.033181,0.020495
CVX,17,151,0.034394,0.019538
CVX,17,152,0.036542,0.016190
CVX,17,153,0.050737,0.018179
CVX,17,154,0.045615,0.019070
CVX,17,155,0.020998,0.018063
CVX,17,156,0.032548,0.014881
CVX,17,157,0.033609,0.016903
CVX,17,158,0.047734,0.017988
CVX,17,159,0.023292,0.017173
CVX,17,160,0.069685,0.014309
CVX,17,161,0.041770,0.016426
CVX,17,162,0.017417,0.017654
CVX,17,163,0.047289,0.016898
CVX,17,164,0.066734,0.014159
CVX,17,165,0.024571,0.016173
CVX,17,166,0.042074,0.017363
CVX,17,167,0.003760,0.016536
CVX,17,168,0.042781,0.013844
CVX,17,169,0.031960,0.015736
CVX,17,170,0.042435,0.016895
CVX,17,171,0.066156,0.016023
CVX,17,172,0.036230,0.013383
CVX,17,173,0.037631,0.015148
CVX,17,174,0.038016,0.016243
CVX,17,175,0.034429,0.015284
CVX,17,176,0.023432,0.012654
CVX,17,177,0.022845,0.014282
CVX,17,178,0.035833,0.015336
CVX,17,179,0.006220,0.014363
CVX,17,180,-0.000145,0.011853
CVX,17,181,0.028870,0.013485
CVX,17,182,0.031913,0.014636
CVX,17,183,0.000975,0.013773
CVX,17,184,0.018934,0.011458
CVX,17,185,0.007858,0.013128
CVX,17,186,0.028886,0.014353
CVX,17,187,0.017438,0.013535
CVX,17,188,0.013173,0.011318
CVX,17,189,0.021857,0.012924
CVX,17,190,0.021801,0.014125
CVX,17,191,-0.011498,0.013279
CVX,17,192,-0.005829,0.011107
CVX,17,193,-0.001970,0.012627
CVX,17,194,-0.000798,0.013795
CVX,17,195,-0.007265,0.012921
CVX,17,196,-0.003459,0.010788
CVX,17,197,-0.010019,0.012217
CVX,17,198,0.000724,0.013335
CVX,17,199,0.010454,0.012418
CVX,17,200,0.021591,0.010311
CVX,17,201,0.006546,0.011656
CVX,17,202,0.012382,0.012746
CVX,17,203,0.031953,0.011832
CVX,17,204,0.000638,0.009810
CVX,17,205,0.003230,0.011145
CVX,17,206,0.034131,0.012281
CVX,17,207,0.022930,0.011433
CVX,17,208,0.008104,0.009538
CVX,17,209,0.040421,0.010882
CVX,17,210,0.012820,0.012051
CVX,17,211,0.013617,0.011239
CVX,17,212,0.005284,0.009418
CVX,17,213,-0.001179,0.010720
CVX,17,214,0.016078,0.011870
CVX,17,215,0.005228,0.011050
CVX,17,216,0.014573,0.009269
CVX,17,217,0.024378,0.010511
CVX,17,218,-0.004354,0.011628
CVX,17,219,0.006971,0.010795
CVX,17,220,-0.010662,0.009047
CVX,17,221,0.012674,0.010223
CVX,17,222,-0.006861,0.011302
CVX,17,223,0.010391,0.010451
CVX,17,224,-0.025125,0.008732
CVX,17,225,0.000761,0.009852
CVX,17,226,-0.002608,0.010908
CVX,17,227,0.040565,0.010067
CVX,17,228,-0.007835,0.008412
CVX,17,229,0.004240,0.009517
CVX,17,230,0.010225,0.010590
CVX,17,231,-0.013301,0.009792
CVX,17,232,0.011273,0.008221
CVX,17,233,0.004122,0.009323
CVX,17,234,0.011455,0.010407
CVX,17,235,0.001826,0.009637
CVX,17,236,0.002319,0.008123
CVX,17,237,-0.003288,0.009194
CVX,17,238,-0.006675,0.010260
CVX,17,239,-0.011144,0.009492
CVX,17,240,-0.017019,0.008013
CVX,17,241,-0.012104,0.009040
CVX,17,242,-0.006678,0.010078
CVX,17,243,-0.011708,0.009307
CVX,17,244,-0.027212,0.007856
CVX,17,245,-0.010515,0.008835
CVX,17,246,-0.015556,0.009842
CVX,17,247,-0.024840,0.009066
CVX,17,248,-0.011182,0.007644
CVX,17,249,-0.023699,0.008584
CVX,17,250,-0.009108,0.009571
CVX,17,251,0.006159,0.008808
CVX,17,252,-0.001042,0.007434
DIS,2,1,0.244805,0.243442
DIS,2,2,0.196095,0.230744
DIS,2,3,0.211933,0.219121
DIS,2,4,0.218605,0.208476
DIS,2,5,0.185885,0.198726
DIS,2,6,0.176648,0.189790
DIS,2,7,0.144203,0.181598
DIS,2,8,0.181338,0.174083
DIS,2,9,0.167116,0.167187
DIS,2,10,0.177062,0.160855
DIS,2,11,0.162475,0.155038
DIS,2,12,0.171657,0.149690
DIS,2,13,0.162250,0.144771
DIS,2,14,0.138625,0.140242
DIS,2,15,0.149099,0.136071
DIS,2,16,0.129862,0.132224
DIS,2,17,0.167933,0.128674
DIS,2,18,0.186546,0.125395
DIS,2,19,0.130250,0.122364
DIS,2,20,0.132306,0.119558
DIS,2,21,0.117000,0.116958
DIS,2,22,0.115971,0.114547
DIS,2,23,0.166570,0.112307
DIS,2,24,0.103284,0.110224
DIS,2,25,0.110414,0.108283
DIS,2,26,0.121827,0.106474
DIS,2,27,0.095886,0.104784
DIS,2,28,0.087245,0.103203
DIS,2,29,0.098158,0.101722
DIS,2,30,0.106224,0.100332
DIS,2,31,0.132683,0.099026
DIS,2,32,0.099754,0.097795
DIS,2,33,0.084963,0.096634
DIS,2,34,0.109333,0.095537
DIS,2,35,0.134022,0.094498
DIS,2,36,0.088066,0.093513
DIS,2,37,0.109672,0.092576
DIS,2,38,0.143252,0.091684
DIS,2,39,0.088716,0.090833
DIS,2,40,0.089478,0.090020
DIS,2,41,0.116305,0.089241
DIS,2,42,0.073130,0.088493
DIS,2,43,0.102670,0.087775
DIS,2,44,0.065845,0.087083
DIS,2,45,0.081547,0.086416
DIS,2,46,0.107990,0.085771
DIS,2,47,0.062850,0.085147
DIS,2,48,0.101421,0.084542
DIS,2,49,0.094475,0.083955
DIS,2,50,0.074937,0.083384
DIS,2,51,0.067355,0.082828
DIS,2,52,0.057551,0.082285
DIS,2,53,0.075321,0.081756
DIS,2,54,0.073248,0.081238
DIS,2,55,0.095843,0.080731
DIS,2,56,0.061563,0.080235
DIS,2,57,0.086450,0.079748
DIS,2,58,0.078721,0.079270
DIS,2,59,0.090144,0.078800
DIS,2,60,0.031444,0.078338
DIS,2,61,0.107628,0.077882
DIS,2,62,0.052985,0.077434
DIS,2,63,0.088471,0.076992
DIS,2,64,0.056728,0.076556
DIS,2,65,0.065538,0.076125
DIS,2,66,0.056773,0.075700
DIS,2,67,0.071549,0.075279
DIS,2,68,0.084516,0.074863
DIS,2,69,0.058652,0.074452
DIS,2,70,0.033741,0.074045
DIS,2,71,0.042211,0.073642
DIS,2,72,0.099967,0.073242
DIS,2,73,0.064480,0.072847
DIS,2,74,0.048817,0.072455
DIS,2,75,0.060247,0.072066
DIS,2,76,0.034719,0.071680
DIS,2,77,0.066080,0.071298
DIS,2,78,0.071548,0.070918
DIS,2,79,0.057941,0.070541
DIS,2,80,0.058563,0.070167
DIS,2,81,0.072672,0.069796
DIS,2,82,0.079309,0.069428
DIS,2,83,0.065761,0.069062
DIS,2,84,0.040350,0.068698
DIS,2,85,0.038181,0.068337
DIS,2,86,0.059364,0.067978
DIS,2,87,0.076798,0.067621
DIS,2,88,0.050119,0.067267
DIS,2,89,0.044837,0.066915
DIS,2,90,0.054925,0.066565
DIS,2,91,0.055544,0.066217
DIS,2,92,0.076229,0.065871
DIS,2,93,0.068582,0.065527
DIS,2,94,0.036521,0.065186
DIS,2,95,0.033064,0.064846
DIS,2,96,0.050606,0.064508
DIS,2,97,0.067428,0.064172
DIS,2,98,0.045571,0.063838
DIS,2,99,0.037013,0.063506
DIS,2,100,0.047287,0.063176
DIS,2,101,0.055887,0.062847
DIS,2,102,0.042571,0.062521
DIS,2,103,0.038020,0.062196
DIS,2,104,0.064781,0.061873
DIS,2,105,0.068923,0.061552
DIS,2,106,0.049683,0.061232
DIS,2,107,0.035183,0.060914
DIS,2,108,0.024412,0.060598
DIS,2,109,0.048232,0.060284
DIS,2,110,0.063232,0.059971
DIS,2,111,0.045392,0.059660
DIS,2,112,0.045367,0.059350
DIS,2,113,0.059335,0.059042
DIS,2,114,0.052380,0.058736
DIS,2,115,0.067360,0.058432
DIS,2,116,0.051336,0.058129
DIS,2,117,0.066074,0.057827
DIS,2,118,0.028166,0.057528
DIS,2,119,0.044107,0.057229
DIS,2,120,0.072072,0.056933
DIS,2,121,0.018864,0.056638
DIS,2,122,0.083267,0.056344
DIS,2,123,0.053464,0.056052
DIS,2,124,0.043761,0.055762
DIS,2,125,0.088634,0.055473
DIS,2,126,0.088550,0.055185
DIS,2,127,0.084950,0.054899
DIS,2,128,0.072345,0.054615
DIS,2,129,0.059868,0.054332
DIS,2,130,0.054731,0.054051
DIS,2,131,0.043492,0.053771
DIS,2,132,0.081592,0.053492
DIS,2,133,0.044358,0.053215
DIS,2,134,0.028171,0.052939
DIS,2,135,0.038951,0.052665
DIS,2,136,0.038224,0.052392
DIS,2,137,0.041606,0.052121
DIS,2,138,0.059545,0.051851
DIS,2,139,0.033896,0.051582
DIS,2,140,0.049396,0.051315
DIS,2,141,0.027174,0.051049
DIS,2,142,0.060274,0.050785
DIS,2,143,0.051499,0.050522
DIS,2,144,0.048609,0.050260
DIS,2,145,0.076680,0.050000
DIS,2,146,0.059650,0.049741
DIS,2,147,0.046803,0.049483
DIS,2,148,0.059698,0.049227
DIS,2,149,0.052468,0.048972
DIS,2,150,0.059846,0.048718
DIS,2,151,0.061494,0.048466
DIS,2,152,0.037562,0.048215
DIS,2,153,0.011399,0.047965
DIS,2,154,0.046112,0.047716
DIS,2,155,0.053416,0.047469
DIS,2,156,0.069533,0.047223
DIS,2,157,0.038012,0.046979
DIS,2,158,0.073652,0.046736
DIS,2,159,0.053960,0.046493
DIS,2,160,0.104366,0.046253
DIS,2,161,0.061740,0.046013
DIS,2,162,0.036847,0.045775
DIS,2,163,0.067042,0.045538
DIS,2,164,0.045148,0.045302
DIS,2,165,0.046575,0.045067
DIS,2,166,0.062774,0.044834
DIS,2,167,0.042633,0.044602
DIS,2,168,0.089027,0.044371
DIS,2,169,0.041463,0.044141
DIS,2,170,0.037586,0.043912
DIS,2,171,0.071459,0.043685
DIS,2,172,0.033488,0.043458
DIS,2,173,0.069428,0.043233
DIS,2,174,0.035484,0.043009
DIS,2,175,0.030927,0.042787
DIS,2,176,0.042266,0.042565
DIS,2,177,0.031898,0.042345
DIS,2,178,0.029164,0.042125
DIS,2,179,0.038593,0.041907
DIS,2,180,0.034032,0.041690
DIS,2,181,0.050463,0.041474
DIS,2,182,0.035532,0.041259
DIS,2,183,0.086911,0.041046
DIS,2,184,0.041017,0.040833
DIS,2,185,0.051323,0.040621
DIS,2,186,0.041606,0.040411
DIS,2,187,0.031356,0.040202
DIS,2,188,0.028705,0.039994
DIS,2,189,0.045324,0.039786
DIS,2,190,0.033445,0.039580
DIS,2,191,0.069185,0.039375
DIS,2,192,0.025629,0.039171
DIS,2,193,0.033494,0.038969
DIS,2,194,0.026436,0.038767
DIS,2,195,0.023828,0.038566
DIS,2,196,0.045010,0.038366
DIS,2,197,0.045632,0.038167
DIS,2,198,0.022927,0.037970
DIS,2,199,0.010273,0.037773
DIS,2,200,0.045399,0.037577
DIS,2,201,0.053710,0.037383
DIS,2,202,0.056632,0.037189
DIS,2,203,0.040301,0.036997
DIS,2,204,0.049906,0.036805
DIS,2,205,0.013388,0.036614
DIS,2,206,0.053643,0.036425
DIS,2,207,0.035443,0.036236
DIS,2,208,0.035511,0.036048
DIS,2,209,0.023177,0.035862
DIS,2,210,0.033255,0.035676
DIS,2,211,0.021674,0.035491
DIS,2,212,0.031757,0.035307
DIS,2,213,0.046125,0.035124
DIS,2,214,0.068558,0.034943
DIS,2,215,0.028633,0.034762
DIS,2,216,0.066347,0.034581
DIS,2,217,0.064475,0.034402
DIS,2,218,0.042883,0.034224
DIS,2,219,0.048187,0.034047
DIS,2,220,0.025250,0.033871
DIS,2,221,0.078563,0.033695
DIS,2,222,0.035553,0.033521
DIS,2,223,0.032168,0.033347
DIS,2,224,0.056122,0.033174
DIS,2,225,0.044381,0.033002
DIS,2,226,0.011402,0.032832
DIS,2,227,0.057336,0.032662
DIS,2,228,0.033340,0.032492
DIS,2,229,0.034421,0.032324
DIS,2,230,0.044765,0.032157
DIS,2,231,0.038313,0.031990
DIS,2,232,0.027944,0.031824
DIS,2,233,0.053298,0.031660
DIS,2,234,0.038599,0.031496
DIS,2,235,0.036702,0.031332
DIS,2,236,0.014251,0.031170
DIS,2,237,0.040191,0.031009
DIS,2,238,0.053055,0.030848
DIS,2,239,0.050069,0.030688
DIS,2,240,0.011827,0.030529
DIS,2,241,0.042490,0.030371
DIS,2,242,0.016918,0.030214
DIS,2,243,0.011850,0.030057
DIS,2,244,0.019817,0.029902
DIS,2,245,0.002212,0.029747
DIS,2,246,0.012647,0.029593
DIS,2,247,-0.000993,0.029440
DIS,2,248,0.036178,0.029287
DIS,2,249,0.034871,0.029135
DIS,2,250,0.059316,0.028985
DIS,2,251,0.037709,0.028834
DIS,2,252,0.037011,0.028685
DIS,17,1,0.244805,0.246638
DIS,17,2,0.196095,0.198347
DIS,17,3,0.211933,0.203509
DIS,17,4,0.218605,0.224139
DIS,17,5,0.185885,0.180407
DIS,17,6,0.176648,0.167576
DIS,17,7,0.144203,0.160865
DIS,17,8,0.181338,0.167250
DIS,17,9,0.167116,0.166159
DIS,17,10,0.177062,0.181986
DIS,17,11,0.162475,0.178111
DIS,17,12,0.171657,0.171801
DIS,17,13,0.162250,0.164848
DIS,17,14,0.138625,0.161770
DIS,17,15,0.149099,0.142954
DIS,17,16,0.129862,0.138388
DIS,17,17,0.167933,0.154320
DIS,17,18,0.186546,0.167239
DIS,17,19,0.130250,0.146223
DIS,17,20,0.132306,0.120959
DIS,17,21,0.117000,0.118271
DIS,17,22,0.115971,0.128628
DIS,17,23,0.166570,0.125509
DIS,17,24,0.103284,0.119721
DIS,17,25,0.110414,0.121306
DIS,17,26,0.121827,0.118036
DIS,17,27,0.095886,0.099961
DIS,17,28,0.087245,0.091069
DIS,17,29,0.098158,0.104562
DIS,17,30,0.106224,0.118482
DIS,17,31,0.132683,0.110827
DIS,17,32,0.099754,0.097695
DIS,17,33,0.084963,0.098450
DIS,17,34,0.109333,0.104445
DIS,17,35,0.134022,0.100982
DIS,17,36,0.088066,0.096895
DIS,17,37,0.109672,0.101383
DIS,17,38,0.143252,0.103943
DIS,17,39,0.088716,0.096180
DIS,17,40,0.089478,0.091357
DIS,17,41,0.116305,0.098069
DIS,17,42,0.073130,0.101907
DIS,17,43,0.102670,0.091055
DIS,17,44,0.065845,0.078773
DIS,17,45,0.081547,0.079674
DIS,17,46,0.107990,0.086510
DIS,17,47,0.062850,0.086905
DIS,17,48,0.101421,0.084060
DIS,17,49,0.094475,0.083605
DIS,17,50,0.074937,0.079882
DIS,17,51,0.067355,0.070327
DIS,17,52,0.057551,0.066285
DIS,17,53,0.075321,0.074170
DIS,17,54,0.073248,0.082440
DIS,17,55,0.095843,0.080280
DIS,17,56,0.061563,0.074196
DIS,17,57,0.086450,0.073575
DIS,17,58,0.078721,0.074998
DIS,17,59,0.090144,0.072708
DIS,17,60,0.031444,0.070908
DIS,17,61,0.107628,0.073840
DIS,17,62,0.052985,0.076199
DIS,17,63,0.088471,0.073740
DIS,17,64,0.056728,0.071891
DIS,17,65,0.065538,0.074388
DIS,17,66,0.056773,0.074826
DIS,17,67,0.071549,0.068560
DIS,17,68,0.084516,0.062362
DIS,17,69,0.058652,0.063334
DIS,17,70,0.033741,0.067837
DIS,17,71,0.042211,0.069377
DIS,17,72,0.099967,0.068451
DIS,17,73,0.064480,0.067337
DIS,17,74,0.048817,0.063994
DIS,17,75,0.060247,0.058310
DIS,17,76,0.034719,0.056242
DIS,17,77,0.066080,0.060796
DIS,17,78,0.071548,0.066062
DIS,17,79,0.057941,0.066211
DIS,17,80,0.058563,0.063574
DIS,17,81,0.072672,0.062441
DIS,17,82,0.079309,0.061809
DIS,17,83,0.065761,0.059796
DIS,17,84,0.040350,0.058806
DIS,17,85,0.038181,0.060826
DIS,17,86,0.059364,0.063062
DIS,17,87,0.076798,0.062959
DIS,17,88,0.050119,0.062406
DIS,17,89,0.044837,0.062881
DIS,17,90,0.054925,0.061768
DIS,17,91,0.055544,0.057656
DIS,17,92,0.076229,0.054339
DIS,17,93,0.068582,0.055339
DIS,17,94,0.036521,0.058655
DIS,17,95,0.033064,0.060520
DIS,17,96,0.050606,0.060379
DIS,17,97,0.067428,0.059032
DIS,17,98,0.045571,0.056027
DIS,17,99,0.037013,0.052196
DIS,17,100,0.047287,0.050964
DIS,17,101,0.055887,0.053814
DIS,17,102,0.042571,0.057533
DIS,17,103,0.038020,0.058648
DIS,17,104,0.064781,0.057605
DIS,17,105,0.068923,0.056286
DIS,17,106,0.049683,0.054716
DIS,17,107,0.035183,0.052757
DIS,17,108,0.024412,0.052053
DIS,17,109,0.048232,0.053608
DIS,17,110,0.063232,0.055767
DIS,17,111,0.045392,0.056703
DIS,17,112,0.045367,0.056685
DIS,17,113,0.059335,0.056202
DIS,17,114,0.052380,0.054406
DIS,17,115,0.067360,0.051354
DIS,17,116,0.051336,0.049428
DIS,17,117,0.066074,0.050450
DIS,17,118,0.028166,0.053146
DIS,17,119,0.044107,0.055046
DIS,17,120,0.072072,0.055212
DIS,17,121,0.018864,0.053815
DIS,17,122,0.083267,0.051083
DIS,17,123,0.053464,0.048178
DIS,17,124,0.043761,0.047311
DIS,17,125,0.088634,0.049287
DIS,17,126,0.088550,0.052187
DIS,17,127,0.084950,0.053681
DIS,17,128,0.072345,0.053374
DIS,17,129,0.059868,0.052018
DIS,17,130,0.054731,0.050054
DIS,17,131,0.043492,0.048115
DIS,17,132,0.081592,0.047512
DIS,17,133,0.044358,0.048822
DIS,17,134,0.028171,0.050912
DIS,17,135,0.038951,0.052284
DIS,17,136,0.038224,0.052483
DIS,17,137,0.041606,0.051566
DIS,17,138,0.059545,0.049506
DIS,17,139,0.033896,0.047008
DIS,17,140,0.049396,0.045768
DIS,17,141,0.027174,0.046796
DIS,17,142,0.060274,0.049144
DIS,17,143,0.051499,0.050983
DIS,17,144,0.048609,0.051261
DIS,17,145,0.076680,0.049893
DIS,17,146,0.059650,0.047379
DIS,17,147,0.046803,0.044968
DIS,17,148,0.059698,0.044271
DIS,17,149,0.052468,0.045785
DIS,17,150,0.059846,0.048230
DIS,17,151,0.061494,0.049845
DIS,17,152,0.037562,0.049876
DIS,17,153,0.011399,0.048547
DIS,17,154,0.046112,0.046452
DIS,17,155,0.053416,0.044549
DIS,17,156,0.069533,0.043987
DIS,17,157,0.038012,0.045156
DIS,17,158,0.073652,0.047172
DIS,17,159,0.053960,0.048704
DIS,17,160,0.104366,0.048983
DIS,17,161,0.061740,0.047890
DIS,17,162,0.036847,0.045765
DIS,17,163,0.067042,0.043584
DIS,17,164,0.045148,0.042694
DIS,17,165,0.046575,0.043709
DIS,17,166,0.062774,0.045841
DIS,17,167,0.042633,0.047593
DIS,17,168,0.089027,0.047906
DIS,17,169,0.041463,0.046594
DIS,17,170,0.037586,0.044259
DIS,17,171,0.071459,0.042136
DIS,17,172,0.033488,0.041527
DIS,17,173,0.069428,0.042788
DIS,17,174,0.035484,0.044958
DIS,17,175,0.030927,0.046581
DIS,17,176,0.042266,0.046764
DIS,17,177,0.031898,0.045487
DIS,17,178,0.029164,0.043388
DIS,17,179,0.038593,0.041540
DIS,17,180,0.034032,0.041003
DIS,17,181,0.050463,0.042080
DIS,17,182,0.035532,0.044016
DIS,17,183,0.086911,0.045580
DIS,17,184,0.041017,0.045885
DIS,17,185,0.051323,0.044739
DIS,17,186,0.041606,0.042643
DIS,17,187,0.031356,0.040665
DIS,17,188,0.028705,0.039961
DIS,17,189,0.045324,0.040951
DIS,17,190,0.033445,0.042931
DIS,17,191,0.069185,0.044592
DIS,17,192,0.025629,0.044909
DIS,17,193,0.033494,0.043663
DIS,17,194,0.026436,0.041478
DIS,17,195,0.023828,0.039544
DIS,17,196,0.045010,0.038988
DIS,17,197,0.045632,0.040098
DIS,17,198,0.022927,0.042085
DIS,17,199,0.010273,0.043667
DIS,17,200,0.045399,0.043916
DIS,17,201,0.053710,0.042700
DIS,17,202,0.056632,0.040655
DIS,17,203,0.040301,0.038877
DIS,17,204,0.049906,0.038361
DIS,17,205,0.013388,0.039370
DIS,17,206,0.053643,0.041223
DIS,17,207,0.035443,0.042761
DIS,17,208,0.035511,0.043068
DIS,17,209,0.023177,0.041929
DIS,17,210,0.033255,0.039902
DIS,17,211,0.021674,0.038070
DIS,17,212,0.031757,0.037472
DIS,17,213,0.046125,0.038429
DIS,17,214,0.068558,0.040290
DIS,17,215,0.028633,0.041864
DIS,17,216,0.066347,0.042174
DIS,17,217,0.064475,0.040994
DIS,17,218,0.042883,0.038939
DIS,17,219,0.048187,0.037144
DIS,17,220,0.025250,0.036626
DIS,17,221,0.078563,0.037638
DIS,17,222,0.035553,0.039489
DIS,17,223,0.032168,0.041011
DIS,17,224,0.056122,0.041283
DIS,17,225,0.044381,0.040129
DIS,17,226,0.011402,0.038164
DIS,17,227,0.057336,0.036463
DIS,17,228,0.033340,0.035970
DIS,17,229,0.034421,0.036922
DIS,17,230,0.044765,0.038691
DIS,17,231,0.038313,0.040178
DIS,17,232,0.027944,0.040477
DIS,17,233,0.053298,0.039372
DIS,17,234,0.038599,0.037431
DIS,17,235,0.036702,0.035716
DIS,17,236,0.014251,0.035184
DIS,17,237,0.040191,0.036103
DIS,17,238,0.053055,0.037862
DIS,17,239,0.050069,0.039354
DIS,17,240,0.011827,0.039653
DIS,17,241,0.042490,0.038536
DIS,17,242,0.016918,0.036598
DIS,17,243,0.011850,0.034915
DIS,17,244,0.019817,0.034429
DIS,17,245,0.002212,0.035369
DIS,17,246,0.012647,0.037109
DIS,17,247,-0.000993,0.038564
DIS,17,248,0.036178,0.038841
DIS,17,249,0.034871,0.037747
DIS,17,250,0.059316,0.035871
DIS,17,251,0.037709,0.034250
DIS,17,252,0.037011,0.033780
DUK,2,1,0.307804,0.326474
DUK,2,2,0.285900,0.311508
DUK,2,3,0.315029,0.297305
DUK,2,4,0.260446,0.283824
DUK,2,5,0.241066,0.271029
DUK,2,6,0.259856,0.258883
DUK,2,7,0.273609,0.247352
DUK,2,8,0.247761,0.236405
DUK,2,9,0.260732,0.226009
DUK,2,10,0.242040,0.216137
DUK,2,11,0.202239,0.206761
DUK,2,12,0.231249,0.197856
DUK,2,13,0.182287,0.189396
DUK,2,14,0.208508,0.181359
DUK,2,15,0.200040,0.173722
DUK,2,16,0.189606,0.166464
DUK,2,17,0.186409,0.159566
DUK,2,18,0.154938,0.153009
DUK,2,19,0.145352,0.146776
DUK,2,20,0.143812,0.140848
DUK,2,21,0.146700,0.135212
DUK,2,22,0.108813,0.129850
DUK,2,23,0.090978,0.124750
DUK,2,24,0.079453,0.119898
DUK,2,25,0.122955,0.115280
DUK,2,26,0.139254,0.110885
DUK,2,27,0.078517,0.106701
DUK,2,28,0.120407,0.102717
DUK,2,29,0.100837,0.098923
DUK,2,30,0.080991,0.095309
DUK,2,31,0.092118,0.091866
DUK,2,32,0.070932,0.088585
DUK,2,33,0.052534,0.085458
DUK,2,34,0.048717,0.082477
DUK,2,35,0.053187,0.079634
DUK,2,36,0.058316,0.076922
DUK,2,37,0.073735,0.074335
DUK,2,38,0.055598,0.071866
DUK,2,39,0.044760,0.069509
DUK,2,40,0.036647,0.067259
DUK,2,41,0.038625,0.065110
DUK,2,42,0.029448,0.063057
DUK,2,43,0.059949,0.061095
DUK,2,44,0.052130,0.059219
DUK,2,45,0.012292,0.057426
DUK,2,46,0.092390,0.055710
DUK,2,47,0.052666,0.054069
DUK,2,48,0.017296,0.052498
DUK,2,49,0.023362,0.050994
DUK,2,50,0.025504,0.049554
DUK,2,51,0.035995,0.048174
DUK,2,52,0.036246,0.046851
DUK,2,53,0.049225,0.045583
DUK,2,54,0.034215,0.044366
DUK,2,55,0.058882,0.043199
DUK,2,56,0.046046,0.042079
DUK,2,57,0.053665,0.041004
DUK,2,58,0.050491,0.039970
DUK,2,59,0.034840,0.038978
DUK,2,60,0.045029,0.038023
DUK,2,61,0.069817,0.037105
DUK,2,62,0.043188,0.036222
DUK,2,63,0.071801,0.035372
DUK,2,64,0.038474,0.034554
DUK,2,65,0.046966,0.033765
DUK,2,66,0.057625,0.033005
DUK,2,67,0.034390,0.032273
DUK,2,68,0.040135,0.031566
DUK,2,69,0.051435,0.030885
DUK,2,70,0.030082,0.030226
DUK,2,71,0.033797,0.029591
DUK,2,72,0.063488,0.028977
DUK,2,73,0.045109,0.028383
DUK,2,74,0.051334,0.027809
DUK,2,75,0.079253,0.027253
DUK,2,76,0.048031,0.026716
DUK,2,77,0.058699,0.026195
DUK,2,78,0.007900,0.025691
DUK,2,79,0.029358,0.025203
DUK,2,80,0.038812,0.024729
DUK,2,81,0.027906,0.024269
DUK,2,82,0.038949,0.023823
DUK,2,83,0.032135,0.023390
DUK,2,84,0.045549,0.022970
DUK,2,85,0.030637,0.022561
DUK,2,86,0.044876,0.022164
DUK,2,87,0.054751,0.021778
DUK,2,88,0.052601,0.021403
DUK,2,89,0.043447,0.021037
DUK,2,90,0.019359,0.020681
DUK,2,91,0.068730,0.020335
DUK,2,92,0.037087,0.019997
DUK,2,93,0.027854,0.019668
DUK,2,94,0.028316,0.019347
DUK,2,95,0.008326,0.019034
DUK,2,96,0.025177,0.018729
DUK,2,97,0.006896,0.018431
DUK,2,98,0.039672,0.018140
DUK,2,99,0.008475,0.017856
DUK,2,100,0.027353,0.017578
DUK,2,101,0.025070,0.017307
DUK,2,102,0.036773,0.017041
DUK,2,103,0.032461,0.016782
DUK,2,104,0.030516,0.016528
DUK,2,105,0.025357,0.016279
DUK,2,106,0.009444,0.016036
DUK,2,107,0.016049,0.015798
DUK,2,108,-0.001767,0.015565
DUK,2,109,-0.005185,0.015336
DUK,2,110,-0.016930,0.015113
DUK,2,111,0.016009,0.014893
DUK,2,112,0.009116,0.014678
DUK,2,113,0.022135,0.014467
DUK,2,114,0.011509,0.014260
DUK,2,115,0.011742,0.014057
DUK,2,116,0.004662,0.013858
DUK,2,117,0.002210,0.013662
DUK,2,118,0.035187,0.013470
DUK,2,119,0.004845,0.013282
DUK,2,120,-0.012137,0.013096
DUK,2,121,0.016998,0.012914
DUK,2,122,0.010761,0.012736
DUK,2,123,0.013504,0.012560
DUK,2,124,0.002656,0.012388
DUK,2,125,0.000347,0.012218
DUK,2,126,0.020305,0.012051
DUK,2,127,-0.008741,0.011887
DUK,2,128,0.034213,0.011726
DUK,2,129,0.000984,0.011567
DUK,2,130,0.022819,0.011411
DUK,2,131,0.015826,0.011257
DUK,2,132,0.024759,0.011106
DUK,2,133,0.040803,0.010957
DUK,2,134,0.027855,0.010811
DUK,2,135,0.007136,0.010667
DUK,2,136,0.008242,0.010525
DUK,2,137,0.008728,0.010385
DUK,2,138,0.003451,0.010247
DUK,2,139,-0.012086,0.010112
DUK,2,140,0.025521,0.009979
DUK,2,141,-0.001438,0.009847
DUK,2,142,-0.000071,0.009718
DUK,2,143,0.013112,0.009590
DUK,2,144,0.006727,0.009464
DUK,2,145,-0.028681,0.009340
DUK,2,146,0.013377,0.009218
DUK,2,147,-0.010918,0.009098
DUK,2,148,-0.000617,0.008979
DUK,2,149,0.021599,0.008863
DUK,2,150,-0.010934,0.008747
DUK,2,151,0.002594,0.008634
DUK,2,152,0.017591,0.008522
DUK,2,153,-0.009290,0.008411
DUK,2,154,0.019186,0.008303
DUK,2,155,0.002950,0.008195
DUK,2,156,0.018325,0.008089
DUK,2,157,0.004609,0.007985
DUK,2,158,0.009188,0.007882
DUK,2,159,0.047246,0.007781
DUK,2,160,0.022201,0.007681
DUK,2,161,0.026431,0.007582
DUK,2,162,0.021259,0.007484
DUK,2,163,0.022881,0.007388
DUK,2,164,0.050744,0.007294
DUK,2,165,0.024964,0.007200
DUK,2,166,0.024553,0.007108
DUK,2,167,0.003847,0.007017
DUK,2,168,0.017859,0.006927
DUK,2,169,0.009615,0.006839
DUK,2,170,0.005577,0.006751
DUK,2,171,0.012463,0.006665
DUK,2,172,0.007198,0.006580
DUK,2,173,-0.007094,0.006496
DUK,2,174,0.014241,0.006413
DUK,2,175,0.000823,0.006331
DUK,2,176,-0.000548,0.006251
DUK,2,177,0.008207,0.006171
DUK,2,178,-0.000837,0.006092
DUK,2,179,0.032494,0.006015
DUK,2,180,0.018075,0.005938
DUK,2,181,-0.010364,0.005863
DUK,2,182,-0.012014,0.005788
DUK,2,183,-0.028555,0.005715
DUK,2,184,-0.017599,0.005642
DUK,2,185,0.008746,0.005571
DUK,2,186,-0.002368,0.005500
DUK,2,187,-0.003868,0.005430
DUK,2,188,0.000559,0.005361
DUK,2,189,0.009523,0.005293
DUK,2,190,0.005052,0.005226
DUK,2,191,-0.013603,0.005160
DUK,2,192,-0.024329,0.005094
DUK,2,193,-0.011458,0.005030
DUK,2,194,-0.002341,0.004966
DUK,2,195,-0.025181,0.004903
DUK,2,196,-0.002362,0.004841
DUK,2,197,0.000139,0.004780
DUK,2,198,-0.010570,0.004719
DUK,2,199,-0.022819,0.004659
DUK,2,200,0.009057,0.004600
DUK,2,201,-0.027323,0.004542
DUK,2,202,0.037859,0.004485
DUK,2,203,-0.021590,0.004428
DUK,2,204,-0.000131,0.004372
DUK,2,205,0.000835,0.004317
DUK,2,206,-0.014672,0.004262
DUK,2,207,-0.003619,0.004208
DUK,2,208,-0.028862,0.004155
DUK,2,209,0.005725,0.004103
DUK,2,210,0.003940,0.004051
DUK,2,211,-0.013540,0.003999
DUK,2,212,0.002820,0.003949
DUK,2,213,-0.012240,0.003899
DUK,2,214,-0.020601,0.003850
DUK,2,215,-0.013562,0.003801
DUK,2,216,-0.017078,0.003753
DUK,2,217,-0.000835,0.003706
DUK,2,218,-0.017706,0.003659
DUK,2,219,0.005157,0.003613
DUK,2,220,-0.010002,0.003567
DUK,2,221,-0.014561,0.003522
DUK,2,222,0.002174,0.003478
DUK,2,223,-0.008297,0.003434
DUK,2,224,-0.045288,0.003390
DUK,2,225,-0.022272,0.003347
DUK,2,226,-0.001198,0.003305
DUK,2,227,-0.021646,0.003263
DUK,2,228,-0.023691,0.003222
DUK,2,229,-0.031599,0.003182
DUK,2,230,-0.024006,0.003141
DUK,2,231,-0.019400,0.003102
DUK,2,232,-0.008628,0.003063
DUK,2,233,-0.035633,0.003024
DUK,2,234,-0.044259,0.002986
DUK,2,235,-0.011819,0.002948
DUK,2,236,-0.032451,0.002911
DUK,2,237,-0.029771,0.002874
DUK,2,238,-0.044458,0.002838
DUK,2,239,-0.024724,0.002802
DUK,2,240,-0.020216,0.002767
DUK,2,241,-0.029508,0.002732
DUK,2,242,-0.037906,0.002697
DUK,2,243,-0.029212,0.002663
DUK,2,244,-0.039689,0.002630
DUK,2,245,-0.036915,0.002597
DUK,2,246,-0.015171,0.002564
DUK,2,247,-0.031214,0.002532
DUK,2,248,-0.015251,0.002500
DUK,2,249,-0.022756,0.002468
DUK,2,250,-0.040709,0.002437
DUK,2,251,-0.037599,0.002406
DUK,2,252,-0.021198,0.002376
DUK,17,1,0.307804,0.308104
DUK,17,2,0.285900,0.286826
DUK,17,3,0.315029,0.317006
DUK,17,4,0.260446,0.265372
DUK,17,5,0.241066,0.245423
DUK,17,6,0.259856,0.262360
DUK,17,7,0.273609,0.270606
DUK,17,8,0.247761,0.242320
DUK,17,9,0.260732,0.264206
DUK,17,10,0.242040,0.232920
DUK,17,11,0.202239,0.206710
DUK,17,12,0.231249,0.221951
DUK,17,13,0.182287,0.196180
DUK,17,14,0.208508,0.214807
DUK,17,15,0.200040,0.196870
DUK,17,16,0.189606,0.185586
DUK,17,17,0.186409,0.175254
DUK,17,18,0.154938,0.154919
DUK,17,19,0.145352,0.160953
DUK,17,20,0.143812,0.141485
DUK,17,21,0.146700,0.132407
DUK,17,22,0.108813,0.115728
DUK,17,23,0.090978,0.090635
DUK,17,24,0.079453,0.095684
DUK,17,25,0.122955,0.081761
DUK,17,26,0.139254,0.092815
DUK,17,27,0.078517,0.085530
DUK,17,28,0.120407,0.078099
DUK,17,29,0.100837,0.078664
DUK,17,30,0.080991,0.070233
DUK,17,31,0.092118,0.080505
DUK,17,32,0.070932,0.079255
DUK,17,33,0.052534,0.075074
DUK,17,34,0.048717,0.074666
DUK,17,35,0.053187,0.059136
DUK,17,36,0.058316,0.068173
DUK,17,37,0.073735,0.062597
DUK,17,38,0.055598,0.069800
DUK,17,39,0.044760,0.068699
DUK,17,40,0.036647,0.059934
DUK,17,41,0.038625,0.061863
DUK,17,42,0.029448,0.055071
DUK,17,43,0.059949,0.060694
DUK,17,44,0.052130,0.062915
DUK,17,45,0.012292,0.055818
DUK,17,46,0.092390,0.059177
DUK,17,47,0.052666,0.045000
DUK,17,48,0.017296,0.052903
DUK,17,49,0.023362,0.049519
DUK,17,50,0.025504,0.053084
DUK,17,51,0.035995,0.054991
DUK,17,52,0.036246,0.046019
DUK,17,53,0.049225,0.049345
DUK,17,54,0.034215,0.044378
DUK,17,55,0.058882,0.047973
DUK,17,56,0.046046,0.052713
DUK,17,57,0.053665,0.044849
DUK,17,58,0.050491,0.050938
DUK,17,59,0.034840,0.038301
DUK,17,60,0.045029,0.045713
DUK,17,61,0.069817,0.043545
DUK,17,62,0.043188,0.044948
DUK,17,63,0.071801,0.048331
DUK,17,64,0.038474,0.039356
DUK,17,65,0.046966,0.043146
DUK,17,66,0.057625,0.038881
DUK,17,67,0.034390,0.040681
DUK,17,68,0.040135,0.046145
DUK,17,69,0.051435,0.037547
DUK,17,70,0.030082,0.044753
DUK,17,71,0.033797,0.032949
DUK,17,72,0.063488,0.039705
DUK,17,73,0.045109,0.037928
DUK,17,74,0.051334,0.037948
DUK,17,75,0.079253,0.042019
DUK,17,76,0.048031,0.033355
DUK,17,77,0.058699,0.037420
DUK,17,78,0.007900,0.033674
DUK,17,79,0.029358,0.034365
DUK,17,80,0.038812,0.040085
DUK,17,81,0.027906,0.031258
DUK,17,82,0.038949,0.039069
DUK,17,83,0.032135,0.028015
DUK,17,84,0.045549,0.034299
DUK,17,85,0.030637,0.032656
DUK,17,86,0.044876,0.031865
DUK,17,87,0.054751,0.036205
DUK,17,88,0.052601,0.027976
DUK,17,89,0.043447,0.032137
DUK,17,90,0.019359,0.028737
DUK,17,91,0.068730,0.028673
DUK,17,92,0.037087,0.034343
DUK,17,93,0.027854,0.025510
DUK,17,94,0.028316,0.033565
DUK,17,95,0.008326,0.023148
DUK,17,96,0.025177,0.029052
DUK,17,97,0.006896,0.027407
DUK,17,98,0.039672,0.026149
DUK,17,99,0.008475,0.030533
DUK,17,100,0.027353,0.022793
DUK,17,101,0.025070,0.026960
DUK,17,102,0.036773,0.023840
DUK,17,103,0.032461,0.023281
DUK,17,104,0.030516,0.028789
DUK,17,105,0.025357,0.020106
DUK,17,106,0.009444,0.028219
DUK,17,107,0.016049,0.018377
DUK,17,108,-0.001767,0.023979
DUK,17,109,-0.005185,0.022290
DUK,17,110,-0.016930,0.020783
DUK,17,111,0.016009,0.025086
DUK,17,112,0.009116,0.017843
DUK,17,113,0.022135,0.021948
DUK,17,114,0.011509,0.019064
DUK,17,115,0.011742,0.018174
DUK,17,116,0.004662,0.023471
DUK,17,117,0.002210,0.015018
DUK,17,118,0.035187,0.023073
DUK,17,119,0.004845,0.013749
DUK,17,120,-0.012137,0.019098
DUK,17,121,0.016998,0.017354
DUK,17,122,0.010761,0.015733
DUK,17,123,0.013504,0.019889
DUK,17,124,0.002656,0.013124
DUK,17,125,0.000347,0.017126
DUK,17,126,0.020305,0.014451
DUK,17,127,-0.008741,0.013340
DUK,17,128,0.034213,0.018416
DUK,17,129,0.000984,0.010234
DUK,17,130,0.022819,0.018159
DUK,17,131,0.015826,0.009307
DUK,17,132,0.024759,0.014438
DUK,17,133,0.040803,0.012644
DUK,17,134,0.027855,0.010994
DUK,17,135,0.007136,0.014968
DUK,17,136,0.008242,0.008654
DUK,17,137,0.008728,0.012523
DUK,17,138,0.003451,0.010040
DUK,17,139,-0.012086,0.008780
DUK,17,140,0.025521,0.013639
DUK,17,141,-0.001438,0.005745
DUK,17,142,-0.000071,0.013497
DUK,17,143,0.013112,0.005074
DUK,17,144,0.006727,0.010011
DUK,17,145,-0.028681,0.008178
DUK,17,146,0.013377,0.006552
DUK,17,147,-0.010918,0.010329
DUK,17,148,-0.000617,0.004434
DUK,17,149,0.021599,0.008152
DUK,17,150,-0.010934,0.005848
DUK,17,151,0.002594,0.004487
DUK,17,152,0.017591,0.009143
DUK,17,153,-0.009290,0.001540
DUK,17,154,0.019186,0.009093
DUK,17,155,0.002950,0.001063
DUK,17,156,0.018325,0.005823
DUK,17,157,0.004609,0.003964
DUK,17,158,0.009188,0.002394
DUK,17,159,0.047246,0.005969
DUK,17,160,0.022201,0.000462
DUK,17,161,0.026431,0.004017
DUK,17,162,0.021259,0.001881
DUK,17,163,0.022881,0.000454
DUK,17,164,0.050744,0.004921
DUK,17,165,0.024964,-0.002396
DUK,17,166,0.024553,0.004942
DUK,17,167,0.003847,-0.002725
DUK,17,168,0.017859,0.001870
DUK,17,169,0.009615,-0.000002
DUK,17,170,0.005577,-0.001496
DUK,17,171,0.012463,0.001877
DUK,17,172,0.007198,-0.003270
DUK,17,173,-0.007094,0.000115
DUK,17,174,0.014241,-0.001861
DUK,17,175,0.000823,-0.003331
DUK,17,176,-0.000548,0.000961
DUK,17,177,0.008207,-0.006077
DUK,17,178,-0.000837,0.001039
DUK,17,179,0.032494,-0.006293
DUK,17,180,0.018075,-0.001852
DUK,17,181,-0.010364,-0.003728
DUK,17,182,-0.012014,-0.005134
DUK,17,183,-0.028555,-0.001958
DUK,17,184,-0.017599,-0.006771
DUK,17,185,0.008746,-0.003559
DUK,17,186,-0.002368,-0.005384
DUK,17,187,-0.003868,-0.006880
DUK,17,188,0.000559,-0.002748
DUK,17,189,0.009523,-0.009517
DUK,17,190,0.005052,-0.002628
DUK,17,191,-0.013603,-0.009647
DUK,17,192,-0.024329,-0.005351
DUK,17,193,-0.011458,-0.007224
DUK,17,194,-0.002341,-0.008534
DUK,17,195,-0.025181,-0.005549
DUK,17,196,-0.002362,-0.010052
DUK,17,197,0.000139,-0.007013
DUK,17,198,-0.010570,-0.008694
DUK,17,199,-0.022819,-0.010204
DUK,17,200,0.009057,-0.006221
DUK,17,201,-0.027323,-0.012733
DUK,17,202,0.037859,-0.006068
DUK,17,203,-0.021590,-0.012796
DUK,17,204,-0.000131,-0.008638
DUK,17,205,0.000835,-0.010500
DUK,17,206,-0.014672,-0.011712
DUK,17,207,-0.003619,-0.008912
DUK,17,208,-0.028862,-0.013125
DUK,17,209,0.005725,-0.010256
DUK,17,210,0.003940,-0.011800
DUK,17,211,-0.013540,-0.013316
DUK,17,212,0.002820,-0.009471
DUK,17,213,-0.012240,-0.015736
DUK,17,214,-0.020601,-0.009293
DUK,17,215,-0.013562,-0.015749
DUK,17,216,-0.017078,-0.011722
DUK,17,217,-0.000835,-0.013568
DUK,17,218,-0.017706,-0.014681
DUK,17,219,0.005157,-0.012058
DUK,17,220,-0.010002,-0.015999
DUK,17,221,-0.014561,-0.013298
DUK,17,222,0.002174,-0.014712
DUK,17,223,-0.008297,-0.016228
DUK,17,224,-0.045288,-0.012510
DUK,17,225,-0.022272,-0.018540
DUK,17,226,-0.001198,-0.012315
DUK,17,227,-0.021646,-0.018513
DUK,17,228,-0.023691,-0.014612
DUK,17,229,-0.031599,-0.016439
DUK,17,230,-0.024006,-0.017453
DUK,17,231,-0.019400,-0.015000
DUK,17,232,-0.008628,-0.018687
DUK,17,233,-0.035633,-0.016149
DUK,17,234,-0.044259,-0.017439
DUK,17,235,-0.011819,-0.018950
DUK,17,236,-0.032451,-0.015352
DUK,17,237,-0.029771,-0.021157
DUK,17,238,-0.044458,-0.015144
DUK,17,239,-0.024724,-0.021100
DUK,17,240,-0.020216,-0.017318
DUK,17,241,-0.029508,-0.019124
DUK,17,242,-0.037906,-0.020041
DUK,17,243,-0.029212,-0.017749
DUK,17,244,-0.039689,-0.021198
DUK,17,245,-0.036915,-0.018818
DUK,17,246,-0.015171,-0.019990
DUK,17,247,-0.031214,-0.021493
DUK,17,248,-0.015251,-0.018008
DUK,17,249,-0.022756,-0.023597
DUK,17,250,-0.040709,-0.017791
DUK,17,251,-0.037599,-0.023517
DUK,17,252,-0.021198,-0.019849
FCX,2,1,0.199271,0.173380
FCX,2,2,0.165448,0.171610
FCX,2,3,0.159258,0.169856
FCX,2,4,0.184346,0.168116
FCX,2,5,0.158916,0.166390
FCX,2,6,0.180679,0.164680
FCX,2,7,0.197979,0.162983
FCX,2,8,0.181994,0.161302
FCX,2,9,0.141817,0.159634
FCX,2,10,0.170837,0.157981
FCX,2,11,0.161537,0.156341
FCX,2,12,0.173061,0.154716
FCX,2,13,0.164357,0.153104
FCX,2,14,0.147570,0.151506
FCX,2,15,0.141415,0.149921
FCX,2,16,0.146732,0.148350
FCX,2,17,0.180549,0.146792
FCX,2,18,0.157154,0.145247
FCX,2,19,0.116116,0.143716
FCX,2,20,0.158206,0.142197
FCX,2,21,0.157283,0.140692
FCX,2,22,0.174145,0.139199
FCX,2,23,0.148430,0.137718
FCX,2,24,0.143127,0.136251
FCX,2,25,0.170328,0.134796
FCX,2,26,0.145253,0.133353
FCX,2,27,0.122331,0.131922
FCX,2,28,0.181322,0.130503
FCX,2,29,0.123569,0.129097
FCX,2,30,0.121266,0.127702
FCX,2,31,0.090614,0.126320
FCX,2,32,0.117934,0.124949
FCX,2,33,0.098682,0.123590
FCX,2,34,0.109011,0.122242
FCX,2,35,0.124353,0.120906
FCX,2,36,0.096707,0.119581
FCX,2,37,0.099991,0.118267
FCX,2,38,0.107668,0.116964
FCX,2,39,0.130433,0.115673
FCX,2,40,0.113350,0.114393
FCX,2,41,0.098387,0.113123
FCX,2,42,0.088084,0.111864
FCX,2,43,0.117312,0.110616
FCX,2,44,0.082071,0.109379
FCX,2,45,0.086141,0.108152
FCX,2,46,0.113073,0.106936
FCX,2,47,0.090938,0.105730
FCX,2,48,0.057646,0.104534
FCX,2,49,0.089547,0.103348
FCX,2,50,0.102944,0.102173
FCX,2,51,0.086006,0.101007
FCX,2,52,0.079477,0.099851
FCX,2,53,0.068435,0.098706
FCX,2,54,0.073339,0.097570
FCX,2,55,0.086146,0.096443
FCX,2,56,0.058174,0.095327
FCX,2,57,0.094007,0.094220
FCX,2,58,0.043002,0.093122
FCX,2,59,0.082848,0.092034
FCX,2,60,0.024645,0.090955
FCX,2,61,0.086824,0.089885
FCX,2,62,0.080033,0.088824
FCX,2,63,0.099791,0.087772
FCX,2,64,0.051826,0.086730
FCX,2,65,0.056919,0.085696
FCX,2,66,0.063278,0.084671
FCX,2,67,0.087610,0.083655
FCX,2,68,0.082931,0.082647
FCX,2,69,0.069301,0.081649
FCX,2,70,0.054081,0.080658
FCX,2,71,0.076923,0.079676
FCX,2,72,0.070358,0.078703
FCX,2,73,0.056844,0.077738
FCX,2,74,0.060404,0.076781
FCX,2,75,0.086596,0.075832
FCX,2,76,0.070247,0.074892
FCX,2,77,0.052644,0.073959
FCX,2,78,0.079595,0.073035
FCX,2,79,0.073228,0.072118
FCX,2,80,0.050019,0.071209
FCX,2,81,0.044468,0.070308
FCX,2,82,0.084389,0.069415
FCX,2,83,0.070482,0.068530
FCX,2,84,0.067197,0.067652
FCX,2,85,0.097309,0.066781
FCX,2,86,0.068669,0.065918
FCX,2,87,0.083114,0.065063
FCX,2,88,0.047676,0.064215
FCX,2,89,0.051489,0.063374
FCX,2,90,0.047981,0.062540
FCX,2,91,0.092207,0.061713
FCX,2,92,0.072457,0.060894
FCX,2,93,0.111043,0.060082
FCX,2,94,0.088525,0.059276
FCX,2,95,0.099702,0.058478
FCX,2,96,0.064260,0.057686
FCX,2,97,0.086876,0.056901
FCX,2,98,0.061736,0.056123
FCX,2,99,0.030738,0.055352
FCX,2,100,0.065546,0.054587
FCX,2,101,0.068814,0.053829
FCX,2,102,0.085320,0.053077
FCX,2,103,0.073486,0.052332
FCX,2,104,0.072543,0.051594
FCX,2,105,0.045905,0.050861
FCX,2,106,0.039087,0.050135
FCX,2,107,0.059002,0.049416
FCX,2,108,0.060110,0.048702
FCX,2,109,0.069377,0.047995
FCX,2,110,0.069398,0.047293
FCX,2,111,0.053468,0.046598
FCX,2,112,0.069773,0.045909
FCX,2,113,0.059919,0.045226
FCX,2,114,0.054956,0.044548
FCX,2,115,0.070434,0.043877
FCX,2,116,0.064328,0.043211
FCX,2,117,0.030581,0.042551
FCX,2,118,0.075633,0.041897
FCX,2,119,0.037974,0.041249
FCX,2,120,0.061251,0.040606
FCX,2,121,0.035515,0.039968
FCX,2,122,0.071296,0.039336
FCX,2,123,0.035163,0.038710
FCX,2,124,0.040435,0.038089
FCX,2,125,0.044829,0.037474
FCX,2,126,0.027533,0.036863
FCX,2,127,0.004372,0.036258
FCX,2,128,0.055898,0.035659
FCX,2,129,0.034732,0.035064
FCX,2,130,0.041886,0.034475
FCX,2,131,0.031654,0.033891
FCX,2,132,0.039828,0.033312
FCX,2,133,0.039539,0.032738
FCX,2,134,0.034981,0.032169
FCX,2,135,0.043540,0.031605
FCX,2,136,0.048384,0.031045
FCX,2,137,0.051297,0.030491
FCX,2,138,0.028514,0.029942
FCX,2,139,0.008583,0.029397
FCX,2,140,0.042883,0.028857
FCX,2,141,0.050206,0.028322
FCX,2,142,0.041649,0.027791
FCX,2,143,0.017658,0.027265
FCX,2,144,0.049328,0.026744
FCX,2,145,0.000881,0.026227
FCX,2,146,0.031573,0.025715
FCX,2,147,0.015416,0.025207
FCX,2,148,0.031489,0.024704
FCX,2,149,0.012309,0.024205
FCX,2,150,0.044072,0.023710
FCX,2,151,-0.001831,0.023220
FCX,2,152,0.020977,0.022734
FCX,2,153,0.009383,0.022252
FCX,2,154,0.039950,0.021774
FCX,2,155,0.021045,0.021301
FCX,2,156,0.058187,0.020832
FCX,2,157,0.034038,0.020367
FCX,2,158,0.013432,0.019906
FCX,2,159,-0.013266,0.019449
FCX,2,160,0.044586,0.018996
FCX,2,161,0.041517,0.018547
FCX,2,162,0.008056,0.018102
FCX,2,163,0.030623,0.017661
FCX,2,164,0.015714,0.017224
FCX,2,165,0.026006,0.016791
FCX,2,166,0.004577,0.016361
FCX,2,167,-0.016851,0.015935
FCX,2,168,0.017924,0.015513
FCX,2,169,0.029621,0.015095
FCX,2,170,0.004419,0.014681
FCX,2,171,0.045170,0.014270
FCX,2,172,-0.010307,0.013862
FCX,2,173,0.014277,0.013459
FCX,2,174,-0.006849,0.013059
FCX,2,175,0.040817,0.012662
FCX,2,176,0.014457,0.012269
FCX,2,177,0.009902,0.011879
FCX,2,178,0.010050,0.011493
FCX,2,179,0.015140,0.011111
FCX,2,180,0.018710,0.010731
FCX,2,181,-0.012566,0.010355
FCX,2,182,-0.011950,0.009983
FCX,2,183,0.016343,0.009613
FCX,2,184,-0.002006,0.009247
FCX,2,185,-0.022036,0.008885
FCX,2,186,0.002987,0.008525
FCX,2,187,0.024286,0.008169
FCX,2,188,0.016292,0.007815
FCX,2,189,-0.004305,0.007465
FCX,2,190,-0.009820,0.007118
FCX,2,191,0.012428,0.006775
FCX,2,192,-0.008182,0.006434
FCX,2,193,-0.000285,0.006096
FCX,2,194,0.017998,0.005762
FCX,2,195,0.015321,0.005430
FCX,2,196,0.014680,0.005101
FCX,2,197,-0.028813,0.004775
FCX,2,198,0.006637,0.004452
FCX,2,199,0.027065,0.004132
FCX,2,200,0.023643,0.003815
FCX,2,201,-0.022715,0.003501
FCX,2,202,-0.002104,0.003190
FCX,2,203,0.055943,0.002881
FCX,2,204,0.004612,0.002575
FCX,2,205,0.010850,0.002272
FCX,2,206,0.004557,0.001971
FCX,2,207,-0.009595,0.001674
FCX,2,208,-0.005170,0.001379
FCX,2,209,0.004010,0.001086
FCX,2,210,0.041230,0.000797
FCX,2,211,0.002390,0.000510
FCX,2,212,-0.014700,0.000225
FCX,2,213,0.000180,-0.000057
FCX,2,214,-0.018282,-0.000336
FCX,2,215,0.008034,-0.000613
FCX,2,216,0.002402,-0.000888
FCX,2,217,-0.009883,-0.001159
FCX,2,218,-0.003386,-0.001429
FCX,2,219,-0.021716,-0.001696
FCX,2,220,0.006352,-0.001960
FCX,2,221,-0.016725,-0.002223
FCX,2,222,-0.003518,-0.002482
FCX,2,223,0.002068,-0.002740
FCX,2,224,0.022100,-0.002995
FCX,2,225,-0.031561,-0.003248
FCX,2,226,0.024455,-0.003498
FCX,2,227,-0.015724,-0.003746
FCX,2,228,-0.003763,-0.003992
FCX,2,229,0.000270,-0.004236
FCX,2,230,-0.017047,-0.004477
FCX,2,231,-0.031073,-0.004716
FCX,2,232,0.000494,-0.004953
FCX,2,233,-0.006827,-0.005188
FCX,2,234,-0.001924,-0.005421
FCX,2,235,0.001515,-0.005651
FCX,2,236,-0.021453,-0.005880
FCX,2,237,-0.016728,-0.006106
FCX,2,238,-0.000460,-0.006330
FCX,2,239,-0.004215,-0.006552
FCX,2,240,-0.029413,-0.006773
FCX,2,241,-0.033584,-0.006991
FCX,2,242,-0.003475,-0.007207
FCX,2,243,-0.025544,-0.007421
FCX,2,244,-0.023409,-0.007633
FCX,2,245,-0.024136,-0.007843
FCX,2,246,-0.007748,-0.008051
FCX,2,247,-0.025361,-0.008258
FCX,2,248,-0.008787,-0.008462
FCX,2,249,0.008224,-0.008664
FCX,2,250,-0.028009,-0.008865
FCX,2,251,0.022810,-0.009064
FCX,2,252,-0.031496,-0.009261
FCX,17,1,0.199271,0.207264
FCX,17,2,0.165448,0.164437
FCX,17,3,0.159258,0.154060
FCX,17,4,0.184346,0.200174
FCX,17,5,0.158916,0.186300
FCX,17,6,0.180679,0.198760
FCX,17,7,0.197979,0.179668
FCX,17,8,0.181994,0.177955
FCX,17,9,0.141817,0.148421
FCX,17,10,0.170837,0.166124
FCX,17,11,0.161537,0.158169
FCX,17,12,0.173061,0.152367
FCX,17,13,0.164357,0.157312
FCX,17,14,0.147570,0.156362
FCX,17,15,0.141415,0.147918
FCX,17,16,0.146732,0.159242
FCX,17,17,0.180549,0.144479
FCX,17,18,0.157154,0.152687
FCX,17,19,0.116116,0.153496
FCX,17,20,0.158206,0.155737
FCX,17,21,0.157283,0.139545
FCX,17,22,0.174145,0.149678
FCX,17,23,0.148430,0.143412
FCX,17,24,0.143127,0.128775
FCX,17,25,0.170328,0.133481
FCX,17,26,0.145253,0.127096
FCX,17,27,0.122331,0.121646
FCX,17,28,0.181322,0.126065
FCX,17,29,0.123569,0.111573
FCX,17,30,0.121266,0.111579
FCX,17,31,0.090614,0.110254
FCX,17,32,0.117934,0.107356
FCX,17,33,0.098682,0.095439
FCX,17,34,0.109011,0.106721
FCX,17,35,0.124353,0.108666
FCX,17,36,0.096707,0.099293
FCX,17,37,0.099991,0.109126
FCX,17,38,0.107668,0.105246
FCX,17,39,0.130433,0.104265
FCX,17,40,0.113350,0.109983
FCX,17,41,0.098387,0.102353
FCX,17,42,0.088084,0.107255
FCX,17,43,0.117312,0.112319
FCX,17,44,0.082071,0.111964
FCX,17,45,0.086141,0.102085
FCX,17,46,0.113073,0.109215
FCX,17,47,0.090938,0.107713
FCX,17,48,0.057646,0.094433
FCX,17,49,0.089547,0.100750
FCX,17,50,0.102944,0.095494
FCX,17,51,0.086006,0.094218
FCX,17,52,0.079477,0.096860
FCX,17,53,0.068435,0.086917
FCX,17,54,0.073339,0.086887
FCX,17,55,0.086146,0.087698
FCX,17,56,0.058174,0.084349
FCX,17,57,0.094007,0.075642
FCX,17,58,0.043002,0.084587
FCX,17,59,0.082848,0.087589
FCX,17,60,0.024645,0.078914
FCX,17,61,0.086824,0.087016
FCX,17,62,0.080033,0.083480
FCX,17,63,0.099791,0.083390
FCX,17,64,0.051826,0.086726
FCX,17,65,0.056919,0.080489
FCX,17,66,0.063278,0.084472
FCX,17,67,0.087610,0.089271
FCX,17,68,0.082931,0.088259
FCX,17,69,0.069301,0.080269
FCX,17,70,0.054081,0.086118
FCX,17,71,0.076923,0.085652
FCX,17,72,0.070358,0.074344
FCX,17,73,0.056844,0.079523
FCX,17,74,0.060404,0.075827
FCX,17,75,0.086596,0.075780
FCX,17,76,0.070247,0.077530
FCX,17,77,0.052644,0.069476
FCX,17,78,0.079595,0.069864
FCX,17,79,0.073228,0.070941
FCX,17,80,0.050019,0.067658
FCX,17,81,0.044468,0.060342
FCX,17,82,0.084389,0.067815
FCX,17,83,0.070482,0.070687
FCX,17,84,0.067197,0.062985
FCX,17,85,0.097309,0.068949
FCX,17,86,0.068669,0.066084
FCX,17,87,0.083114,0.066106
FCX,17,88,0.047676,0.067890
FCX,17,89,0.051489,0.062277
FCX,17,90,0.047981,0.065771
FCX,17,91,0.092207,0.069905
FCX,17,92,0.072457,0.068559
FCX,17,93,0.111043,0.061680
FCX,17,94,0.088525,0.066635
FCX,17,95,0.099702,0.066604
FCX,17,96,0.064260,0.056969
FCX,17,97,0.086876,0.060864
FCX,17,98,0.061736,0.058437
FCX,17,99,0.030738,0.059019
FCX,17,100,0.065546,0.060071
FCX,17,101,0.068814,0.053271
FCX,17,102,0.085320,0.054011
FCX,17,103,0.073486,0.055113
FCX,17,104,0.072543,0.051946
FCX,17,105,0.045905,0.045619
FCX,17,106,0.039087,0.051987
FCX,17,107,0.059002,0.054660
FCX,17,108,0.060110,0.047865
FCX,17,109,0.069377,0.052093
FCX,17,110,0.069398,0.049908
FCX,17,111,0.053468,0.050024
FCX,17,112,0.069773,0.050710
FCX,17,113,0.059919,0.045620
FCX,17,114,0.054956,0.048800
FCX,17,115,0.070434,0.052396
FCX,17,116,0.064328,0.050844
FCX,17,117,0.030581,0.044845
FCX,17,118,0.075633,0.049122
FCX,17,119,0.037974,0.049393
FCX,17,120,0.061251,0.041126
FCX,17,121,0.035515,0.043931
FCX,17,122,0.071296,0.042500
FCX,17,123,0.035163,0.043503
FCX,17,124,0.040435,0.043985
FCX,17,125,0.044829,0.038153
FCX,17,126,0.027533,0.039167
FCX,17,127,0.004372,0.040281
FCX,17,128,0.055898,0.037236
FCX,17,129,0.034732,0.031719
FCX,17,130,0.041886,0.037238
FCX,17,131,0.031654,0.039765
FCX,17,132,0.039828,0.033774
FCX,17,133,0.039539,0.036668
FCX,17,134,0.034981,0.035114
FCX,17,135,0.043540,0.035371
FCX,17,136,0.048384,0.035271
FCX,17,137,0.051297,0.030669
FCX,17,138,0.028514,0.033640
FCX,17,139,0.008583,0.036841
FCX,17,140,0.042883,0.035162
FCX,17,141,0.050206,0.029901
FCX,17,142,0.041649,0.033659
FCX,17,143,0.017658,0.034174
FCX,17,144,0.049328,0.027026
FCX,17,145,0.000881,0.028947
FCX,17,146,0.031573,0.028295
FCX,17,147,0.015416,0.029599
FCX,17,148,0.031489,0.029616
FCX,17,149,0.012309,0.024561
FCX,17,150,0.044072,0.025787
FCX,17,151,-0.001831,0.026926
FCX,17,152,0.020977,0.024001
FCX,17,153,0.009383,0.019162
FCX,17,154,0.039950,0.024017
FCX,17,155,0.021045,0.026444
FCX,17,156,0.058187,0.021150
FCX,17,157,0.034038,0.023026
FCX,17,158,0.013432,0.022036
FCX,17,159,-0.013266,0.022456
FCX,17,160,0.044586,0.021793
FCX,17,161,0.041517,0.017637
FCX,17,162,0.008056,0.020463
FCX,17,163,0.030623,0.023375
FCX,17,164,0.015714,0.021620
FCX,17,165,0.026006,0.016980
FCX,17,166,0.004577,0.020338
FCX,17,167,-0.016851,0.021053
FCX,17,168,0.017924,0.014822
FCX,17,169,0.029621,0.016031
FCX,17,170,0.004419,0.015990
FCX,17,171,0.045170,0.017508
FCX,17,172,-0.010307,0.017151
FCX,17,173,0.014277,0.012724
FCX,17,174,-0.006849,0.014112
FCX,17,175,0.040817,0.015285
FCX,17,176,0.014457,0.012474
FCX,17,177,0.009902,0.008200
FCX,17,178,0.010050,0.012533
FCX,17,179,0.015140,0.014886
FCX,17,180,0.018710,0.010188
FCX,17,181,-0.012566,0.011282
FCX,17,182,-0.011950,0.010783
FCX,17,183,0.016343,0.011366
FCX,17,184,-0.002006,0.010300
FCX,17,185,-0.022036,0.006542
FCX,17,186,0.002987,0.009260
FCX,17,187,0.024286,0.011957
FCX,17,188,0.016292,0.010158
FCX,17,189,-0.004305,0.006038
FCX,17,190,-0.009820,0.009084
FCX,17,191,0.012428,0.009963
FCX,17,192,-0.008182,0.004486
FCX,17,193,-0.000285,0.005123
FCX,17,194,0.017998,0.005558
FCX,17,195,0.015321,0.007227
FCX,17,196,0.014680,0.006568
FCX,17,197,-0.028813,0.002651
FCX,17,198,0.006637,0.004164
FCX,17,199,0.027065,0.005374
FCX,17,200,0.023643,0.002668
FCX,17,201,-0.022715,-0.001135
FCX,17,202,-0.002104,0.002781
FCX,17,203,0.055943,0.005075
FCX,17,204,0.004612,0.000880
FCX,17,205,0.010850,0.001372
FCX,17,206,0.004557,0.001290
FCX,17,207,-0.009595,0.002027
FCX,17,208,-0.005170,0.000671
FCX,17,209,0.004010,-0.002738
FCX,17,210,0.041230,-0.000106
FCX,17,211,0.002390,0.002426
FCX,17,212,-0.014700,0.000602
FCX,17,213,0.000180,-0.003083
FCX,17,214,-0.018282,-0.000281
FCX,17,215,0.008034,0.000731
FCX,17,216,0.002402,-0.004128
FCX,17,217,-0.009883,-0.003948
FCX,17,218,-0.003386,-0.003143
FCX,17,219,-0.021716,-0.001371
FCX,17,220,0.006352,-0.002271
FCX,17,221,-0.016725,-0.005772
FCX,17,222,-0.003518,-0.004167
FCX,17,223,0.002068,-0.002919
FCX,17,224,0.022100,-0.005528
FCX,17,225,-0.031561,-0.008941
FCX,17,226,0.024455,-0.005362
FCX,17,227,-0.015724,-0.003119
FCX,17,228,-0.003763,-0.006893
FCX,17,229,0.000270,-0.006866
FCX,17,230,-0.017047,-0.006597
FCX,17,231,-0.031073,-0.005725
FCX,17,232,0.000494,-0.007285
FCX,17,233,-0.006827,-0.010396
FCX,17,234,-0.001924,-0.007835
FCX,17,235,0.001515,-0.005434
FCX,17,236,-0.021453,-0.007270
FCX,17,237,-0.016728,-0.010592
FCX,17,238,-0.000460,-0.007984
FCX,17,239,-0.004215,-0.006866
FCX,17,240,-0.029413,-0.011213
FCX,17,241,-0.033584,-0.011397
FCX,17,242,-0.003475,-0.010307
FCX,17,243,-0.025544,-0.008470
FCX,17,244,-0.023409,-0.009561
FCX,17,245,-0.024136,-0.012722
FCX,17,246,-0.007748,-0.011048
FCX,17,247,-0.025361,-0.009765
FCX,17,248,-0.008787,-0.012286
FCX,17,249,0.008224,-0.015375
FCX,17,250,-0.028009,-0.012070
FCX,17,251,0.022810,-0.009877
FCX,17,252,-0.031496,-0.013299
HD,2,1,0.206732,0.245736
HD,2,2,0.227688,0.233679
HD,2,3,0.175777,0.222242
HD,2,4,0.229670,0.211395
HD,2,5,0.199051,0.201106
HD,2,6,0.250335,0.191347
HD,2,7,0.132758,0.182090
HD,2,8,0.187171,0.173310
HD,2,9,0.160628,0.164982
HD,2,10,0.190194,0.157083
HD,2,11,0.161395,0.149591
HD,2,12,0.163631,0.142484
HD,2,13,0.133910,0.135743
HD,2,14,0.125692,0.129349
HD,2,15,0.145836,0.123284
HD,2,16,0.093030,0.117531
HD,2,17,0.133387,0.112075
HD,2,18,0.141895,0.106899
HD,2,19,0.117441,0.101989
HD,2,20,0.099736,0.097332
HD,2,21,0.104779,0.092914
HD,2,22,0.095021,0.088724
HD,2,23,0.104716,0.084749
HD,2,24,0.046120,0.080979
HD,2,25,0.088689,0.077403
HD,2,26,0.089553,0.074010
HD,2,27,0.073275,0.070792
HD,2,28,0.063993,0.067739
HD,2,29,0.078606,0.064843
HD,2,30,0.060360,0.062096
HD,2,31,0.061011,0.059491
HD,2,32,0.015759,0.057019
HD,2,33,0.056254,0.054674
HD,2,34,0.048349,0.052449
HD,2,35,0.042274,0.050339
HD,2,36,0.031521,0.048336
HD,2,37,0.058132,0.046437
HD,2,38,0.029767,0.044635
HD,2,39,0.059776,0.042926
HD,2,40,0.047927,0.041304
HD,2,41,0.061118,0.039766
HD,2,42,0.018752,0.038306
HD,2,43,0.035939,0.036921
HD,2,44,0.027091,0.035607
HD,2,45,0.058057,0.034360
HD,2,46,0.060792,0.033178
HD,2,47,-0.005821,0.032055
HD,2,48,0.005618,0.030990
HD,2,49,0.018910,0.029980
HD,2,50,-0.002497,0.029021
HD,2,51,0.026316,0.028111
HD,2,52,-0.008906,0.027248
HD,2,53,0.023992,0.026429
HD,2,54,0.017529,0.025651
HD,2,55,0.033537,0.024914
HD,2,56,0.029417,0.024213
HD,2,57,0.003097,0.023549
HD,2,58,0.013901,0.022918
HD,2,59,0.040256,0.022320
HD,2,60,0.021662,0.021751
HD,2,61,0.022647,0.021212
HD,2,62,0.005938,0.020700
HD,2,63,0.009878,0.020214
HD,2,64,0.057041,0.019753
HD,2,65,0.019475,0.019315
HD,2,66,0.037266,0.018899
HD,2,67,0.006070,0.018504
HD,2,68,0.020822,0.018129
HD,2,69,0.008426,0.017773
HD,2,70,0.005727,0.017435
HD,2,71,0.003789,0.017114
HD,2,72,0.016037,0.016809
HD,2,73,-0.003780,0.016520
HD,2,74,0.029218,0.016245
HD,2,75,-0.007254,0.015983
HD,2,76,0.027585,0.015735
HD,2,77,0.010076,0.015499
HD,2,78,-0.008109,0.015275
HD,2,79,-0.004499,0.015062
HD,2,80,0.000740,0.014860
HD,2,81,-0.009027,0.014667
HD,2,82,-0.009815,0.014484
HD,2,83,0.000393,0.014310
HD,2,84,0.012251,0.014145
HD,2,85,0.012726,0.013988
HD,2,86,-0.014030,0.013838
HD,2,87,-0.014068,0.013696
HD,2,88,-0.018925,0.013561
HD,2,89,-0.016956,0.013432
HD,2,90,-0.017413,0.013309
HD,2,91,-0.008662,0.013193
HD,2,92,-0.020420,0.013082
HD,2,93,-0.018699,0.012976
HD,2,94,-0.003034,0.012875
HD,2,95,0.011016,0.012779
HD,2,96,-0.023557,0.012688
HD,2,97,-0.000599,0.012601
HD,2,98,0.001024,0.012518
HD,2,99,0.020971,0.012439
HD,2,100,-0.008270,0.012364
HD,2,101,0.002844,0.012292
HD,2,102,0.009111,0.012223
HD,2,103,-0.005115,0.012157
HD,2,104,0.018022,0.012095
HD,2,105,0.020971,0.012035
HD,2,106,0.013709,0.011978
HD,2,107,0.004835,0.011924
HD,2,108,-0.000155,0.011871
HD,2,109,0.020700,0.011822
HD,2,110,0.010529,0.011774
HD,2,111,0.004015,0.011728
HD,2,112,0.009560,0.011685
HD,2,113,0.037389,0.011643
HD,2,114,0.028939,0.011603
HD,2,115,0.034299,0.011564
HD,2,116,-0.006388,0.011528
HD,2,117,0.031864,0.011492
HD,2,118,-0.007979,0.011458
HD,2,119,0.025558,0.011426
HD,2,120,0.005395,0.011395
HD,2,121,0.035126,0.011364
HD,2,122,0.030093,0.011336
HD,2,123,0.017572,0.011308
HD,2,124,0.000395,0.011281
HD,2,125,0.030137,0.011255
HD,2,126,0.007233,0.011230
HD,2,127,0.008683,0.011206
HD,2,128,0.011151,0.011183
HD,2,129,0.015471,0.011161
HD,2,130,0.007892,0.011139
HD,2,131,0.029689,0.011118
HD,2,132,0.038575,0.011098
HD,2,133,0.014517,0.011079
HD,2,134,0.028530,0.011060
HD,2,135,0.022975,0.011041
HD,2,136,0.027435,0.011023
HD,2,137,0.021105,0.011006
HD,2,138,0.012260,0.010989
HD,2,139,0.029279,0.010973
HD,2,140,0.053900,0.010957
HD,2,141,0.014158,0.010942
HD,2,142,0.027349,0.010927
HD,2,143,0.041599,0.010912
HD,2,144,0.024001,0.010898
HD,2,145,0.014985,0.010884
HD,2,146,0.019231,0.010870
HD,2,147,0.013307,0.010857
HD,2,148,-0.002970,0.010844
HD,2,149,0.025523,0.010831
HD,2,150,0.032100,0.010818
HD,2,151,0.043100,0.010806
HD,2,152,0.009141,0.010794
HD,2,153,0.009694,0.010782
HD,2,154,0.038879,0.010771
HD,2,155,0.026259,0.010759
HD,2,156,0.021629,0.010748
HD,2,157,0.017400,0.010737
HD,2,158,0.029203,0.010727
HD,2,159,0.021115,0.010716
HD,2,160,0.043469,0.010706
HD,2,161,0.031243,0.010695
HD,2,162,0.027690,0.010685
HD,2,163,0.027395,0.010675
HD,2,164,0.019646,0.010665
HD,2,165,0.029077,0.010655
HD,2,166,0.055853,0.010646
HD,2,167,0.008934,0.010636
HD,2,168,0.019647,0.010627
HD,2,169,0.030560,0.010617
HD,2,170,0.038520,0.010608
HD,2,171,0.003332,0.010599
HD,2,172,0.063549,0.010590
HD,2,173,0.017392,0.010581
HD,2,174,0.020200,0.010572
HD,2,175,0.003576,0.010563
HD,2,176,0.057932,0.010554
HD,2,177,0.052087,0.010546
HD,2,178,0.024557,0.010537
HD,2,179,0.002287,0.010528
HD,2,180,0.004873,0.010520
HD,2,181,0.021095,0.010511
HD,2,182,0.017500,0.010503
HD,2,183,-0.007011,0.010495
HD,2,184,0.026283,0.010486
HD,2,185,0.014573,0.010478
HD,2,186,0.016012,0.010470
HD,2,187,0.023788,0.010462
HD,2,188,-0.002566,0.010454
HD,2,189,0.008665,0.010445
HD,2,190,0.020081,0.010437
HD,2,191,0.014956,0.010429
HD,2,192,-0.001620,0.010421
HD,2,193,0.021227,0.010413
HD,2,194,0.002983,0.010406
HD,2,195,0.018485,0.010398
HD,2,196,0.006798,0.010390
HD,2,197,0.021380,0.010382
HD,2,198,0.037849,0.010374
HD,2,199,0.026396,0.010366
HD,2,200,-0.018282,0.010359
HD,2,201,-0.003251,0.010351
HD,2,202,-0.001124,0.010343
HD,2,203,0.027949,0.010335
HD,2,204,0.021030,0.010328
HD,2,205,0.013996,0.010320
HD,2,206,0.016160,0.010312
HD,2,207,0.007979,0.010305
HD,2,208,0.005952,0.010297
HD,2,209,0.006524,0.010290
HD,2,210,-0.000580,0.010282
HD,2,211,0.024822,0.010274
HD,2,212,0.004907,0.010267
HD,2,213,0.008089,0.010259
HD,2,214,-0.017650,0.010252
HD,2,215,0.019890,0.010244
HD,2,216,-0.005557,0.010237
HD,2,217,0.039151,0.010229
HD,2,218,0.020994,0.010222
HD,2,219,0.001942,0.010214
HD,2,220,0.000759,0.010207
HD,2,221,0.008249,0.010200
HD,2,222,0.001377,0.010192
HD,2,223,0.014879,0.010185
HD,2,224,-0.004425,0.010177
HD,2,225,-0.026870,0.010170
HD,2,226,-0.007253,0.010163
HD,2,227,-0.007071,0.010155
HD,2,228,0.007127,0.010148
HD,2,229,-0.014865,0.010140
HD,2,230,-0.008202,0.010133
HD,2,231,0.009977,0.010126
HD,2,232,-0.001040,0.010118
HD,2,233,-0.029999,0.010111
HD,2,234,-0.006366,0.010104
HD,2,235,0.012469,0.010097
HD,2,236,0.006645,0.010089
HD,2,237,0.020382,0.010082
HD,2,238,0.000142,0.010075
HD,2,239,0.039445,0.010067
HD,2,240,0.008762,0.010060
HD,2,241,0.011372,0.010053
HD,2,242,-0.027286,0.010046
HD,2,243,-0.006520,0.010038
HD,2,244,0.004587,0.010031
HD,2,245,0.019983,0.010024
HD,2,246,0.009946,0.010017
HD,2,247,-0.027121,0.010010
HD,2,248,0.015933,0.010002
HD,2,249,-0.009111,0.009995
HD,2,250,0.005273,0.009988
HD,2,251,-0.005545,0.009981
HD,2,252,-0.029553,0.009974
HD,17,1,0.206732,0.203403
HD,17,2,0.227688,0.231170
HD,17,3,0.175777,0.184115
HD,17,4,0.229670,0.228896
HD,17,5,0.199051,0.203555
HD,17,6,0.250335,0.261356
HD,17,7,0.132758,0.136644
HD,17,8,0.187171,0.178658
HD,17,9,0.160628,0.150406
HD,17,10,0.190194,0.183664
HD,17,11,0.161395,0.158079
HD,17,12,0.163631,0.152990
HD,17,13,0.133910,0.152142
HD,17,14,0.125692,0.137552
HD,17,15,0.145836,0.140664
HD,17,16,0.093030,0.116855
HD,17,17,0.133387,0.134819
HD,17,18,0.141895,0.130343
HD,17,19,0.117441,0.107754
HD,17,20,0.099736,0.095838
HD,17,21,0.104779,0.106149
HD,17,22,0.095021,0.094454
HD,17,23,0.104716,0.089616
HD,17,24,0.046120,0.070116
HD,17,25,0.088689,0.082532
HD,17,26,0.089553,0.067658
HD,17,27,0.073275,0.068605
HD,17,28,0.063993,0.048367
HD,17,29,0.078606,0.065146
HD,17,30,0.060360,0.054836
HD,17,31,0.061011,0.053573
HD,17,32,0.015759,0.040279
HD,17,33,0.056254,0.055036
HD,17,34,0.048349,0.047037
HD,17,35,0.042274,0.049781
HD,17,36,0.031521,0.035425
HD,17,37,0.058132,0.052043
HD,17,38,0.029767,0.042828
HD,17,39,0.059776,0.044709
HD,17,40,0.047927,0.032851
HD,17,41,0.061118,0.046388
HD,17,42,0.018752,0.035641
HD,17,43,0.035939,0.039098
HD,17,44,0.027091,0.026031
HD,17,45,0.058057,0.035557
HD,17,46,0.060792,0.028608
HD,17,47,-0.005821,0.029813
HD,17,48,0.005618,0.015307
HD,17,49,0.018910,0.028848
HD,17,50,-0.002497,0.019720
HD,17,51,0.026316,0.019854
HD,17,52,-0.008906,0.012084
HD,17,53,0.023992,0.022433
HD,17,54,0.017529,0.012892
HD,17,55,0.033537,0.019556
HD,17,56,0.029417,0.010037
HD,17,57,0.003097,0.018263
HD,17,58,0.013901,0.015840
HD,17,59,0.040256,0.019167
HD,17,60,0.021662,0.008424
HD,17,61,0.022647,0.022331
HD,17,62,0.005938,0.015912
HD,17,63,0.009878,0.016744
HD,17,64,0.057041,0.012753
HD,17,65,0.019475,0.020913
HD,17,66,0.037266,0.012008
HD,17,67,0.006070,0.018961
HD,17,68,0.020822,0.010309
HD,17,69,0.008426,0.014986
HD,17,70,0.005727,0.013045
HD,17,71,0.003789,0.014853
HD,17,72,0.016037,0.004292
HD,17,73,-0.003780,0.015619
HD,17,74,0.029218,0.009210
HD,17,75,-0.007254,0.008953
HD,17,76,0.027585,0.006669
HD,17,77,0.010076,0.012851
HD,17,78,-0.008109,0.004959
HD,17,79,-0.004499,0.012652
HD,17,80,0.000740,0.006159
HD,17,81,-0.009027,0.009925
HD,17,82,-0.009815,0.010276
HD,17,83,0.000393,0.012873
HD,17,84,0.012251,0.004572
HD,17,85,0.012726,0.015559
HD,17,86,-0.014030,0.010739
HD,17,87,-0.014068,0.010670
HD,17,88,-0.018925,0.010218
HD,17,89,-0.016956,0.015017
HD,17,90,-0.017413,0.007694
HD,17,91,-0.008662,0.014946
HD,17,92,-0.020420,0.009037
HD,17,93,-0.018699,0.010724
HD,17,94,-0.003034,0.011238
HD,17,95,0.011016,0.012718
HD,17,96,-0.023557,0.004660
HD,17,97,-0.000599,0.013860
HD,17,98,0.001024,0.009157
HD,17,99,0.020971,0.008300
HD,17,100,-0.008270,0.008687
HD,17,101,0.002844,0.012253
HD,17,102,0.009111,0.005655
HD,17,103,-0.005115,0.012927
HD,17,104,0.018022,0.008301
HD,17,105,0.020971,0.009392
HD,17,106,0.013709,0.011148
HD,17,107,0.004835,0.012859
HD,17,108,-0.000155,0.006171
HD,17,109,0.020700,0.014941
HD,17,110,0.010529,0.011222
HD,17,111,0.004015,0.010317
HD,17,112,0.009560,0.011690
HD,17,113,0.037389,0.014378
HD,17,114,0.028939,0.008229
HD,17,115,0.034299,0.014989
HD,17,116,-0.006388,0.010765
HD,17,117,0.031864,0.010628
HD,17,118,-0.007979,0.012486
HD,17,119,0.025558,0.013424
HD,17,120,0.005395,0.006970
HD,17,121,0.035126,0.014579
HD,17,122,0.030093,0.011017
HD,17,123,0.017572,0.009557
HD,17,124,0.000395,0.011400
HD,17,125,0.030137,0.013316
HD,17,126,0.007233,0.007678
HD,17,127,0.008683,0.014257
HD,17,128,0.011151,0.010816
HD,17,129,0.015471,0.010285
HD,17,130,0.007892,0.012861
HD,17,131,0.029689,0.013807
HD,17,132,0.038575,0.008199
HD,17,133,0.014517,0.015442
HD,17,134,0.028530,0.012506
HD,17,135,0.022975,0.010926
HD,17,136,0.027435,0.013335
HD,17,137,0.021105,0.014694
HD,17,138,0.012260,0.009396
HD,17,139,0.029279,0.015549
HD,17,140,0.053900,0.012395
HD,17,141,0.014158,0.011132
HD,17,142,0.027349,0.013798
HD,17,143,0.041599,0.014223
HD,17,144,0.024001,0.008821
HD,17,145,0.014985,0.015322
HD,17,146,0.019231,0.012543
HD,17,147,0.013307,0.010583
HD,17,148,-0.002970,0.013278
HD,17,149,0.025523,0.014151
HD,17,150,0.032100,0.009215
HD,17,151,0.043100,0.015157
HD,17,152,0.009141,0.012494
HD,17,153,0.009694,0.010970
HD,17,154,0.038879,0.014065
HD,17,155,0.026259,0.014424
HD,17,156,0.021629,0.009555
HD,17,157,0.017400,0.015774
HD,17,158,0.029203,0.013401
HD,17,159,0.021115,0.011320
HD,17,160,0.043469,0.014352
HD,17,161,0.031243,0.014870
HD,17,162,0.027690,0.010189
HD,17,163,0.027395,0.015807
HD,17,164,0.019646,0.013353
HD,17,165,0.029077,0.011390
HD,17,166,0.055853,0.014563
HD,17,167,0.008934,0.014577
HD,17,168,0.019647,0.009879
HD,17,169,0.030560,0.015622
HD,17,170,0.038520,0.013387
HD,17,171,0.003332,0.011054
HD,17,172,0.063549,0.014264
HD,17,173,0.017392,0.014476
HD,17,174,0.020200,0.010052
HD,17,175,0.003576,0.015482
HD,17,176,0.057932,0.013342
HD,17,177,0.052087,0.011210
HD,17,178,0.024557,0.014642
HD,17,179,0.002287,0.014576
HD,17,180,0.004873,0.010224
HD,17,181,0.021095,0.015754
HD,17,182,0.017500,0.013787
HD,17,183,-0.007011,0.011356
HD,17,184,0.026283,0.014768
HD,17,185,0.014573,0.014753
HD,17,186,0.016012,0.010521
HD,17,187,0.023788,0.015712
HD,17,188,-0.002566,0.013725
HD,17,189,0.008665,0.011329
HD,17,190,0.020081,0.014821
HD,17,191,0.014956,0.014530
HD,17,192,-0.001620,0.010316
HD,17,193,0.021227,0.015535
HD,17,194,0.002983,0.013680
HD,17,195,0.018485,0.011087
HD,17,196,0.006798,0.014610
HD,17,197,0.021380,0.014400
HD,17,198,0.037849,0.010354
HD,17,199,0.026396,0.015391
HD,17,200,-0.018282,0.013609
HD,17,201,-0.003251,0.011106
HD,17,202,-0.001124,0.014752
HD,17,203,0.027949,0.014390
HD,17,204,0.021030,0.010406
HD,17,205,0.013996,0.015465
HD,17,206,0.016160,0.013789
HD,17,207,0.007979,0.011126
HD,17,208,0.005952,0.014769
HD,17,209,0.006524,0.014414
HD,17,210,-0.000580,0.010511
HD,17,211,0.024822,0.015372
HD,17,212,0.004907,0.013702
HD,17,213,0.008089,0.011044
HD,17,214,-0.017650,0.014730
HD,17,215,0.019890,0.014223
HD,17,216,-0.005557,0.010350
HD,17,217,0.039151,0.015199
HD,17,218,0.020994,0.013611
HD,17,219,0.001942,0.010847
HD,17,220,0.000759,0.014556
HD,17,221,0.008249,0.014078
HD,17,222,0.001377,0.010311
HD,17,223,0.014879,0.015049
HD,17,224,-0.004425,0.013515
HD,17,225,-0.026870,0.010792
HD,17,226,-0.007253,0.014567
HD,17,227,-0.007071,0.014004
HD,17,228,0.007127,0.010289
HD,17,229,-0.014865,0.015016
HD,17,230,-0.008202,0.013550
HD,17,231,0.009977,0.010741
HD,17,232,-0.001040,0.014516
HD,17,233,-0.029999,0.013945
HD,17,234,-0.006366,0.010288
HD,17,235,0.012469,0.014895
HD,17,236,0.006645,0.013443
HD,17,237,0.020382,0.010630
HD,17,238,0.000142,0.014428
HD,17,239,0.039445,0.013771
HD,17,240,0.008762,0.010145
HD,17,241,0.011372,0.014726
HD,17,242,-0.027286,0.013328
HD,17,243,-0.006520,0.010460
HD,17,244,0.004587,0.014270
HD,17,245,0.019983,0.013622
HD,17,246,0.009946,0.010066
HD,17,247,-0.027121,0.014574
HD,17,248,0.015933,0.013215
HD,17,249,-0.009111,0.010366
HD,17,250,0.005273,0.014210
HD,17,251,-0.005545,0.013514
HD,17,252,-0.029553,0.009999
HON,2,1,0.258520,0.312940
HON,2,2,0.252304,0.294760
HON,2,3,0.286298,0.278199
HON,2,4,0.298053,0.263102
HON,2,5,0.256754,0.249329
HON,2,6,0.211429,0.236755
HON,2,7,0.238691,0.225266
HON,2,8,0.212930,0.214758
HON,2,9,0.229533,0.205139
HON,2,10,0.228643,0.196324
HON,2,11,0.198558,0.188238
HON,2,12,0.183066,0.180812
HON,2,13,0.195919,0.173982
HON,2,14,0.197323,0.167695
HON,2,15,0.160002,0.161897
HON,2,16,0.194924,0.156544
HON,2,17,0.194009,0.151595
HON,2,18,0.167367,0.147010
HON,2,19,0.144212,0.142757
HON,2,20,0.181587,0.138805
HON,2,21,0.153483,0.135126
HON,2,22,0.098781,0.131696
HON,2,23,0.163636,0.128490
HON,2,24,0.086769,0.125489
HON,2,25,0.124388,0.122674
HON,2,26,0.097894,0.120029
HON,2,27,0.112697,0.117538
HON,2,28,0.109872,0.115187
HON,2,29,0.107522,0.112965
HON,2,30,0.110266,0.110859
HON,2,31,0.111710,0.108860
HON,2,32,0.100368,0.106959
HON,2,33,0.086372,0.105146
HON,2,34,0.097843,0.103415
HON,2,35,0.100878,0.101759
HON,2,36,0.100780,0.100171
HON,2,37,0.109745,0.098646
HON,2,38,0.111496,0.097179
HON,2,39,0.132111,0.095766
HON,2,40,0.066056,0.094401
HON,2,41,0.113812,0.093082
HON,2,42,0.134496,0.091805
HON,2,43,0.091176,0.090566
HON,2,44,0.059425,0.089364
HON,2,45,0.081586,0.088195
HON,2,46,0.077156,0.087057
HON,2,47,0.070224,0.085948
HON,2,48,0.077917,0.084866
HON,2,49,0.077726,0.083810
HON,2,50,0.063643,0.082777
HON,2,51,0.059241,0.081767
HON,2,52,0.076885,0.080778
HON,2,53,0.070063,0.079809
HON,2,54,0.091657,0.078858
HON,2,55,0.090839,0.077925
HON,2,56,0.058913,0.077010
HON,2,57,0.055845,0.076110
HON,2,58,0.068935,0.075225
HON,2,59,0.106782,0.074355
HON,2,60,-0.011899,0.073499
HON,2,61,0.049265,0.072657
HON,2,62,0.085473,0.071827
HON,2,63,0.061088,0.071010
HON,2,64,0.048920,0.070204
HON,2,65,0.034747,0.069411
HON,2,66,0.040536,0.068628
HON,2,67,0.036765,0.067856
HON,2,68,0.052199,0.067094
HON,2,69,0.037322,0.066343
HON,2,70,0.044866,0.065601
HON,2,71,0.066115,0.064869
HON,2,72,0.084186,0.064147
HON,2,73,0.039753,0.063433
HON,2,74,0.030511,0.062728
HON,2,75,0.036930,0.062032
HON,2,76,0.058832,0.061345
HON,2,77,0.060968,0.060666
HON,2,78,0.054528,0.059995
HON,2,79,0.035595,0.059332
HON,2,80,0.034179,0.058676
HON,2,81,0.020544,0.058029
HON,2,82,0.063986,0.057389
HON,2,83,0.001952,0.056757
HON,2,84,0.037580,0.056132
HON,2,85,0.012639,0.055514
HON,2,86,0.039441,0.054903
HON,2,87,0.043545,0.054299
HON,2,88,0.041763,0.053702
HON,2,89,0.048003,0.053112
HON,2,90,0.043513,0.052528
HON,2,91,0.025880,0.051951
HON,2,92,0.067774,0.051381
HON,2,93,0.050757,0.050817
HON,2,94,0.041865,0.050259
HON,2,95,0.055997,0.049707
HON,2,96,0.054310,0.049162
HON,2,97,0.074778,0.048623
HON,2,98,0.064771,0.048090
HON,2,99,0.038893,0.047562
HON,2,100,0.055368,0.047041
HON,2,101,0.052926,0.046525
HON,2,102,0.036357,0.046015
HON,2,103,0.062710,0.045511
HON,2,104,0.046808,0.045012
HON,2,105,0.044115,0.044519
HON,2,106,0.034351,0.044031
HON,2,107,0.065971,0.043548
HON,2,108,0.050329,0.043071
HON,2,109,0.046690,0.042599
HON,2,110,0.046488,0.042132
HON,2,111,0.072145,0.041671
HON,2,112,0.038897,0.041214
HON,2,113,0.067986,0.040763
HON,2,114,0.022585,0.040316
HON,2,115,0.059011,0.039875
HON,2,116,0.020818,0.039438
HON,2,117,0.054502,0.039006
HON,2,118,0.040898,0.038579
HON,2,119,0.022510,0.038156
HON,2,120,0.048447,0.037739
HON,2,121,0.044930,0.037325
HON,2,122,0.039038,0.036917
HON,2,123,0.012372,0.036512
HON,2,124,0.022137,0.036112
HON,2,125,0.026307,0.035717
HON,2,126,0.038810,0.035326
HON,2,127,0.020462,0.034939
HON,2,128,0.036836,0.034556
HON,2,129,0.042125,0.034178
HON,2,130,0.033498,0.033804
HON,2,131,0.049223,0.033434
HON,2,132,0.024309,0.033068
HON,2,133,0.064054,0.032705
HON,2,134,0.056634,0.032347
HON,2,135,0.048192,0.031993
HON,2,136,0.033814,0.031643
HON,2,137,0.044761,0.031296
HON,2,138,0.061616,0.030954
HON,2,139,0.068470,0.030615
HON,2,140,0.042306,0.030279
HON,2,141,0.053611,0.029948
HON,2,142,0.057367,0.029620
HON,2,143,0.063381,0.029296
HON,2,144,0.023136,0.028975
HON,2,145,0.046054,0.028658
HON,2,146,0.045932,0.028344
HON,2,147,0.031027,0.028034
HON,2,148,0.049876,0.027727
HON,2,149,0.035860,0.027423
HON,2,150,0.065541,0.027123
HON,2,151,0.071833,0.026826
HON,2,152,0.066079,0.026532
HON,2,153,0.068922,0.026242
HON,2,154,0.096973,0.025954
HON,2,155,0.066901,0.025670
HON,2,156,0.071910,0.025389
HON,2,157,0.042674,0.025111
HON,2,158,0.062218,0.024836
HON,2,159,0.125489,0.024564
HON,2,160,0.058930,0.024295
HON,2,161,0.075560,0.024029
HON,2,162,0.030414,0.023766
HON,2,163,0.045243,0.023506
HON,2,164,0.072585,0.023248
HON,2,165,0.041011,0.022994
HON,2,166,0.063621,0.022742
HON,2,167,0.033721,0.022493
HON,2,168,0.058858,0.022247
HON,2,169,0.058561,0.022003
HON,2,170,0.036922,0.021762
HON,2,171,0.020765,0.021524
HON,2,172,0.046517,0.021288
HON,2,173,0.038472,0.021055
HON,2,174,0.053609,0.020825
HON,2,175,0.026738,0.020597
HON,2,176,0.027977,0.020371
HON,2,177,0.034273,0.020148
HON,2,178,0.023982,0.019928
HON,2,179,0.004421,0.019709
HON,2,180,0.015186,0.019494
HON,2,181,0.020558,0.019280
HON,2,182,0.006097,0.019069
HON,2,183,-0.019295,0.018860
HON,2,184,0.018571,0.018654
HON,2,185,0.008339,0.018449
HON,2,186,-0.005143,0.018247
HON,2,187,-0.007466,0.018048
HON,2,188,-0.010541,0.017850
HON,2,189,0.020474,0.017655
HON,2,190,-0.002025,0.017461
HON,2,191,-0.015520,0.017270
HON,2,192,0.004196,0.017081
HON,2,193,-0.003693,0.016894
HON,2,194,0.019399,0.016709
HON,2,195,-0.012638,0.016526
HON,2,196,0.006227,0.016345
HON,2,197,-0.002424,0.016166
HON,2,198,0.015953,0.015989
HON,2,199,0.002297,0.015814
HON,2,200,0.015047,0.015641
HON,2,201,0.012892,0.015470
HON,2,202,-0.009886,0.015300
HON,2,203,0.004734,0.015133
HON,2,204,0.007546,0.014967
HON,2,205,0.007921,0.014803
HON,2,206,0.003776,0.014641
HON,2,207,0.024404,0.014481
HON,2,208,0.028627,0.014322
HON,2,209,0.005261,0.014165
HON,2,210,0.009932,0.014010
HON,2,211,0.025297,0.013857
HON,2,212,0.014765,0.013705
HON,2,213,0.013980,0.013555
HON,2,214,0.027528,0.013407
HON,2,215,0.004652,0.013260
HON,2,216,0.027738,0.013115
HON,2,217,0.015892,0.012971
HON,2,218,0.012823,0.012829
HON,2,219,0.029766,0.012689
HON,2,220,-0.012552,0.012550
HON,2,221,-0.004851,0.012412
HON,2,222,-0.004376,0.012276
HON,2,223,-0.001352,0.012142
HON,2,224,-0.017990,0.012009
HON,2,225,-0.004058,0.011878
HON,2,226,-0.009346,0.011748
HON,2,227,-0.004787,0.011619
HON,2,228,-0.021050,0.011492
HON,2,229,-0.029470,0.011366
HON,2,230,0.015554,0.011241
HON,2,231,0.033577,0.011118
HON,2,232,-0.017390,0.010997
HON,2,233,0.001200,0.010876
HON,2,234,-0.032711,0.010757
HON,2,235,0.016176,0.010639
HON,2,236,0.010800,0.010523
HON,2,237,-0.005950,0.010408
HON,2,238,-0.023941,0.010294
HON,2,239,0.017359,0.010181
HON,2,240,-0.016232,0.010069
HON,2,241,-0.027263,0.009959
HON,2,242,0.003035,0.009850
HON,2,243,-0.019057,0.009742
HON,2,244,-0.019571,0.009636
HON,2,245,-0.029082,0.009530
HON,2,246,-0.003263,0.009426
HON,2,247,-0.025480,0.009323
HON,2,248,0.004005,0.009221
HON,2,249,0.006219,0.009120
HON,2,250,-0.002856,0.009020
HON,2,251,-0.013146,0.008921
HON,2,252,-0.003877,0.008823
HON,17,1,0.258520,0.258986
HON,17,2,0.252304,0.249760
HON,17,3,0.286298,0.285435
HON,17,4,0.298053,0.293798
HON,17,5,0.256754,0.256583
HON,17,6,0.211429,0.225958
HON,17,7,0.238691,0.235900
HON,17,8,0.212930,0.228519
HON,17,9,0.229533,0.214810
HON,17,10,0.228643,0.202378
HON,17,11,0.198558,0.219392
HON,17,12,0.183066,0.179281
HON,17,13,0.195919,0.204791
HON,17,14,0.197323,0.201318
HON,17,15,0.160002,0.186381
HON,17,16,0.194924,0.182873
HON,17,17,0.194009,0.180717
HON,17,18,0.167367,0.165571
HON,17,19,0.144212,0.158163
HON,17,20,0.181587,0.146282
HON,17,21,0.153483,0.142417
HON,17,22,0.098781,0.135173
HON,17,23,0.163636,0.143373
HON,17,24,0.086769,0.108505
HON,17,25,0.124388,0.122089
HON,17,26,0.097894,0.113654
HON,17,27,0.112697,0.098798
HON,17,28,0.109872,0.096612
HON,17,29,0.107522,0.101919
HON,17,30,0.110266,0.100947
HON,17,31,0.111710,0.102391
HON,17,32,0.100368,0.098048
HON,17,33,0.086372,0.099055
HON,17,34,0.097843,0.095241
HON,17,35,0.100878,0.103179
HON,17,36,0.100780,0.082610
HON,17,37,0.109745,0.101004
HON,17,38,0.111496,0.103167
HON,17,39,0.132111,0.097380
HON,17,40,0.066056,0.095757
HON,17,41,0.113812,0.096728
HON,17,42,0.134496,0.091754
HON,17,43,0.091176,0.087440
HON,17,44,0.059425,0.081903
HON,17,45,0.081586,0.085050
HON,17,46,0.077156,0.084834
HON,17,47,0.070224,0.090857
HON,17,48,0.077917,0.072948
HON,17,49,0.077726,0.081788
HON,17,50,0.063643,0.077861
HON,17,51,0.059241,0.069546
HON,17,52,0.076885,0.067738
HON,17,53,0.070063,0.072654
HON,17,54,0.091657,0.075205
HON,17,55,0.090839,0.075319
HON,17,56,0.058913,0.071495
HON,17,57,0.055845,0.072555
HON,17,58,0.068935,0.069469
HON,17,59,0.106782,0.071673
HON,17,60,-0.011899,0.059622
HON,17,61,0.049265,0.071109
HON,17,62,0.085473,0.073929
HON,17,63,0.061088,0.070952
HON,17,64,0.048920,0.068799
HON,17,65,0.034747,0.069179
HON,17,66,0.040536,0.066787
HON,17,67,0.036765,0.062614
HON,17,68,0.052199,0.058839
HON,17,69,0.037322,0.063020
HON,17,70,0.044866,0.064819
HON,17,71,0.066115,0.068167
HON,17,72,0.084186,0.057839
HON,17,73,0.039753,0.062656
HON,17,74,0.030511,0.060031
HON,17,75,0.036930,0.054186
HON,17,76,0.058832,0.052235
HON,17,77,0.060968,0.056345
HON,17,78,0.054528,0.059863
HON,17,79,0.035595,0.059434
HON,17,80,0.034179,0.056109
HON,17,81,0.020544,0.056652
HON,17,82,0.063986,0.054061
HON,17,83,0.001952,0.053428
HON,17,84,0.037580,0.046057
HON,17,85,0.012639,0.053687
HON,17,86,0.039441,0.056781
HON,17,87,0.043545,0.055189
HON,17,88,0.041763,0.052939
HON,17,89,0.048003,0.052778
HON,17,90,0.043513,0.051170
HON,17,91,0.025880,0.047172
HON,17,92,0.067774,0.044350
HON,17,93,0.050757,0.048394
HON,17,94,0.041865,0.051003
HON,17,95,0.055997,0.052821
HON,17,96,0.054310,0.046448
HON,17,97,0.074778,0.048793
HON,17,98,0.064771,0.046693
HON,17,99,0.038893,0.042110
HON,17,100,0.055368,0.040282
HON,17,101,0.052926,0.043852
HON,17,102,0.036357,0.047578
HON,17,103,0.062710,0.047174
HON,17,104,0.046808,0.044426
HON,17,105,0.044115,0.044487
HON,17,106,0.034351,0.042262
HON,17,107,0.065971,0.040369
HON,17,108,0.050329,0.035716
HON,17,109,0.046690,0.041200
HON,17,110,0.046488,0.044416
HON,17,111,0.072145,0.043648
HON,17,112,0.038897,0.041578
HON,17,113,0.067986,0.041060
HON,17,114,0.022585,0.039631
HON,17,115,0.059011,0.035941
HON,17,116,0.020818,0.033788
HON,17,117,0.054502,0.037454
HON,17,118,0.040898,0.040397
HON,17,119,0.022510,0.041479
HON,17,120,0.048447,0.037319
HON,17,121,0.044930,0.038202
HON,17,122,0.039038,0.036318
HON,17,123,0.012372,0.032497
HON,17,124,0.022137,0.030921
HON,17,125,0.026307,0.034121
HON,17,126,0.038810,0.037770
HON,17,127,0.020462,0.037595
HON,17,128,0.036836,0.035369
HON,17,129,0.042125,0.035033
HON,17,130,0.033498,0.033022
HON,17,131,0.049223,0.030636
HON,17,132,0.024309,0.027603
HON,17,133,0.064054,0.031841
HON,17,134,0.056634,0.035062
HON,17,135,0.048192,0.034832
HON,17,136,0.033814,0.033034
HON,17,137,0.044761,0.032269
HON,17,138,0.061616,0.030803
HON,17,139,0.068470,0.027460
HON,17,140,0.042306,0.025811
HON,17,141,0.053611,0.029097
HON,17,142,0.057367,0.032142
HON,17,143,0.063381,0.032930
HON,17,144,0.023136,0.030074
HON,17,145,0.046054,0.030083
HON,17,146,0.045932,0.028271
HON,17,147,0.031027,0.024966
HON,17,148,0.049876,0.023670
HON,17,149,0.035860,0.026591
HON,17,150,0.065541,0.030063
HON,17,151,0.071833,0.030159
HON,17,152,0.066079,0.028363
HON,17,153,0.068922,0.027716
HON,17,154,0.096973,0.025803
HON,17,155,0.066901,0.023291
HON,17,156,0.071910,0.021252
HON,17,157,0.042674,0.024730
HON,17,158,0.062218,0.027883
HON,17,159,0.125489,0.028030
HON,17,160,0.058930,0.026508
HON,17,161,0.075560,0.025562
HON,17,162,0.030414,0.023994
HON,17,163,0.045243,0.020980
HON,17,164,0.072585,0.019720
HON,17,165,0.041011,0.022680
HON,17,166,0.063621,0.025709
HON,17,167,0.033721,0.026428
HON,17,168,0.058858,0.024376
HON,17,169,0.058561,0.023853
HON,17,170,0.036922,0.022042
HON,17,171,0.020765,0.019118
HON,17,172,0.046517,0.018081
HON,17,173,0.038472,0.020780
HON,17,174,0.053609,0.024054
HON,17,175,0.026738,0.024401
HON,17,176,0.027977,0.022947
HON,17,177,0.034273,0.022064
HON,17,178,0.023982,0.020180
HON,17,179,0.004421,0.017711
HON,17,180,0.015186,0.016303
HON,17,181,0.020558,0.019293
HON,17,182,0.006097,0.022340
HON,17,183,-0.019295,0.022763
HON,17,184,0.018571,0.021490
HON,17,185,0.008339,0.020406
HON,17,186,-0.005143,0.018728
HON,17,187,-0.007466,0.016005
HON,17,188,-0.010541,0.015046
HON,17,189,0.020474,0.017742
HON,17,190,-0.002025,0.020697
HON,17,191,-0.015520,0.021450
HON,17,192,0.004196,0.019919
HON,17,193,-0.003693,0.019062
HON,17,194,0.019399,0.017222
HON,17,195,-0.012638,0.014593
HON,17,196,0.006227,0.013781
HON,17,197,-0.002424,0.016294
HON,17,198,0.015953,0.019381
HON,17,199,0.002297,0.019942
HON,17,200,0.015047,0.018758
HON,17,201,0.012892,0.017699
HON,17,202,-0.009886,0.015807
HON,17,203,0.004734,0.013450
HON,17,204,0.007546,0.012460
HON,17,205,0.007921,0.015119
HON,17,206,0.003776,0.018046
HON,17,207,0.024404,0.018678
HON,17,208,0.028627,0.017617
HON,17,209,0.005261,0.016426
HON,17,210,0.009932,0.014653
HON,17,211,0.025297,0.012177
HON,17,212,0.014765,0.011452
HON,17,213,0.013980,0.013936
HON,17,214,0.027528,0.016792
HON,17,215,0.004652,0.017620
HON,17,216,0.027738,0.016440
HON,17,217,0.015892,0.015368
HON,17,218,0.012823,0.013489
HON,17,219,0.029766,0.011098
HON,17,220,-0.012552,0.010473
HON,17,221,-0.004851,0.012829
HON,17,222,-0.004376,0.015749
HON,17,223,-0.001352,0.016482
HON,17,224,-0.017990,0.015510
HON,17,225,-0.004058,0.014322
HON,17,226,-0.009346,0.012407
HON,17,227,-0.004787,0.010186
HON,17,228,-0.021050,0.009482
HON,17,229,-0.029470,0.011904
HON,17,230,0.015554,0.014711
HON,17,231,0.033577,0.015504
HON,17,232,-0.017390,0.014618
HON,17,233,0.001200,0.013343
HON,17,234,-0.032711,0.011496
HON,17,235,0.016176,0.009227
HON,17,236,0.010800,0.008685
HON,17,237,-0.005950,0.010997
HON,17,238,-0.023941,0.013747
HON,17,239,0.017359,0.014659
HON,17,240,-0.016232,0.013725
HON,17,241,-0.027263,0.012512
HON,17,242,0.003035,0.010596
HON,17,243,-0.019057,0.008398
HON,17,244,-0.019571,0.007926
HON,17,245,-0.029082,0.010148
HON,17,246,-0.003263,0.012922
HON,17,247,-0.025480,0.013791
HON,17,248,0.004005,0.012986
HON,17,249,0.006219,0.011704
HON,17,250,-0.002856,0.009765
HON,17,251,-0.013146,0.007678
HON,17,252,-0.003877,0.007177
JNJ,2,1,0.190634,0.189074
JNJ,2,2,0.140708,0.177779
JNJ,2,3,0.182644,0.167213
JNJ,2,4,0.104001,0.157330
JNJ,2,5,0.137093,0.148085
JNJ,2,6,0.141356,0.139437
JNJ,2,7,0.164591,0.131348
JNJ,2,8,0.128068,0.123781
JNJ,2,9,0.155738,0.116702
JNJ,2,10,0.113110,0.110081
JNJ,2,11,0.073833,0.103887
JNJ,2,12,0.118620,0.098093
JNJ,2,13,0.083877,0.092672
JNJ,2,14,0.084951,0.087602
JNJ,2,15,0.141823,0.082859
JNJ,2,16,0.101642,0.078421
JNJ,2,17,0.080187,0.074270
JNJ,2,18,0.090293,0.070387
JNJ,2,19,0.067118,0.066754
JNJ,2,20,0.084345,0.063355
JNJ,2,21,0.062533,0.060176
JNJ,2,22,0.068475,0.057201
JNJ,2,23,0.058430,0.054418
JNJ,2,24,0.050789,0.051814
JNJ,2,25,0.075893,0.049378
JNJ,2,26,0.036649,0.047099
JNJ,2,27,0.040815,0.044966
JNJ,2,28,0.030384,0.042971
JNJ,2,29,0.024720,0.041104
JNJ,2,30,0.041455,0.039357
JNJ,2,31,0.061913,0.037723
JNJ,2,32,0.020779,0.036193
JNJ,2,33,0.013830,0.034762
JNJ,2,34,0.008262,0.033422
JNJ,2,35,0.003541,0.032169
JNJ,2,36,0.037557,0.030996
JNJ,2,37,0.050649,0.029898
JNJ,2,38,0.022105,0.028870
JNJ,2,39,0.032159,0.027908
JNJ,2,40,0.014125,0.027008
JNJ,2,41,0.014398,0.026165
JNJ,2,42,0.010791,0.025376
JNJ,2,43,0.016686,0.024638
JNJ,2,44,0.015539,0.023947
JNJ,2,45,0.003182,0.023299
JNJ,2,46,0.020416,0.022693
JNJ,2,47,0.012104,0.022125
JNJ,2,48,-0.002955,0.021594
JNJ,2,49,-0.008592,0.021096
JNJ,2,50,0.015311,0.020630
JNJ,2,51,-0.012755,0.020193
JNJ,2,52,-0.018210,0.019784
JNJ,2,53,0.015956,0.019400
JNJ,2,54,0.000826,0.019041
JNJ,2,55,0.004429,0.018705
JNJ,2,56,0.034775,0.018389
JNJ,2,57,0.016097,0.018093
JNJ,2,58,0.030738,0.017816
JNJ,2,59,0.032623,0.017556
JNJ,2,60,0.004381,0.017312
JNJ,2,61,-0.023061,0.017084
JNJ,2,62,0.018829,0.016869
JNJ,2,63,0.032520,0.016668
JNJ,2,64,0.015523,0.016479
JNJ,2,65,0.003516,0.016301
JNJ,2,66,-0.002203,0.016135
JNJ,2,67,0.011148,0.015978
JNJ,2,68,-0.007055,0.015831
JNJ,2,69,0.009483,0.015693
JNJ,2,70,0.036410,0.015564
JNJ,2,71,-0.004116,0.015442
JNJ,2,72,0.035945,0.015327
JNJ,2,73,0.008062,0.015219
JNJ,2,74,-0.001695,0.015117
JNJ,2,75,-0.000087,0.015022
JNJ,2,76,-0.011756,0.014931
JNJ,2,77,-0.003025,0.014847
JNJ,2,78,-0.016698,0.014766
JNJ,2,79,0.029226,0.014691
JNJ,2,80,-0.000744,0.014620
JNJ,2,81,0.015397,0.014552
JNJ,2,82,0.018352,0.014489
JNJ,2,83,0.013444,0.014429
JNJ,2,84,-0.007734,0.014372
JNJ,2,85,0.004928,0.014318
JNJ,2,86,-0.001154,0.014267
JNJ,2,87,-0.014175,0.014219
JNJ,2,88,-0.009866,0.014173
JNJ,2,89,0.002787,0.014130
JNJ,2,90,0.005704,0.014088
JNJ,2,91,-0.018145,0.014049
JNJ,2,92,0.009215,0.014012
JNJ,2,93,0.023631,0.013976
JNJ,2,94,0.010707,0.013942
JNJ,2,95,0.024036,0.013910
JNJ,2,96,0.003785,0.013879
JNJ,2,97,0.022849,0.013850
JNJ,2,98,0.035528,0.013822
JNJ,2,99,0.007891,0.013795
JNJ,2,100,0.047857,0.013769
JNJ,2,101,0.026321,0.013744
JNJ,2,102,0.015678,0.013720
JNJ,2,103,0.005153,0.013697
JNJ,2,104,0.029342,0.013675
JNJ,2,105,0.031435,0.013654
JNJ,2,106,0.061131,0.013634
JNJ,2,107,0.046309,0.013614
JNJ,2,108,0.011860,0.013595
JNJ,2,109,0.021912,0.013576
JNJ,2,110,0.022619,0.013558
JNJ,2,111,0.044722,0.013541
JNJ,2,112,0.057928,0.013524
JNJ,2,113,0.033061,0.013508
JNJ,2,114,0.031450,0.013492
JNJ,2,115,0.027154,0.013476
JNJ,2,116,0.013319,0.013461
JNJ,2,117,0.008072,0.013446
JNJ,2,118,0.042571,0.013432
JNJ,2,119,0.019582,0.013418
JNJ,2,120,-0.002761,0.013404
JNJ,2,121,0.037569,0.013390
JNJ,2,122,-0.010799,0.013377
JNJ,2,123,0.016751,0.013364
JNJ,2,124,-0.007785,0.013351
JNJ,2,125,-0.007306,0.013339
JNJ,2,126,0.011587,0.013326
JNJ,2,127,0.024278,0.013314
JNJ,2,128,0.007782,0.013302
JNJ,2,129,-0.009663,0.013290
JNJ,2,130,-0.015770,0.013279
JNJ,2,131,0.022919,0.013267
JNJ,2,132,0.014690,0.013256
JNJ,2,133,0.001672,0.013244
JNJ,2,134,0.008734,0.013233
JNJ,2,135,0.006224,0.013222
JNJ,2,136,0.011844,0.013211
JNJ,2,137,0.039364,0.013201
JNJ,2,138,-0.005669,0.013190
JNJ,2,139,0.023323,0.013179
JNJ,2,140,0.001613,0.013169
JNJ,2,141,0.003308,0.013158
JNJ,2,142,0.024965,0.013148
JNJ,2,143,0.063685,0.013137
JNJ,2,144,0.005559,0.013127
JNJ,2,145,0.014857,0.013117
JNJ,2,146,0.011516,0.013107
JNJ,2,147,-0.016631,0.013097
JNJ,2,148,0.012114,0.013087
JNJ,2,149,-0.000847,0.013077
JNJ,2,150,-0.004752,0.013067
JNJ,2,151,0.019803,0.013057
JNJ,2,152,0.028331,0.013047
JNJ,2,153,0.036456,0.013037
JNJ,2,154,0.037655,0.013027
JNJ,2,155,0.005751,0.013018
JNJ,2,156,0.056038,0.013008
JNJ,2,157,0.036505,0.012998
JNJ,2,158,0.017811,0.012989
JNJ,2,159,0.012085,0.012979
JNJ,2,160,0.046662,0.012969
JNJ,2,161,0.040605,0.012960
JNJ,2,162,0.024659,0.012950
JNJ,2,163,-0.007714,0.012941
JNJ,2,164,0.006834,0.012931
JNJ,2,165,0.027973,0.012922
JNJ,2,166,0.001086,0.012912
JNJ,2,167,0.014144,0.012903
JNJ,2,168,0.030893,0.012894
JNJ,2,169,0.046611,0.012884
JNJ,2,170,0.028950,0.012875
JNJ,2,171,0.014272,0.012865
JNJ,2,172,-0.005587,0.012856
JNJ,2,173,0.053278,0.012847
JNJ,2,174,0.054822,0.012837
JNJ,2,175,0.018875,0.012828
JNJ,2,176,0.057686,0.012819
JNJ,2,177,0.038434,0.012809
JNJ,2,178,0.008148,0.012800
JNJ,2,179,0.010452,0.012791
JNJ,2,180,0.029495,0.012782
JNJ,2,181,0.014368,0.012772
JNJ,2,182,-0.006113,0.012763
JNJ,2,183,0.026084,0.012754
JNJ,2,184,0.025040,0.012745
JNJ,2,185,0.046092,0.012736
JNJ,2,186,0.002422,0.012726
JNJ,2,187,0.004333,0.012717
JNJ,2,188,0.003526,0.012708
JNJ,2,189,0.018881,0.012699
JNJ,2,190,0.025020,0.012690
JNJ,2,191,0.006543,0.012681
JNJ,2,192,0.013281,0.012672
JNJ,2,193,0.002108,0.012662
JNJ,2,194,-0.010645,0.012653
JNJ,2,195,0.010298,0.012644
JNJ,2,196,0.024102,0.012635
JNJ,2,197,-0.008842,0.012626
JNJ,2,198,0.033495,0.012617
JNJ,2,199,0.035707,0.012608
JNJ,2,200,0.020447,0.012599
JNJ,2,201,0.064329,0.012590
JNJ,2,202,0.011543,0.012581
JNJ,2,203,0.002788,0.012572
JNJ,2,204,0.013451,0.012563
JNJ,2,205,0.024843,0.012554
JNJ,2,206,0.042805,0.012545
JNJ,2,207,0.028670,0.012536
JNJ,2,208,0.018573,0.012527
JNJ,2,209,0.021973,0.012518
JNJ,2,210,0.019398,0.012509
JNJ,2,211,0.045833,0.012500
JNJ,2,212,0.037416,0.012491
JNJ,2,213,0.033720,0.012482
JNJ,2,214,0.041177,0.012473
JNJ,2,215,0.052872,0.012464
JNJ,2,216,0.041221,0.012455
JNJ,2,217,0.045753,0.012446
JNJ,2,218,0.015065,0.012437
JNJ,2,219,0.007382,0.012428
JNJ,2,220,0.068788,0.012419
JNJ,2,221,0.024906,0.012410
JNJ,2,222,-0.008933,0.012401
JNJ,2,223,0.015009,0.012392
JNJ,2,224,0.022071,0.012384
JNJ,2,225,-0.012347,0.012375
JNJ,2,226,0.035296,0.012366
JNJ,2,227,0.020325,0.012357
JNJ,2,228,-0.001331,0.012348
JNJ,2,229,0.000257,0.012339
JNJ,2,230,-0.025528,0.012330
JNJ,2,231,-0.001785,0.012321
JNJ,2,232,0.031865,0.012313
JNJ,2,233,-0.033573,0.012304
JNJ,2,234,-0.015915,0.012295
JNJ,2,235,0.008037,0.012286
JNJ,2,236,-0.013586,0.012277
JNJ,2,237,-0.025964,0.012269
JNJ,2,238,-0.009535,0.012260
JNJ,2,239,-0.008173,0.012251
JNJ,2,240,-0.000660,0.012242
JNJ,2,241,-0.019712,0.012233
JNJ,2,242,-0.018145,0.012225
JNJ,2,243,-0.011792,0.012216
JNJ,2,244,-0.026868,0.012207
JNJ,2,245,-0.040324,0.012198
JNJ,2,246,0.003918,0.012190
JNJ,2,247,-0.007713,0.012181
JNJ,2,248,-0.006249,0.012172
JNJ,2,249,-0.031025,0.012163
JNJ,2,250,-0.012007,0.012155
JNJ,2,251,-0.006414,0.012146
JNJ,2,252,0.015334,0.012137
JNJ,17,1,0.190634,0.190831
JNJ,17,2,0.140708,0.144000
JNJ,17,3,0.182644,0.188115
JNJ,17,4,0.104001,0.099110
JNJ,17,5,0.137093,0.135882
JNJ,17,6,0.141356,0.155771
JNJ,17,7,0.164591,0.168704
JNJ,17,8,0.128068,0.129992
JNJ,17,9,0.155738,0.151427
JNJ,17,10,0.113110,0.118393
JNJ,17,11,0.073833,0.081592
JNJ,17,12,0.118620,0.109353
JNJ,17,13,0.083877,0.100343
JNJ,17,14,0.084951,0.085257
JNJ,17,15,0.141823,0.122709
JNJ,17,16,0.101642,0.094234
JNJ,17,17,0.080187,0.086504
JNJ,17,18,0.090293,0.082083
JNJ,17,19,0.067118,0.068481
JNJ,17,20,0.084345,0.055236
JNJ,17,21,0.062533,0.060177
JNJ,17,22,0.068475,0.067078
JNJ,17,23,0.058430,0.047600
JNJ,17,24,0.050789,0.061669
JNJ,17,25,0.075893,0.048810
JNJ,17,26,0.036649,0.029151
JNJ,17,27,0.040815,0.037402
JNJ,17,28,0.030384,0.023735
JNJ,17,29,0.024720,0.027077
JNJ,17,30,0.041455,0.030721
JNJ,17,31,0.061913,0.035878
JNJ,17,32,0.020779,0.032107
JNJ,17,33,0.013830,0.027762
JNJ,17,34,0.008262,0.031891
JNJ,17,35,0.003541,0.015142
JNJ,17,36,0.037557,0.023569
JNJ,17,37,0.050649,0.026497
JNJ,17,38,0.022105,0.023893
JNJ,17,39,0.032159,0.034656
JNJ,17,40,0.014125,0.030307
JNJ,17,41,0.014398,0.028185
JNJ,17,42,0.010791,0.019414
JNJ,17,43,0.016686,0.018839
JNJ,17,44,0.015539,0.013833
JNJ,17,45,0.003182,0.011404
JNJ,17,46,0.020416,0.023076
JNJ,17,47,0.012104,0.015157
JNJ,17,48,-0.002955,0.018209
JNJ,17,49,-0.008592,0.016383
JNJ,17,50,0.015311,0.005341
JNJ,17,51,-0.012755,0.004488
JNJ,17,52,-0.018210,0.002600
JNJ,17,53,0.015956,0.005939
JNJ,17,54,0.000826,0.006703
JNJ,17,55,0.004429,0.015911
JNJ,17,56,0.034775,0.014609
JNJ,17,57,0.016097,0.008868
JNJ,17,58,0.030738,0.013904
JNJ,17,59,0.032623,0.003902
JNJ,17,60,0.004381,0.006044
JNJ,17,61,-0.023061,0.013067
JNJ,17,62,0.018829,0.013454
JNJ,17,63,0.032520,0.018681
JNJ,17,64,0.015523,0.020526
JNJ,17,65,0.003516,0.017705
JNJ,17,66,-0.002203,0.009427
JNJ,17,67,0.011148,0.011049
JNJ,17,68,-0.007055,0.007355
JNJ,17,69,0.009483,0.005480
JNJ,17,70,0.036410,0.016553
JNJ,17,71,-0.004116,0.012902
JNJ,17,72,0.035945,0.013060
JNJ,17,73,0.008062,0.013947
JNJ,17,74,-0.001695,0.005272
JNJ,17,75,-0.000087,0.001915
JNJ,17,76,-0.011756,0.003715
JNJ,17,77,-0.003025,0.005608
JNJ,17,78,-0.016698,0.006697
JNJ,17,79,0.029226,0.015993
JNJ,17,80,-0.000744,0.014608
JNJ,17,81,0.015397,0.009486
JNJ,17,82,0.018352,0.013268
JNJ,17,83,0.013444,0.005661
JNJ,17,84,-0.007734,0.005607
JNJ,17,85,0.004928,0.013295
JNJ,17,86,-0.001154,0.014253
JNJ,17,87,-0.014175,0.017417
JNJ,17,88,-0.009866,0.021312
JNJ,17,89,0.002787,0.017462
JNJ,17,90,0.005704,0.010252
JNJ,17,91,-0.018145,0.012181
JNJ,17,92,0.009215,0.008642
JNJ,17,93,0.023631,0.007627
JNJ,17,94,0.010707,0.017583
JNJ,17,95,0.024036,0.015652
JNJ,17,96,0.003785,0.014807
JNJ,17,97,0.022849,0.016558
JNJ,17,98,0.035528,0.008848
JNJ,17,99,0.007891,0.004649
JNJ,17,100,0.047857,0.007836
JNJ,17,101,0.026321,0.008584
JNJ,17,102,0.015678,0.010001
JNJ,17,103,0.005153,0.018769
JNJ,17,104,0.029342,0.017012
JNJ,17,105,0.031435,0.012434
JNJ,17,106,0.061131,0.015219
JNJ,17,107,0.046309,0.008651
JNJ,17,108,0.011860,0.007589
JNJ,17,109,0.021912,0.015186
JNJ,17,110,0.022619,0.016122
JNJ,17,111,0.044722,0.018252
JNJ,17,112,0.057928,0.022907
JNJ,17,113,0.033061,0.018441
JNJ,17,114,0.031450,0.012008
JNJ,17,115,0.027154,0.013964
JNJ,17,116,0.013319,0.010437
JNJ,17,117,0.008072,0.009938
JNJ,17,118,0.042571,0.019061
JNJ,17,119,0.019582,0.017898
JNJ,17,120,-0.002761,0.016634
JNJ,17,121,0.037569,0.018757
JNJ,17,122,-0.010799,0.011597
JNJ,17,123,0.016751,0.007113
JNJ,17,124,-0.007785,0.010887
JNJ,17,125,-0.007306,0.010919
JNJ,17,126,0.011587,0.012439
JNJ,17,127,0.024278,0.020700
JNJ,17,128,0.007782,0.018659
JNJ,17,129,-0.009663,0.014423
JNJ,17,130,-0.015770,0.016627
JNJ,17,131,0.022919,0.010597
JNJ,17,132,0.014690,0.009017
JNJ,17,133,0.001672,0.016369
JNJ,17,134,0.008734,0.017150
JNJ,17,135,0.006224,0.018679
JNJ,17,136,0.011844,0.023615
JNJ,17,137,0.039364,0.018874
JNJ,17,138,-0.005669,0.012971
JNJ,17,139,0.023323,0.014950
JNJ,17,140,0.001613,0.011457
JNJ,17,141,0.003308,0.011219
JNJ,17,142,0.024965,0.019776
JNJ,17,143,0.063685,0.018966
JNJ,17,144,0.005559,0.017524
JNJ,17,145,0.014857,0.019852
JNJ,17,146,0.011516,0.013090
JNJ,17,147,-0.016631,0.008562
JNJ,17,148,0.012114,0.012591
JNJ,17,149,-0.000847,0.012197
JNJ,17,150,-0.004752,0.013687
JNJ,17,151,0.019803,0.021534
JNJ,17,152,0.028331,0.019320
JNJ,17,153,0.036456,0.015305
JNJ,17,154,0.037655,0.017211
JNJ,17,155,0.005751,0.011513
JNJ,17,156,0.056038,0.009664
JNJ,17,157,0.036505,0.016757
JNJ,17,158,0.017811,0.017363
JNJ,17,159,0.012085,0.018512
JNJ,17,160,0.046662,0.023526
JNJ,17,161,0.040605,0.018713
JNJ,17,162,0.024659,0.013196
JNJ,17,163,-0.007714,0.015221
JNJ,17,164,0.006834,0.011791
JNJ,17,165,0.027973,0.011670
JNJ,17,166,0.001086,0.019822
JNJ,17,167,0.014144,0.019167
JNJ,17,168,0.030893,0.017658
JNJ,17,169,0.046611,0.020120
JNJ,17,170,0.028950,0.013684
JNJ,17,171,0.014272,0.009225
JNJ,17,172,-0.005587,0.013355
JNJ,17,173,0.053278,0.012705
JNJ,17,174,0.054822,0.014100
JNJ,17,175,0.018875,0.021610
JNJ,17,176,0.057686,0.019301
JNJ,17,177,0.038434,0.015449
JNJ,17,178,0.008148,0.017224
JNJ,17,179,0.010452,0.011765
JNJ,17,180,0.029495,0.009783
JNJ,17,181,0.014368,0.016631
JNJ,17,182,-0.006113,0.017070
JNJ,17,183,0.026084,0.017963
JNJ,17,184,0.025040,0.022963
JNJ,17,185,0.046092,0.018187
JNJ,17,186,0.002422,0.012974
JNJ,17,187,0.004333,0.015058
JNJ,17,188,0.003526,0.011705
JNJ,17,189,0.018881,0.011624
JNJ,17,190,0.025020,0.019459
JNJ,17,191,0.006543,0.018858
JNJ,17,192,0.013281,0.017336
JNJ,17,193,0.002108,0.019890
JNJ,17,194,-0.010645,0.013738
JNJ,17,195,0.010298,0.009402
JNJ,17,196,0.024102,0.013558
JNJ,17,197,-0.008842,0.012746
JNJ,17,198,0.033495,0.014022
JNJ,17,199,0.035707,0.021245
JNJ,17,200,0.020447,0.018888
JNJ,17,201,0.064329,0.015174
JNJ,17,202,0.011543,0.016908
JNJ,17,203,0.002788,0.011646
JNJ,17,204,0.013451,0.009606
JNJ,17,205,0.024843,0.016229
JNJ,17,206,0.042805,0.016517
JNJ,17,207,0.028670,0.017223
JNJ,17,208,0.018573,0.022165
JNJ,17,209,0.021973,0.017482
JNJ,17,210,0.019398,0.012524
JNJ,17,211,0.045833,0.014670
JNJ,17,212,0.037416,0.011399
JNJ,17,213,0.033720,0.011316
JNJ,17,214,0.041177,0.018882
JNJ,17,215,0.052872,0.018282
JNJ,17,216,0.041221,0.016769
JNJ,17,217,0.045753,0.019392
JNJ,17,218,0.015065,0.013495
JNJ,17,219,0.007382,0.009303
JNJ,17,220,0.068788,0.013447
JNJ,17,221,0.024906,0.012526
JNJ,17,222,-0.008933,0.013675
JNJ,17,223,0.015009,0.020645
JNJ,17,224,0.022071,0.018270
JNJ,17,225,-0.012347,0.014680
JNJ,17,226,0.035296,0.016423
JNJ,17,227,0.020325,0.011337
JNJ,17,228,-0.001331,0.009283
JNJ,17,229,0.000257,0.015697
JNJ,17,230,-0.025528,0.015848
JNJ,17,231,-0.001785,0.016409
JNJ,17,232,0.031865,0.021273
JNJ,17,233,-0.033573,0.016708
JNJ,17,234,-0.015915,0.011975
JNJ,17,235,0.008037,0.014180
JNJ,17,236,-0.013586,0.010990
JNJ,17,237,-0.025964,0.010883
JNJ,17,238,-0.009535,0.018208
JNJ,17,239,-0.008173,0.017581
JNJ,17,240,-0.000660,0.016086
JNJ,17,241,-0.019712,0.018760
JNJ,17,242,-0.018145,0.013096
JNJ,17,243,-0.011792,0.009056
JNJ,17,244,-0.026868,0.013167
JNJ,17,245,-0.040324,0.012167
JNJ,17,246,0.003918,0.013190
JNJ,17,247,-0.007713,0.019932
JNJ,17,248,-0.006249,0.017557
JNJ,17,249,-0.031025,0.014085
JNJ,17,250,-0.012007,0.015860
JNJ,17,251,-0.006414,0.010938
JNJ,17,252,0.015334,0.008894
JPM,2,1,0.269766,0.276014
JPM,2,2,0.208545,0.258803
JPM,2,3,0.252704,0.243454
JPM,2,4,0.226728,0.229742
JPM,2,5,0.197618,0.217467
JPM,2,6,0.236112,0.206453
JPM,2,7,0.229632,0.196548
JPM,2,8,0.180457,0.187619
JPM,2,9,0.190252,0.179547
JPM,2,10,0.193588,0.172231
JPM,2,11,0.205387,0.165579
JPM,2,12,0.151164,0.159514
JPM,2,13,0.181233,0.153965
JPM,2,14,0.169464,0.148873
JPM,2,15,0.135668,0.144185
JPM,2,16,0.139567,0.139854
JPM,2,17,0.158875,0.135839
JPM,2,18,0.119162,0.132104
JPM,2,19,0.139386,0.128618
JPM,2,20,0.155495,0.125355
JPM,2,21,0.127688,0.122288
JPM,2,22,0.078133,0.119398
JPM,2,23,0.162044,0.116665
JPM,2,24,0.097503,0.114074
JPM,2,25,0.092511,0.111610
JPM,2,26,0.118136,0.109260
JPM,2,27,0.104391,0.107014
JPM,2,28,0.112061,0.104861
JPM,2,29,0.109787,0.102792
JPM,2,30,0.097062,0.100802
JPM,2,31,0.074225,0.098882
JPM,2,32,0.085102,0.097026
JPM,2,33,0.069760,0.095230
JPM,2,34,0.101029,0.093490
JPM,2,35,0.097404,0.091800
JPM,2,36,0.085693,0.090157
JPM,2,37,0.094181,0.088558
JPM,2,38,0.073377,0.087001
JPM,2,39,0.071836,0.085482
JPM,2,40,0.079553,0.083999
JPM,2,41,0.088502,0.082551
JPM,2,42,0.084895,0.081136
JPM,2,43,0.108473,0.079751
JPM,2,44,0.067249,0.078396
JPM,2,45,0.064446,0.077069
JPM,2,46,0.079413,0.075768
JPM,2,47,0.067711,0.074494
JPM,2,48,0.077532,0.073244
JPM,2,49,0.103063,0.072019
JPM,2,50,0.050847,0.070817
JPM,2,51,0.074074,0.069636
JPM,2,52,0.043075,0.068478
JPM,2,53,0.057532,0.067341
JPM,2,54,0.069111,0.066224
JPM,2,55,0.086293,0.065127
JPM,2,56,0.045639,0.064049
JPM,2,57,0.040823,0.062990
JPM,2,58,0.045140,0.061950
JPM,2,59,0.063554,0.060927
JPM,2,60,0.054391,0.059922
JPM,2,61,0.074460,0.058935
JPM,2,62,0.067847,0.057964
JPM,2,63,0.069955,0.057009
JPM,2,64,0.058571,0.056071
JPM,2,65,0.059578,0.055149
JPM,2,66,0.053216,0.054242
JPM,2,67,0.028588,0.053350
JPM,2,68,0.019062,0.052473
JPM,2,69,0.024776,0.051611
JPM,2,70,0.037872,0.050763
JPM,2,71,0.023966,0.049929
JPM,2,72,0.056303,0.049109
JPM,2,73,0.008484,0.048302
JPM,2,74,0.035290,0.047509
JPM,2,75,0.006028,0.046729
JPM,2,76,0.010445,0.045962
JPM,2,77,0.022311,0.045208
JPM,2,78,0.031883,0.044466
JPM,2,79,0.019544,0.043736
JPM,2,80,0.008860,0.043019
JPM,2,81,0.020713,0.042313
JPM,2,82,0.027980,0.041618
JPM,2,83,0.022878,0.040936
JPM,2,84,0.014379,0.040264
JPM,2,85,0.016520,0.039603
JPM,2,86,0.021842,0.038954
JPM,2,87,0.019594,0.038315
JPM,2,88,0.016139,0.037686
JPM,2,89,0.018987,0.037068
JPM,2,90,0.016554,0.036460
JPM,2,91,0.002710,0.035862
JPM,2,92,0.056994,0.035274
JPM,2,93,0.050756,0.034695
JPM,2,94,0.048392,0.034126
JPM,2,95,0.030327,0.033566
JPM,2,96,0.043017,0.033016
JPM,2,97,0.051373,0.032474
JPM,2,98,0.015751,0.031941
JPM,2,99,0.041597,0.031418
JPM,2,100,0.025307,0.030902
JPM,2,101,0.037399,0.030395
JPM,2,102,0.038836,0.029897
JPM,2,103,0.031060,0.029407
JPM,2,104,0.009802,0.028924
JPM,2,105,0.062092,0.028450
JPM,2,106,0.053769,0.027983
JPM,2,107,0.032683,0.027524
JPM,2,108,0.054059,0.027073
JPM,2,109,0.070750,0.026629
JPM,2,110,0.034390,0.026192
JPM,2,111,0.029410,0.025763
JPM,2,112,0.038248,0.025340
JPM,2,113,0.054771,0.024924
JPM,2,114,0.023942,0.024516
JPM,2,115,0.029475,0.024114
JPM,2,116,0.023725,0.023718
JPM,2,117,0.015443,0.023329
JPM,2,118,0.028510,0.022946
JPM,2,119,0.039791,0.022570
JPM,2,120,0.021954,0.022200
JPM,2,121,0.018825,0.021836
JPM,2,122,0.044895,0.021478
JPM,2,123,-0.005482,0.021125
JPM,2,124,0.021109,0.020779
JPM,2,125,0.038267,0.020438
JPM,2,126,0.010573,0.020103
JPM,2,127,0.027540,0.019773
JPM,2,128,0.011481,0.019449
JPM,2,129,0.002030,0.019130
JPM,2,130,-0.012409,0.018816
JPM,2,131,0.027049,0.018508
JPM,2,132,0.048905,0.018204
JPM,2,133,0.024381,0.017906
JPM,2,134,0.005001,0.017612
JPM,2,135,0.019016,0.017323
JPM,2,136,0.024954,0.017039
JPM,2,137,0.006481,0.016759
JPM,2,138,0.026909,0.016485
JPM,2,139,0.004274,0.016214
JPM,2,140,0.019127,0.015948
JPM,2,141,0.030188,0.015687
JPM,2,142,0.035886,0.015429
JPM,2,143,0.021842,0.015176
JPM,2,144,0.012159,0.014927
JPM,2,145,0.042678,0.014683
JPM,2,146,0.024376,0.014442
JPM,2,147,0.033475,0.014205
JPM,2,148,0.053542,0.013972
JPM,2,149,0.017171,0.013743
JPM,2,150,0.033353,0.013517
JPM,2,151,0.047100,0.013296
JPM,2,152,0.047552,0.013078
JPM,2,153,0.041850,0.012863
JPM,2,154,0.046914,0.012652
JPM,2,155,0.024322,0.012445
JPM,2,156,0.056917,0.012241
JPM,2,157,0.047476,0.012040
JPM,2,158,0.029597,0.011842
JPM,2,159,0.059148,0.011648
JPM,2,160,0.046062,0.011457
JPM,2,161,0.061515,0.011269
JPM,2,162,0.058968,0.011084
JPM,2,163,0.030528,0.010903
JPM,2,164,0.031878,0.010724
JPM,2,165,0.027473,0.010548
JPM,2,166,0.030718,0.010375
JPM,2,167,0.032074,0.010205
JPM,2,168,0.050679,0.010037
JPM,2,169,0.013407,0.009873
JPM,2,170,0.032107,0.009711
JPM,2,171,0.033064,0.009552
JPM,2,172,0.025598,0.009395
JPM,2,173,0.037776,0.009241
JPM,2,174,0.022648,0.009089
JPM,2,175,0.013332,0.008940
JPM,2,176,0.035872,0.008794
JPM,2,177,0.035084,0.008649
JPM,2,178,-0.001490,0.008508
JPM,2,179,0.007467,0.008368
JPM,2,180,0.010553,0.008231
JPM,2,181,0.019504,0.008096
JPM,2,182,0.020291,0.007963
JPM,2,183,0.000134,0.007832
JPM,2,184,-0.011895,0.007704
JPM,2,185,0.007022,0.007578
JPM,2,186,0.000967,0.007453
JPM,2,187,0.012926,0.007331
JPM,2,188,0.010404,0.007211
JPM,2,189,0.000652,0.007093
JPM,2,190,-0.006287,0.006976
JPM,2,191,0.014895,0.006862
JPM,2,192,-0.025980,0.006749
JPM,2,193,0.011376,0.006639
JPM,2,194,-0.005719,0.006530
JPM,2,195,-0.017349,0.006423
JPM,2,196,0.009659,0.006317
JPM,2,197,0.009149,0.006214
JPM,2,198,-0.014848,0.006112
JPM,2,199,0.013629,0.006012
JPM,2,200,0.004737,0.005913
JPM,2,201,-0.016057,0.005816
JPM,2,202,0.020266,0.005721
JPM,2,203,0.017212,0.005627
JPM,2,204,0.012551,0.005534
JPM,2,205,0.023466,0.005444
JPM,2,206,0.015987,0.005354
JPM,2,207,0.028756,0.005267
JPM,2,208,0.007803,0.005180
JPM,2,209,-0.012661,0.005095
JPM,2,210,0.017542,0.005012
JPM,2,211,0.071920,0.004930
JPM,2,212,0.020650,0.004849
JPM,2,213,-0.001928,0.004769
JPM,2,214,0.005225,0.004691
JPM,2,215,-0.010024,0.004614
JPM,2,216,0.007104,0.004538
JPM,2,217,0.022555,0.004464
JPM,2,218,-0.009679,0.004391
JPM,2,219,0.009307,0.004319
JPM,2,220,-0.015032,0.004248
JPM,2,221,0.005783,0.004178
JPM,2,222,0.002202,0.004110
JPM,2,223,-0.007232,0.004042
JPM,2,224,0.012119,0.003976
JPM,2,225,-0.001360,0.003911
JPM,2,226,-0.013511,0.003847
JPM,2,227,-0.023729,0.003784
JPM,2,228,-0.031217,0.003721
JPM,2,229,-0.037768,0.003660
JPM,2,230,-0.010468,0.003600
JPM,2,231,-0.012389,0.003541
JPM,2,232,-0.027364,0.003483
JPM,2,233,-0.004564,0.003426
JPM,2,234,-0.024225,0.003370
JPM,2,235,-0.006826,0.003315
JPM,2,236,-0.013936,0.003260
JPM,2,237,0.012543,0.003207
JPM,2,238,-0.021543,0.003154
JPM,2,239,-0.017611,0.003103
JPM,2,240,0.000251,0.003052
JPM,2,241,-0.016218,0.003002
JPM,2,242,-0.022701,0.002952
JPM,2,243,-0.042980,0.002904
JPM,2,244,-0.023949,0.002856
JPM,2,245,-0.028104,0.002809
JPM,2,246,-0.010589,0.002763
JPM,2,247,-0.008154,0.002718
JPM,2,248,-0.016104,0.002673
JPM,2,249,-0.024277,0.002630
JPM,2,250,-0.007156,0.002587
JPM,2,251,0.014274,0.002544
JPM,2,252,-0.024660,0.002502
JPM,17,1,0.269766,0.270438
JPM,17,2,0.208545,0.202948
JPM,17,3,0.252704,0.254464
JPM,17,4,0.226728,0.235755
JPM,17,5,0.197618,0.203372
JPM,17,6,0.236112,0.227646
JPM,17,7,0.229632,0.218302
JPM,17,8,0.180457,0.192302
JPM,17,9,0.190252,0.194902
JPM,17,10,0.193588,0.173804
JPM,17,11,0.205387,0.206971
JPM,17,12,0.151164,0.163716
JPM,17,13,0.181233,0.176647
JPM,17,14,0.169464,0.173760
JPM,17,15,0.135668,0.134364
JPM,17,16,0.139567,0.149409
JPM,17,17,0.158875,0.159541
JPM,17,18,0.119162,0.129603
JPM,17,19,0.139386,0.141143
JPM,17,20,0.155495,0.131567
JPM,17,21,0.127688,0.111447
JPM,17,22,0.078133,0.109261
JPM,17,23,0.162044,0.133078
JPM,17,24,0.097503,0.101318
JPM,17,25,0.092511,0.113223
JPM,17,26,0.118136,0.108577
JPM,17,27,0.104391,0.086499
JPM,17,28,0.112061,0.093921
JPM,17,29,0.109787,0.107538
JPM,17,30,0.097062,0.088669
JPM,17,31,0.074225,0.098229
JPM,17,32,0.085102,0.090892
JPM,17,33,0.069760,0.080498
JPM,17,34,0.101029,0.080956
JPM,17,35,0.097404,0.098339
JPM,17,36,0.085693,0.081953
JPM,17,37,0.094181,0.090294
JPM,17,38,0.073377,0.084023
JPM,17,39,0.071836,0.074104
JPM,17,40,0.079553,0.076460
JPM,17,41,0.088502,0.088181
JPM,17,42,0.084895,0.076644
JPM,17,43,0.108473,0.082006
JPM,17,44,0.067249,0.073309
JPM,17,45,0.064446,0.067109
JPM,17,46,0.079413,0.065443
JPM,17,47,0.067711,0.076752
JPM,17,48,0.077532,0.066346
JPM,17,49,0.103063,0.070324
JPM,17,50,0.050847,0.062010
JPM,17,51,0.074074,0.056857
JPM,17,52,0.043075,0.056327
JPM,17,53,0.057532,0.065990
JPM,17,54,0.069111,0.059191
JPM,17,55,0.086293,0.063067
JPM,17,56,0.045639,0.055457
JPM,17,57,0.040823,0.053403
JPM,17,58,0.045140,0.052653
JPM,17,59,0.063554,0.062777
JPM,17,60,0.054391,0.057731
JPM,17,61,0.074460,0.061317
JPM,17,62,0.067847,0.054169
JPM,17,63,0.069955,0.052518
JPM,17,64,0.058571,0.051576
JPM,17,65,0.059578,0.059832
JPM,17,66,0.053216,0.055352
JPM,17,67,0.028588,0.057382
JPM,17,68,0.019062,0.049326
JPM,17,69,0.024776,0.047590
JPM,17,70,0.037872,0.045338
JPM,17,71,0.023966,0.052352
JPM,17,72,0.056303,0.048026
JPM,17,73,0.008484,0.049307
JPM,17,74,0.035290,0.041522
JPM,17,75,0.006028,0.040284
JPM,17,76,0.010445,0.038589
JPM,17,77,0.022311,0.045521
JPM,17,78,0.031883,0.042781
JPM,17,79,0.019544,0.044665
JPM,17,80,0.008860,0.038161
JPM,17,81,0.020713,0.038319
JPM,17,82,0.027980,0.037463
JPM,17,83,0.022878,0.044736
JPM,17,84,0.014379,0.043046
JPM,17,85,0.016520,0.045023
JPM,17,86,0.021842,0.038965
JPM,17,87,0.019594,0.039106
JPM,17,88,0.016139,0.037934
JPM,17,89,0.018987,0.044053
JPM,17,90,0.016554,0.041973
JPM,17,91,0.002710,0.042785
JPM,17,92,0.056994,0.036042
JPM,17,93,0.050756,0.035353
JPM,17,94,0.048392,0.033304
JPM,17,95,0.030327,0.038271
JPM,17,96,0.043017,0.035914
JPM,17,97,0.051373,0.036209
JPM,17,98,0.015751,0.029713
JPM,17,99,0.041597,0.029253
JPM,17,100,0.025307,0.027724
JPM,17,101,0.037399,0.032941
JPM,17,102,0.038836,0.031665
JPM,17,103,0.031060,0.032747
JPM,17,104,0.009802,0.027557
JPM,17,105,0.062092,0.028129
JPM,17,106,0.053769,0.027577
JPM,17,107,0.032683,0.033228
JPM,17,108,0.054059,0.032722
JPM,17,109,0.070750,0.034025
JPM,17,110,0.034390,0.029234
JPM,17,111,0.029410,0.029645
JPM,17,112,0.038248,0.028770
JPM,17,113,0.054771,0.033468
JPM,17,114,0.023942,0.032325
JPM,17,115,0.029475,0.032593
JPM,17,116,0.023725,0.027110
JPM,17,117,0.015443,0.026550
JPM,17,118,0.028510,0.024861
JPM,17,119,0.039791,0.028516
JPM,17,120,0.021954,0.026943
JPM,17,121,0.018825,0.026780
JPM,17,122,0.044895,0.021490
JPM,17,123,-0.005482,0.021084
JPM,17,124,0.021109,0.019892
JPM,17,125,0.038267,0.023906
JPM,17,126,0.010573,0.023253
JPM,17,127,0.027540,0.023931
JPM,17,128,0.011481,0.019881
JPM,17,129,0.002030,0.020421
JPM,17,130,-0.012409,0.020193
JPM,17,131,0.027049,0.024710
JPM,17,132,0.048905,0.024718
JPM,17,133,0.024381,0.025662
JPM,17,134,0.005001,0.021952
JPM,17,135,0.019016,0.022303
JPM,17,136,0.024954,0.021740
JPM,17,137,0.006481,0.025399
JPM,17,138,0.026909,0.024697
JPM,17,139,0.004274,0.024667
JPM,17,140,0.019127,0.020227
JPM,17,141,0.030188,0.019597
JPM,17,142,0.035886,0.018222
JPM,17,143,0.021842,0.020921
JPM,17,144,0.012159,0.019733
JPM,17,145,0.042678,0.019316
JPM,17,146,0.024376,0.015013
JPM,17,147,0.033475,0.014524
JPM,17,148,0.053542,0.013618
JPM,17,149,0.017171,0.016731
JPM,17,150,0.033353,0.016396
JPM,17,151,0.047100,0.016834
JPM,17,152,0.047552,0.013702
JPM,17,153,0.041850,0.014138
JPM,17,154,0.046914,0.014163
JPM,17,155,0.024322,0.017823
JPM,17,156,0.056917,0.018096
JPM,17,157,0.047476,0.018822
JPM,17,158,0.029597,0.015975
JPM,17,159,0.059148,0.016225
JPM,17,160,0.046062,0.015902
JPM,17,161,0.061515,0.018770
JPM,17,162,0.058968,0.018311
JPM,17,163,0.030528,0.018101
JPM,17,164,0.031878,0.014491
JPM,17,165,0.027473,0.013780
JPM,17,166,0.030718,0.012642
JPM,17,167,0.032074,0.014611
JPM,17,168,0.050679,0.013647
JPM,17,169,0.013407,0.013075
JPM,17,170,0.032107,0.009556
JPM,17,171,0.033064,0.008989
JPM,17,172,0.025598,0.008296
JPM,17,173,0.037776,0.010715
JPM,17,174,0.022648,0.010564
JPM,17,175,0.013332,0.010851
JPM,17,176,0.035872,0.008441
JPM,17,177,0.035084,0.008790
JPM,17,178,-0.001490,0.008996
JPM,17,179,0.007467,0.011992
JPM,17,180,0.010553,0.012418
JPM,17,181,0.019504,0.013003
JPM,17,182,0.020291,0.010835
JPM,17,183,0.000134,0.011008
JPM,17,184,-0.011895,0.010857
JPM,17,185,0.007022,0.013112
JPM,17,186,0.000967,0.012800
JPM,17,187,0.012926,0.012480
JPM,17,188,0.010404,0.009524
JPM,17,189,0.000652,0.008760
JPM,17,190,-0.006287,0.007794
JPM,17,191,0.014895,0.009200
JPM,17,192,-0.025980,0.008376
JPM,17,193,0.011376,0.007712
JPM,17,194,-0.005719,0.004812
JPM,17,195,-0.017349,0.004197
JPM,17,196,0.009659,0.003655
JPM,17,197,0.009149,0.005535
JPM,17,198,-0.014848,0.005497
JPM,17,199,0.013629,0.005689
JPM,17,200,0.004737,0.003846
JPM,17,201,-0.016057,0.004138
JPM,17,202,0.020266,0.004468
JPM,17,203,0.017212,0.006946
JPM,17,204,0.012551,0.007463
JPM,17,205,0.023466,0.007959
JPM,17,206,0.015987,0.006322
JPM,17,207,0.028756,0.006449
JPM,17,208,0.007803,0.006416
JPM,17,209,-0.012661,0.008194
JPM,17,210,0.017542,0.007975
JPM,17,211,0.071920,0.007590
JPM,17,212,0.020650,0.005151
JPM,17,213,-0.001928,0.004364
JPM,17,214,0.005225,0.003520
JPM,17,215,-0.010024,0.004490
JPM,17,216,0.007104,0.003758
JPM,17,217,0.022555,0.003044
JPM,17,218,-0.009679,0.000632
JPM,17,219,0.009307,-0.000003
JPM,17,220,-0.015032,-0.000440
JPM,17,221,0.005783,0.001021
JPM,17,222,0.002202,0.001053
JPM,17,223,-0.007232,0.001188
JPM,17,224,0.012119,-0.000210
JPM,17,225,-0.001360,0.000052
JPM,17,226,-0.013511,0.000465
JPM,17,227,-0.023729,0.002537
JPM,17,228,-0.031217,0.003107
JPM,17,229,-0.037768,0.003547
JPM,17,230,-0.010468,0.002328
JPM,17,231,-0.012389,0.002432
JPM,17,232,-0.027364,0.002481
JPM,17,233,-0.004564,0.003887
JPM,17,234,-0.024225,0.003727
JPM,17,235,-0.006826,0.003307
JPM,17,236,-0.013936,0.001278
JPM,17,237,0.012543,0.000488
JPM,17,238,-0.021543,-0.000268
JPM,17,239,-0.017611,0.000364
JPM,17,240,0.000251,-0.000306
JPM,17,241,-0.016218,-0.001043
JPM,17,242,-0.022701,-0.003067
JPM,17,243,-0.042980,-0.003703
JPM,17,244,-0.023949,-0.004065
JPM,17,245,-0.028104,-0.002931
JPM,17,246,-0.010589,-0.002856
JPM,17,247,-0.008154,-0.002753
JPM,17,248,-0.016104,-0.003800
JPM,17,249,-0.024277,-0.003550
JPM,17,250,-0.007156,-0.003084
JPM,17,251,0.014274,-0.001332
JPM,17,252,-0.024660,-0.000732
KO,2,1,0.249291,0.269103
KO,2,2,0.258934,0.258773
KO,2,3,0.281479,0.248868
KO,2,4,0.247813,0.239372
KO,2,5,0.197293,0.230267
KO,2,6,0.218395,0.221537
KO,2,7,0.227742,0.213166
KO,2,8,0.206925,0.205140
KO,2,9,0.187374,0.197444
KO,2,10,0.238146,0.190065
KO,2,11,0.164756,0.182989
KO,2,12,0.187054,0.176205
KO,2,13,0.196962,0.169699
KO,2,14,0.186327,0.163461
KO,2,15,0.182647,0.157480
KO,2,16,0.149344,0.151744
KO,2,17,0.181712,0.146244
KO,2,18,0.134827,0.140970
KO,2,19,0.105124,0.135912
KO,2,20,0.154154,0.131062
KO,2,21,0.100047,0.126411
KO,2,22,0.090203,0.121951
KO,2,23,0.109732,0.117674
KO,2,24,0.073346,0.113572
KO,2,25,0.082837,0.109638
KO,2,26,0.097080,0.105866
KO,2,27,0.091365,0.102248
KO,2,28,0.049550,0.098778
KO,2,29,0.077509,0.095450
KO,2,30,0.083816,0.092258
KO,2,31,0.068552,0.089197
KO,2,32,0.058421,0.086261
KO,2,33,0.053193,0.083445
KO,2,34,0.062321,0.080744
KO,2,35,0.073545,0.078153
KO,2,36,0.071808,0.075667
KO,2,37,0.088285,0.073283
KO,2,38,0.043947,0.070997
KO,2,39,0.085095,0.068803
KO,2,40,0.063577,0.066698
KO,2,41,0.053531,0.064679
KO,2,42,0.059952,0.062743
KO,2,43,0.078779,0.060884
KO,2,44,0.046997,0.059101
KO,2,45,0.060469,0.057391
KO,2,46,0.080941,0.055750
KO,2,47,0.093094,0.054175
KO,2,48,0.070233,0.052664
KO,2,49,0.103567,0.051214
KO,2,50,0.070495,0.049822
KO,2,51,0.080215,0.048487
KO,2,52,0.048082,0.047205
KO,2,53,0.049976,0.045975
KO,2,54,0.037918,0.044795
KO,2,55,0.072828,0.043662
KO,2,56,0.057970,0.042574
KO,2,57,0.072452,0.041530
KO,2,58,0.048843,0.040527
KO,2,59,0.059518,0.039565
KO,2,60,0.050911,0.038641
KO,2,61,0.056147,0.037754
KO,2,62,0.045743,0.036902
KO,2,63,0.057282,0.036084
KO,2,64,0.038678,0.035299
KO,2,65,0.029724,0.034544
KO,2,66,0.056301,0.033820
KO,2,67,0.032724,0.033124
KO,2,68,0.060636,0.032455
KO,2,69,0.016668,0.031813
KO,2,70,0.031609,0.031196
KO,2,71,-0.013318,0.030603
KO,2,72,0.064565,0.030033
KO,2,73,0.001067,0.029485
KO,2,74,0.032514,0.028959
KO,2,75,0.029445,0.028453
KO,2,76,0.042374,0.027967
KO,2,77,-0.005552,0.027499
KO,2,78,0.010562,0.027050
KO,2,79,0.005055,0.026617
KO,2,80,0.043672,0.026201
KO,2,81,0.019921,0.025801
KO,2,82,0.034260,0.025417
KO,2,83,0.018645,0.025047
KO,2,84,0.017938,0.024690
KO,2,85,0.014162,0.024348
KO,2,86,0.011217,0.024018
KO,2,87,0.023139,0.023700
KO,2,88,0.033522,0.023394
KO,2,89,0.010864,0.023100
KO,2,90,0.043881,0.022816
KO,2,91,0.032972,0.022543
KO,2,92,0.020212,0.022280
KO,2,93,0.022084,0.022026
KO,2,94,0.028080,0.021781
KO,2,95,0.035188,0.021546
KO,2,96,0.034701,0.021319
KO,2,97,0.003455,0.021099
KO,2,98,0.021522,0.020888
KO,2,99,0.023497,0.020684
KO,2,100,0.006551,0.020487
KO,2,101,0.008958,0.020298
KO,2,102,-0.003378,0.020114
KO,2,103,-0.004698,0.019937
KO,2,104,0.013129,0.019766
KO,2,105,0.019955,0.019601
KO,2,106,-0.001520,0.019441
KO,2,107,0.025842,0.019287
KO,2,108,0.011323,0.019138
KO,2,109,0.035305,0.018993
KO,2,110,-0.009128,0.018854
KO,2,111,0.042315,0.018719
KO,2,112,-0.006828,0.018588
KO,2,113,0.007608,0.018461
KO,2,114,0.022820,0.018339
KO,2,115,0.022906,0.018220
KO,2,116,0.005959,0.018105
KO,2,117,0.031612,0.017993
KO,2,118,0.026597,0.017885
KO,2,119,0.032999,0.017780
KO,2,120,0.000885,0.017678
KO,2,121,0.021682,0.017579
KO,2,122,0.010043,0.017483
KO,2,123,-0.010242,0.017390
KO,2,124,0.017517,0.017299
KO,2,125,0.020951,0.017211
KO,2,126,-0.008167,0.017125
KO,2,127,0.026386,0.017041
KO,2,128,0.020686,0.016960
KO,2,129,0.018375,0.016881
KO,2,130,-0.001342,0.016804
KO,2,131,0.047699,0.016729
KO,2,132,0.018810,0.016656
KO,2,133,0.025600,0.016584
KO,2,134,0.015897,0.016515
KO,2,135,0.002499,0.016447
KO,2,136,-0.004199,0.016381
KO,2,137,-0.000467,0.016316
KO,2,138,0.008161,0.016252
KO,2,139,0.007973,0.016191
KO,2,140,0.001648,0.016130
KO,2,141,0.032550,0.016071
KO,2,142,0.062561,0.016013
KO,2,143,0.016942,0.015956
KO,2,144,0.027219,0.015901
KO,2,145,-0.004758,0.015846
KO,2,146,0.041359,0.015793
KO,2,147,0.013500,0.015740
KO,2,148,0.021011,0.015689
KO,2,149,0.011663,0.015639
KO,2,150,0.027655,0.015589
KO,2,151,0.046308,0.015541
KO,2,152,0.019459,0.015493
KO,2,153,-0.003060,0.015446
KO,2,154,0.044853,0.015400
KO,2,155,0.029732,0.015354
KO,2,156,0.054661,0.015310
KO,2,157,0.034605,0.015266
KO,2,158,0.065003,0.015222
KO,2,159,0.056490,0.015180
KO,2,160,0.025081,0.015137
KO,2,161,0.069078,0.015096
KO,2,162,0.059074,0.015055
KO,2,163,0.044229,0.015015
KO,2,164,0.050397,0.014975
KO,2,165,0.055372,0.014936
KO,2,166,0.050835,0.014897
KO,2,167,0.045572,0.014858
KO,2,168,0.056502,0.014821
KO,2,169,0.030339,0.014783
KO,2,170,0.020282,0.014746
KO,2,171,0.061760,0.014709
KO,2,172,0.032223,0.014673
KO,2,173,0.023085,0.014637
KO,2,174,0.000549,0.014602
KO,2,175,0.006306,0.014567
KO,2,176,0.031932,0.014532
KO,2,177,0.025331,0.014498
KO,2,178,0.025699,0.014463
KO,2,179,0.047199,0.014430
KO,2,180,0.012688,0.014396
KO,2,181,0.002821,0.014363
KO,2,182,0.017669,0.014330
KO,2,183,0.022656,0.014297
KO,2,184,-0.004239,0.014265
KO,2,185,0.022122,0.014232
KO,2,186,0.008584,0.014201
KO,2,187,0.003197,0.014169
KO,2,188,0.006663,0.014137
KO,2,189,0.019482,0.014106
KO,2,190,0.013964,0.014075
KO,2,191,0.009312,0.014044
KO,2,192,-0.010668,0.014013
KO,2,193,0.011907,0.013983
KO,2,194,-0.010848,0.013953
KO,2,195,0.018732,0.013923
KO,2,196,0.010630,0.013893
KO,2,197,0.037486,0.013863
KO,2,198,0.013994,0.013833
KO,2,199,0.022252,0.013804
KO,2,200,0.015869,0.013775
KO,2,201,0.021368,0.013745
KO,2,202,0.013519,0.013717
KO,2,203,0.043344,0.013688
KO,2,204,0.009272,0.013659
KO,2,205,0.032819,0.013630
KO,2,206,0.005308,0.013602
KO,2,207,0.037519,0.013574
KO,2,208,0.009359,0.013546
KO,2,209,0.021522,0.013518
KO,2,210,0.015937,0.013490
KO,2,211,0.037731,0.013462
KO,2,212,0.027560,0.013434
KO,2,213,0.014533,0.013407
KO,2,214,0.038784,0.013379
KO,2,215,0.049935,0.013352
KO,2,216,0.008476,0.013324
KO,2,217,0.012000,0.013297
KO,2,218,0.014468,0.013270
KO,2,219,0.006914,0.013243
KO,2,220,-0.006327,0.013216
KO,2,221,0.004677,0.013190
KO,2,222,0.010577,0.013163
KO,2,223,-0.011694,0.013136
KO,2,224,-0.005727,0.013110
KO,2,225,-0.007471,0.013083
KO,2,226,-0.018995,0.013057
KO,2,227,-0.009730,0.013031
KO,2,228,-0.012223,0.013005
KO,2,229,0.007363,0.012979
KO,2,230,-0.031881,0.012953
KO,2,231,0.007838,0.012927
KO,2,232,-0.012701,0.012901
KO,2,233,-0.015433,0.012875
KO,2,234,-0.014544,0.012849
KO,2,235,-0.021949,0.012824
KO,2,236,-0.013475,0.012798
KO,2,237,-0.022364,0.012773
KO,2,238,-0.025687,0.012747
KO,2,239,-0.028686,0.012722
KO,2,240,-0.053008,0.012697
KO,2,241,-0.007368,0.012671
KO,2,242,-0.016986,0.012646
KO,2,243,-0.037804,0.012621
KO,2,244,-0.016952,0.012596
KO,2,245,-0.023095,0.012571
KO,2,246,-0.000229,0.012546
KO,2,247,-0.022007,0.012521
KO,2,248,-0.035153,0.012497
KO,2,249,-0.006264,0.012472
KO,2,250,-0.025467,0.012447
KO,2,251,0.010637,0.012423
KO,2,252,-0.014019,0.012398
KO,17,1,0.249291,0.247730
KO,17,2,0.258934,0.260743
KO,17,3,0.281479,0.284625
KO,17,4,0.247813,0.244961
KO,17,5,0.197293,0.205393
KO,17,6,0.218395,0.215575
KO,17,7,0.227742,0.204151
KO,17,8,0.206925,0.222785
KO,17,9,0.187374,0.184708
KO,17,10,0.238146,0.218076
KO,17,11,0.164756,0.195822
KO,17,12,0.187054,0.198321
KO,17,13,0.196962,0.190473
KO,17,14,0.186327,0.174547
KO,17,15,0.182647,0.183405
KO,17,16,0.149344,0.150351
KO,17,17,0.181712,0.153123
KO,17,18,0.134827,0.140319
KO,17,19,0.105124,0.129637
KO,17,20,0.154154,0.127885
KO,17,21,0.100047,0.105002
KO,17,22,0.090203,0.116211
KO,17,23,0.109732,0.100373
KO,17,24,0.073346,0.092617
KO,17,25,0.082837,0.091340
KO,17,26,0.097080,0.076007
KO,17,27,0.091365,0.089067
KO,17,28,0.049550,0.063765
KO,17,29,0.077509,0.074566
KO,17,30,0.083816,0.069250
KO,17,31,0.068552,0.071381
KO,17,32,0.058421,0.073996
KO,17,33,0.053193,0.066384
KO,17,34,0.062321,0.080172
KO,17,35,0.073545,0.076453
KO,17,36,0.071808,0.072689
KO,17,37,0.088285,0.076976
KO,17,38,0.043947,0.067340
KO,17,39,0.085095,0.080353
KO,17,40,0.063577,0.059715
KO,17,41,0.053531,0.068910
KO,17,42,0.059952,0.063845
KO,17,43,0.078779,0.065896
KO,17,44,0.046997,0.064227
KO,17,45,0.060469,0.057893
KO,17,46,0.080941,0.065895
KO,17,47,0.093094,0.062364
KO,17,48,0.070233,0.055223
KO,17,49,0.103567,0.057117
KO,17,50,0.070495,0.047654
KO,17,51,0.080215,0.056947
KO,17,52,0.048082,0.038367
KO,17,53,0.049976,0.045532
KO,17,54,0.037918,0.041709
KO,17,55,0.072828,0.045291
KO,17,56,0.057970,0.043443
KO,17,57,0.072452,0.041351
KO,17,58,0.048843,0.049180
KO,17,59,0.059518,0.049853
KO,17,60,0.050911,0.044558
KO,17,61,0.056147,0.048549
KO,17,62,0.045743,0.042855
KO,17,63,0.057282,0.052197
KO,17,64,0.038678,0.037357
KO,17,65,0.029724,0.044167
KO,17,66,0.056301,0.041589
KO,17,67,0.032724,0.045565
KO,17,68,0.060636,0.042040
KO,17,69,0.016668,0.040666
KO,17,70,0.031609,0.045338
KO,17,71,-0.013318,0.045587
KO,17,72,0.064565,0.037932
KO,17,73,0.001067,0.039667
KO,17,74,0.032514,0.033210
KO,17,75,0.029445,0.039403
KO,17,76,0.042374,0.024828
KO,17,77,-0.005552,0.029573
KO,17,78,0.010562,0.027020
KO,17,79,0.005055,0.031285
KO,17,80,0.043672,0.027462
KO,17,81,0.019921,0.028395
KO,17,82,0.034260,0.033246
KO,17,83,0.018645,0.036260
KO,17,84,0.017938,0.030333
KO,17,85,0.014162,0.033983
KO,17,86,0.011217,0.030471
KO,17,87,0.023139,0.037485
KO,17,88,0.033522,0.025763
KO,17,89,0.010864,0.030885
KO,17,90,0.043881,0.029433
KO,17,91,0.032972,0.034070
KO,17,92,0.020212,0.029293
KO,17,93,0.022084,0.030320
KO,17,94,0.028080,0.032934
KO,17,95,0.035188,0.035034
KO,17,96,0.034701,0.027056
KO,17,97,0.003455,0.028606
KO,17,98,0.021522,0.023840
KO,17,99,0.023497,0.028305
KO,17,100,0.006551,0.016086
KO,17,101,0.008958,0.019527
KO,17,102,-0.003378,0.017759
KO,17,103,-0.004698,0.022415
KO,17,104,0.013129,0.017602
KO,17,105,0.019955,0.020215
KO,17,106,-0.001520,0.023449
KO,17,107,0.025842,0.027749
KO,17,108,0.011323,0.021562
KO,17,109,0.035305,0.025030
KO,17,110,-0.009128,0.022770
KO,17,111,0.042315,0.028481
KO,17,112,-0.006828,0.018563
KO,17,113,0.007608,0.022720
KO,17,114,0.022820,0.021876
KO,17,115,0.022906,0.026804
KO,17,116,0.005959,0.021342
KO,17,117,0.031612,0.023631
KO,17,118,0.026597,0.025073
KO,17,119,0.032999,0.028149
KO,17,120,0.000885,0.020055
KO,17,121,0.021682,0.021509
KO,17,122,0.010043,0.017731
KO,17,123,-0.010242,0.021256
KO,17,124,0.017517,0.010453
KO,17,125,0.020951,0.013186
KO,17,126,-0.008167,0.011878
KO,17,127,0.026386,0.016720
KO,17,128,0.020686,0.011403
KO,17,129,0.018375,0.014908
KO,17,130,-0.001342,0.017235
KO,17,131,0.047699,0.022209
KO,17,132,0.018810,0.015942
KO,17,133,0.025600,0.019310
KO,17,134,0.015897,0.017780
KO,17,135,0.002499,0.022770
KO,17,136,-0.004199,0.013937
KO,17,137,-0.000467,0.017553
KO,17,138,0.008161,0.017052
KO,17,139,0.007973,0.022094
KO,17,140,0.001648,0.016286
KO,17,141,0.032550,0.019228
KO,17,142,0.062561,0.020007
KO,17,143,0.016942,0.023588
KO,17,144,0.027219,0.015501
KO,17,145,-0.004758,0.016911
KO,17,146,0.041359,0.013729
KO,17,147,0.013500,0.016745
KO,17,148,0.021011,0.006822
KO,17,149,0.011663,0.009167
KO,17,150,0.027655,0.008129
KO,17,151,0.046308,0.013032
KO,17,152,0.019459,0.007470
KO,17,153,-0.003060,0.011422
KO,17,154,0.044853,0.013225
KO,17,155,0.029732,0.018527
KO,17,156,0.054661,0.012273
KO,17,157,0.034605,0.015579
KO,17,158,0.065003,0.014485
KO,17,159,0.056490,0.019071
KO,17,160,0.025081,0.010922
KO,17,161,0.069078,0.014230
KO,17,162,0.059074,0.013925
KO,17,163,0.044229,0.018985
KO,17,164,0.050397,0.013018
KO,17,165,0.055372,0.016279
KO,17,166,0.050835,0.016678
KO,17,167,0.045572,0.020502
KO,17,168,0.056502,0.012488
KO,17,169,0.030339,0.013879
KO,17,170,0.020282,0.011070
KO,17,171,0.061760,0.013812
KO,17,172,0.032223,0.004468
KO,17,173,0.023085,0.006598
KO,17,174,0.000549,0.005718
KO,17,175,0.006306,0.010611
KO,17,176,0.031932,0.004944
KO,17,177,0.025331,0.009094
KO,17,178,0.025699,0.010585
KO,17,179,0.047199,0.016020
KO,17,180,0.012688,0.009827
KO,17,181,0.002821,0.013089
KO,17,182,0.017669,0.012264
KO,17,183,0.022656,0.016619
KO,17,184,-0.004239,0.008925
KO,17,185,0.022122,0.012055
KO,17,186,0.008584,0.011861
KO,17,187,0.003197,0.016886
KO,17,188,0.006663,0.010864
KO,17,189,0.019482,0.014257
KO,17,190,0.013964,0.014432
KO,17,191,0.009312,0.018355
KO,17,192,-0.010668,0.010444
KO,17,193,0.011907,0.011830
KO,17,194,-0.010848,0.009266
KO,17,195,0.018732,0.011861
KO,17,196,0.010630,0.002923
KO,17,197,0.037486,0.004932
KO,17,198,0.013994,0.004148
KO,17,199,0.022252,0.008990
KO,17,200,0.015869,0.003295
KO,17,201,0.021368,0.007504
KO,17,202,0.013519,0.008801
KO,17,203,0.043344,0.014262
KO,17,204,0.009272,0.008152
KO,17,205,0.032819,0.011379
KO,17,206,0.005308,0.010726
KO,17,207,0.037519,0.014944
KO,17,208,0.009359,0.007576
KO,17,209,0.021522,0.010595
KO,17,210,0.015937,0.010465
KO,17,211,0.037731,0.015425
KO,17,212,0.027560,0.009403
KO,17,213,0.014533,0.012827
KO,17,214,0.038784,0.012865
KO,17,215,0.049935,0.016805
KO,17,216,0.008476,0.009015
KO,17,217,0.012000,0.010399
KO,17,218,0.014468,0.008008
KO,17,219,0.006914,0.010523
KO,17,220,-0.006327,0.001892
KO,17,221,0.004677,0.003831
KO,17,222,0.010577,0.003105
KO,17,223,-0.011694,0.007875
KO,17,224,-0.005727,0.002193
KO,17,225,-0.007471,0.006387
KO,17,226,-0.018995,0.007554
KO,17,227,-0.009730,0.012981
KO,17,228,-0.012223,0.006966
KO,17,229,0.007363,0.010160
KO,17,230,-0.031881,0.009624
KO,17,231,0.007838,0.013756
KO,17,232,-0.012701,0.006638
KO,17,233,-0.015433,0.009584
KO,17,234,-0.014544,0.009491
KO,17,235,-0.021949,0.014369
KO,17,236,-0.013475,0.008380
KO,17,237,-0.022364,0.011777
KO,17,238,-0.025687,0.011727
KO,17,239,-0.028686,0.015640
KO,17,240,-0.053008,0.007977
KO,17,241,-0.007368,0.009361
KO,17,242,-0.016986,0.007098
KO,17,243,-0.037804,0.009570
KO,17,244,-0.016952,0.001189
KO,17,245,-0.023095,0.003083
KO,17,246,-0.000229,0.002396
KO,17,247,-0.022007,0.007082
KO,17,248,-0.035153,0.001436
KO,17,249,-0.006264,0.005573
KO,17,250,-0.025467,0.006648
KO,17,251,0.010637,0.012008
KO,17,252,-0.014019,0.006092
LLY,2,1,0.128106,0.122545
LLY,2,2,0.092103,0.100090
LLY,2,3,0.077350,0.083724
LLY,2,4,0.079958,0.071778
LLY,2,5,0.041619,0.063038
LLY,2,6,0.075988,0.056625
LLY,2,7,0.054447,0.051900
LLY,2,8,0.034159,0.048400
LLY,2,9,0.059964,0.045790
LLY,2,10,0.069820,0.043825
LLY,2,11,0.029977,0.042329
LLY,2,12,0.065946,0.041174
LLY,2,13,0.040944,0.040266
LLY,2,14,0.045230,0.039539
LLY,2,15,0.053350,0.038942
LLY,2,16,0.062474,0.038441
LLY,2,17,0.084790,0.038010
LLY,2,18,0.037079,0.037630
LLY,2,19,0.055598,0.037288
LLY,2,20,0.050035,0.036973
LLY,2,21,0.053547,0.036678
LLY,2,22,0.048822,0.036399
LLY,2,23,0.036843,0.036132
LLY,2,24,0.056714,0.035873
LLY,2,25,0.033147,0.035621
LLY,2,26,0.036598,0.035374
LLY,2,27,0.047926,0.035132
LLY,2,28,0.047901,0.034893
LLY,2,29,0.053275,0.034658
LLY,2,30,0.018523,0.034424
LLY,2,31,0.068789,0.034194
LLY,2,32,0.039258,0.033965
LLY,2,33,0.024090,0.033738
LLY,2,34,0.038302,0.033513
LLY,2,35,0.036341,0.033290
LLY,2,36,0.040089,0.033068
LLY,2,37,0.022432,0.032848
LLY,2,38,0.014854,0.032629
LLY,2,39,0.055465,0.032412
LLY,2,40,0.020533,0.032197
LLY,2,41,0.040980,0.031983
LLY,2,42,0.020252,0.031770
LLY,2,43,0.023674,0.031559
LLY,2,44,0.024930,0.031349
LLY,2,45,0.057331,0.031140
LLY,2,46,0.017861,0.030933
LLY,2,47,0.004224,0.030728
LLY,2,48,0.000209,0.030524
LLY,2,49,0.001649,0.030321
LLY,2,50,0.006743,0.030119
LLY,2,51,0.056815,0.029919
LLY,2,52,0.037099,0.029720
LLY,2,53,0.011051,0.029522
LLY,2,54,0.010496,0.029326
LLY,2,55,-0.003057,0.029131
LLY,2,56,0.063776,0.028937
LLY,2,57,0.001383,0.028745
LLY,2,58,0.033837,0.028554
LLY,2,59,0.028895,0.028364
LLY,2,60,0.058240,0.028176
LLY,2,61,0.023046,0.027988
LLY,2,62,0.013263,0.027802
LLY,2,63,0.040101,0.027617
LLY,2,64,0.028410,0.027434
LLY,2,65,0.029320,0.027251
LLY,2,66,0.082476,0.027070
LLY,2,67,0.013140,0.026890
LLY,2,68,0.049588,0.026712
LLY,2,69,0.020368,0.026534
LLY,2,70,0.034132,0.026358
LLY,2,71,0.042829,0.026182
LLY,2,72,0.013044,0.026008
LLY,2,73,0.006867,0.025835
LLY,2,74,0.033480,0.025664
LLY,2,75,0.027591,0.025493
LLY,2,76,-0.023015,0.025324
LLY,2,77,-0.000586,0.025155
LLY,2,78,-0.029875,0.024988
LLY,2,79,-0.009591,0.024822
LLY,2,80,-0.011396,0.024657
LLY,2,81,-0.016788,0.024493
LLY,2,82,-0.001196,0.024330
LLY,2,83,-0.020499,0.024168
LLY,2,84,0.012052,0.024008
LLY,2,85,0.010877,0.023848
LLY,2,86,0.013787,0.023690
LLY,2,87,0.023182,0.023532
LLY,2,88,0.009696,0.023376
LLY,2,89,-0.004293,0.023220
LLY,2,90,0.003704,0.023066
LLY,2,91,0.020538,0.022913
LLY,2,92,0.011647,0.022760
LLY,2,93,0.033344,0.022609
LLY,2,94,0.034681,0.022459
LLY,2,95,-0.010482,0.022309
LLY,2,96,0.018444,0.022161
LLY,2,97,0.006728,0.022014
LLY,2,98,-0.004939,0.021867
LLY,2,99,0.035665,0.021722
LLY,2,100,-0.017295,0.021578
LLY,2,101,0.022276,0.021434
LLY,2,102,0.029902,0.021292
LLY,2,103,0.036098,0.021150
LLY,2,104,-0.012392,0.021010
LLY,2,105,0.011664,0.020870
LLY,2,106,0.030704,0.020731
LLY,2,107,0.022370,0.020593
LLY,2,108,0.025249,0.020456
LLY,2,109,-0.013191,0.020321
LLY,2,110,0.003017,0.020185
LLY,2,111,0.004987,0.020051
LLY,2,112,0.017702,0.019918
LLY,2,113,0.017191,0.019786
LLY,2,114,-0.002969,0.019654
LLY,2,115,-0.002803,0.019523
LLY,2,116,-0.015184,0.019394
LLY,2,117,0.008058,0.019265
LLY,2,118,0.017905,0.019137
LLY,2,119,0.003538,0.019009
LLY,2,120,0.021222,0.018883
LLY,2,121,0.010198,0.018757
LLY,2,122,0.036560,0.018633
LLY,2,123,0.033116,0.018509
LLY,2,124,0.005331,0.018386
LLY,2,125,-0.018966,0.018264
LLY,2,126,-0.006073,0.018142
LLY,2,127,0.026201,0.018022
LLY,2,128,0.029926,0.017902
LLY,2,129,-0.006518,0.017783
LLY,2,130,-0.004727,0.017665
LLY,2,131,0.040915,0.017547
LLY,2,132,0.016647,0.017431
LLY,2,133,0.020040,0.017315
LLY,2,134,0.035251,0.017200
LLY,2,135,0.004590,0.017085
LLY,2,136,0.002720,0.016972
LLY,2,137,0.006746,0.016859
LLY,2,138,0.003985,0.016747
LLY,2,139,0.009492,0.016635
LLY,2,140,0.025461,0.016525
LLY,2,141,0.001825,0.016415
LLY,2,142,0.021210,0.016306
LLY,2,143,0.002903,0.016197
LLY,2,144,0.053632,0.016090
LLY,2,145,0.029301,0.015983
LLY,2,146,0.051221,0.015877
LLY,2,147,-0.003144,0.015771
LLY,2,148,-0.008039,0.015666
LLY,2,149,0.013997,0.015562
LLY,2,150,0.002846,0.015459
LLY,2,151,-0.009095,0.015356
LLY,2,152,0.040638,0.015254
LLY,2,153,0.033355,0.015152
LLY,2,154,-0.020938,0.015052
LLY,2,155,0.037393,0.014952
LLY,2,156,0.047998,0.014852
LLY,2,157,0.004658,0.014753
LLY,2,158,0.041680,0.014655
LLY,2,159,0.094909,0.014558
LLY,2,160,0.020081,0.014461
LLY,2,161,0.018038,0.014365
LLY,2,162,0.066454,0.014269
LLY,2,163,0.031961,0.014175
LLY,2,164,0.021511,0.014080
LLY,2,165,0.050056,0.013987
LLY,2,166,-0.000289,0.013894
LLY,2,167,0.035766,0.013801
LLY,2,168,0.024031,0.013710
LLY,2,169,-0.006948,0.013619
LLY,2,170,0.022024,0.013528
LLY,2,171,0.024758,0.013438
LLY,2,172,0.020039,0.013349
LLY,2,173,0.008699,0.013260
LLY,2,174,0.027664,0.013172
LLY,2,175,0.018206,0.013084
LLY,2,176,0.035122,0.012997
LLY,2,177,0.027410,0.012911
LLY,2,178,0.030137,0.012825
LLY,2,179,0.044832,0.012740
LLY,2,180,0.027206,0.012655
LLY,2,181,0.025506,0.012571
LLY,2,182,0.028190,0.012487
LLY,2,183,0.076991,0.012404
LLY,2,184,0.043685,0.012322
LLY,2,185,0.008190,0.012240
LLY,2,186,0.017994,0.012159
LLY,2,187,0.070303,0.012078
LLY,2,188,0.015769,0.011998
LLY,2,189,-0.001325,0.011918
LLY,2,190,0.030946,0.011839
LLY,2,191,0.034146,0.011760
LLY,2,192,0.027642,0.011682
LLY,2,193,0.013399,0.011604
LLY,2,194,0.019248,0.011527
LLY,2,195,0.023188,0.011450
LLY,2,196,-0.001331,0.011374
LLY,2,197,0.036990,0.011299
LLY,2,198,0.043677,0.011223
LLY,2,199,0.009472,0.011149
LLY,2,200,0.025053,0.011075
LLY,2,201,0.009030,0.011001
LLY,2,202,0.008712,0.010928
LLY,2,203,-0.011949,0.010855
LLY,2,204,0.018061,0.010783
LLY,2,205,-0.013556,0.010711
LLY,2,206,0.017072,0.010640
LLY,2,207,-0.008498,0.010570
LLY,2,208,0.024800,0.010499
LLY,2,209,0.013871,0.010429
LLY,2,210,0.008629,0.010360
LLY,2,211,0.009776,0.010291
LLY,2,212,0.020200,0.010223
LLY,2,213,-0.002891,0.010155
LLY,2,214,0.033292,0.010087
LLY,2,215,0.052769,0.010020
LLY,2,216,0.011836,0.009954
LLY,2,217,-0.008504,0.009888
LLY,2,218,0.044245,0.009822
LLY,2,219,0.034890,0.009757
LLY,2,220,-0.000952,0.009692
LLY,2,221,0.017287,0.009627
LLY,2,222,0.011938,0.009563
LLY,2,223,-0.003669,0.009500
LLY,2,224,0.010164,0.009437
LLY,2,225,0.015300,0.009374
LLY,2,226,0.029393,0.009311
LLY,2,227,0.010660,0.009250
LLY,2,228,-0.007185,0.009188
LLY,2,229,-0.015221,0.009127
LLY,2,230,0.014669,0.009066
LLY,2,231,-0.019095,0.009006
LLY,2,232,0.009144,0.008946
LLY,2,233,-0.005710,0.008887
LLY,2,234,0.012622,0.008828
LLY,2,235,0.021966,0.008769
LLY,2,236,0.010137,0.008711
LLY,2,237,-0.013041,0.008653
LLY,2,238,0.014619,0.008595
LLY,2,239,-0.010789,0.008538
LLY,2,240,-0.020457,0.008481
LLY,2,241,-0.009546,0.008425
LLY,2,242,0.038132,0.008369
LLY,2,243,-0.009528,0.008313
LLY,2,244,-0.013646,0.008258
LLY,2,245,0.027482,0.008203
LLY,2,246,0.005132,0.008149
LLY,2,247,0.007231,0.008094
LLY,2,248,-0.012619,0.008041
LLY,2,249,0.000487,0.007987
LLY,2,250,-0.001499,0.007934
LLY,2,251,0.012759,0.007881
LLY,2,252,0.021099,0.007829
LLY,17,1,0.128106,0.127483
LLY,17,2,0.092103,0.090194
LLY,17,3,0.077350,0.080695
LLY,17,4,0.079958,0.090350
LLY,17,5,0.041619,0.045694
LLY,17,6,0.075988,0.068061
LLY,17,7,0.054447,0.058606
LLY,17,8,0.034159,0.052977
LLY,17,9,0.059964,0.059593
LLY,17,10,0.069820,0.064755
LLY,17,11,0.029977,0.031596
LLY,17,12,0.065946,0.077846
LLY,17,13,0.040944,0.053411
LLY,17,14,0.045230,0.045202
LLY,17,15,0.053350,0.065722
LLY,17,16,0.062474,0.051485
LLY,17,17,0.084790,0.061115
LLY,17,18,0.037079,0.048824
LLY,17,19,0.055598,0.053676
LLY,17,20,0.050035,0.053143
LLY,17,21,0.053547,0.049246
LLY,17,22,0.048822,0.048517
LLY,17,23,0.036843,0.033523
LLY,17,24,0.056714,0.055350
LLY,17,25,0.033147,0.031950
LLY,17,26,0.036598,0.031933
LLY,17,27,0.047926,0.041909
LLY,17,28,0.047901,0.023463
LLY,17,29,0.053275,0.038093
LLY,17,30,0.018523,0.023185
LLY,17,31,0.068789,0.028413
LLY,17,32,0.039258,0.031829
LLY,17,33,0.024090,0.026220
LLY,17,34,0.038302,0.029762
LLY,17,35,0.036341,0.024123
LLY,17,36,0.040089,0.041651
LLY,17,37,0.022432,0.023146
LLY,17,38,0.014854,0.031450
LLY,17,39,0.055465,0.041552
LLY,17,40,0.020533,0.024498
LLY,17,41,0.040980,0.040914
LLY,17,42,0.020252,0.029004
LLY,17,43,0.023674,0.033395
LLY,17,44,0.024930,0.035408
LLY,17,45,0.057331,0.027363
LLY,17,46,0.017861,0.029725
LLY,17,47,0.004224,0.024225
LLY,17,48,0.000209,0.034335
LLY,17,49,0.001649,0.013957
LLY,17,50,0.006743,0.021996
LLY,17,51,0.056815,0.028696
LLY,17,52,0.037099,0.009221
LLY,17,53,0.011051,0.023404
LLY,17,54,0.010496,0.013969
LLY,17,55,-0.003057,0.018015
LLY,17,56,0.063776,0.020063
LLY,17,57,0.001383,0.013947
LLY,17,58,0.033837,0.019410
LLY,17,59,0.028895,0.018519
LLY,17,60,0.058240,0.028410
LLY,17,61,0.023046,0.011989
LLY,17,62,0.013263,0.024383
LLY,17,63,0.040101,0.033013
LLY,17,64,0.028410,0.015122
LLY,17,65,0.029320,0.029293
LLY,17,66,0.082476,0.023075
LLY,17,67,0.013140,0.026259
LLY,17,68,0.049588,0.026343
LLY,17,69,0.020368,0.018997
LLY,17,70,0.034132,0.022836
LLY,17,71,0.042829,0.020906
LLY,17,72,0.013044,0.025602
LLY,17,73,0.006867,0.007359
LLY,17,74,0.033480,0.018301
LLY,17,75,0.027591,0.024387
LLY,17,76,-0.023015,0.004660
LLY,17,77,-0.000586,0.016501
LLY,17,78,-0.029875,0.012146
LLY,17,79,-0.009591,0.014982
LLY,17,80,-0.011396,0.015132
LLY,17,81,-0.016788,0.009677
LLY,17,82,-0.001196,0.015811
LLY,17,83,-0.020499,0.017456
LLY,17,84,0.012052,0.022648
LLY,17,85,0.010877,0.007767
LLY,17,86,0.013787,0.021901
LLY,17,87,0.023182,0.029774
LLY,17,88,0.009696,0.011687
LLY,17,89,-0.004293,0.023482
LLY,17,90,0.003704,0.021500
LLY,17,91,0.020538,0.023569
LLY,17,92,0.011647,0.022196
LLY,17,93,0.033344,0.015670
LLY,17,94,0.034681,0.020055
LLY,17,95,-0.010482,0.020523
LLY,17,96,0.018444,0.021608
LLY,17,97,0.006728,0.005035
LLY,17,98,-0.004939,0.017480
LLY,17,99,0.035665,0.023122
LLY,17,100,-0.017295,0.003620
LLY,17,101,0.022276,0.013420
LLY,17,102,0.029902,0.012653
LLY,17,103,0.036098,0.014426
LLY,17,104,-0.012392,0.013326
LLY,17,105,0.011664,0.008439
LLY,17,106,0.030704,0.014605
LLY,17,107,0.022370,0.018037
LLY,17,108,0.025249,0.019916
LLY,17,109,-0.013191,0.006234
LLY,17,110,0.003017,0.021189
LLY,17,111,0.004987,0.028397
LLY,17,112,0.017702,0.010499
LLY,17,113,0.017191,0.020335
LLY,17,114,-0.002969,0.021297
LLY,17,115,-0.002803,0.022418
LLY,17,116,-0.015184,0.020165
LLY,17,117,0.008058,0.014308
LLY,17,118,0.017905,0.018759
LLY,17,119,0.003538,0.021014
LLY,17,120,0.021222,0.019571
LLY,17,121,0.010198,0.004348
LLY,17,122,0.036560,0.017590
LLY,17,123,0.033116,0.022830
LLY,17,124,0.005331,0.003817
LLY,17,125,-0.018966,0.011977
LLY,17,126,-0.006073,0.013713
LLY,17,127,0.026201,0.014601
LLY,17,128,0.029926,0.012745
LLY,17,129,-0.006518,0.008304
LLY,17,130,-0.004727,0.014191
LLY,17,131,0.040915,0.018936
LLY,17,132,0.016647,0.018435
LLY,17,133,0.020040,0.005712
LLY,17,134,0.035251,0.020986
LLY,17,135,0.004590,0.027604
LLY,17,136,0.002720,0.010104
LLY,17,137,0.006746,0.018370
LLY,17,138,0.003985,0.021385
LLY,17,139,0.009492,0.021729
LLY,17,140,0.025461,0.018985
LLY,17,141,0.001825,0.013671
LLY,17,142,0.021210,0.017952
LLY,17,143,0.002903,0.021562
LLY,17,144,0.053632,0.018343
LLY,17,145,0.029301,0.004230
LLY,17,146,0.051221,0.017857
LLY,17,147,-0.003144,0.022747
LLY,17,148,-0.008039,0.004346
LLY,17,149,0.013997,0.011205
LLY,17,150,0.002846,0.014701
LLY,17,151,-0.009095,0.014872
LLY,17,152,0.040638,0.012578
LLY,17,153,0.033355,0.008494
LLY,17,154,-0.020938,0.013968
LLY,17,155,0.037393,0.019684
LLY,17,156,0.047998,0.017464
LLY,17,157,0.004658,0.005522
LLY,17,158,0.041680,0.020826
LLY,17,159,0.094909,0.026933
LLY,17,160,0.020081,0.009926
LLY,17,161,0.018038,0.016940
LLY,17,162,0.066454,0.021395
LLY,17,163,0.031961,0.021118
LLY,17,164,0.021511,0.018124
LLY,17,165,0.050056,0.013258
LLY,17,166,-0.000289,0.017269
LLY,17,167,0.035766,0.021912
LLY,17,168,0.024031,0.017445
LLY,17,169,-0.006948,0.004256
LLY,17,170,0.022024,0.018022
LLY,17,171,0.024758,0.022616
LLY,17,172,0.020039,0.004865
LLY,17,173,0.008699,0.010695
LLY,17,174,0.027664,0.015436
LLY,17,175,0.018206,0.015036
LLY,17,176,0.035122,0.012502
LLY,17,177,0.027410,0.008707
LLY,17,178,0.030137,0.013733
LLY,17,179,0.044832,0.020161
LLY,17,180,0.027206,0.016696
LLY,17,181,0.025506,0.005397
LLY,17,182,0.028190,0.020565
LLY,17,183,0.076991,0.026237
LLY,17,184,0.043685,0.009752
LLY,17,185,0.008190,0.015766
LLY,17,186,0.017994,0.021236
LLY,17,187,0.070303,0.020468
LLY,17,188,0.015769,0.017371
LLY,17,189,-0.001325,0.012878
LLY,17,190,0.030946,0.016592
LLY,17,191,0.034146,0.022018
LLY,17,192,0.027642,0.016679
LLY,17,193,0.013399,0.004266
LLY,17,194,0.019248,0.018024
LLY,17,195,0.023188,0.022371
LLY,17,196,-0.001331,0.005261
LLY,17,197,0.036990,0.010278
LLY,17,198,0.043677,0.015901
LLY,17,199,0.009472,0.015050
LLY,17,200,0.025053,0.012399
LLY,17,201,0.009030,0.008841
LLY,17,202,0.008712,0.013430
LLY,17,203,-0.011949,0.020376
LLY,17,204,0.018061,0.016005
LLY,17,205,-0.013556,0.005241
LLY,17,206,0.017072,0.020185
LLY,17,207,-0.008498,0.025486
LLY,17,208,0.024800,0.009513
LLY,17,209,0.013871,0.014730
LLY,17,210,0.008629,0.020912
LLY,17,211,0.009776,0.019763
LLY,17,212,0.020200,0.016648
LLY,17,213,-0.002891,0.012469
LLY,17,214,0.033292,0.015894
LLY,17,215,0.052769,0.021912
LLY,17,216,0.011836,0.015968
LLY,17,217,-0.008504,0.004212
LLY,17,218,0.044245,0.017875
LLY,17,219,0.034890,0.022016
LLY,17,220,-0.000952,0.005513
LLY,17,221,0.017287,0.009885
LLY,17,222,0.011938,0.016132
LLY,17,223,-0.003669,0.014931
LLY,17,224,0.010164,0.012236
LLY,17,225,0.015300,0.008872
LLY,17,226,0.029393,0.013062
LLY,17,227,0.010660,0.020375
LLY,17,228,-0.007185,0.015347
LLY,17,229,-0.015221,0.005032
LLY,17,230,0.014669,0.019705
LLY,17,231,-0.019095,0.024691
LLY,17,232,0.009144,0.009203
LLY,17,233,-0.005710,0.013781
LLY,17,234,0.012622,0.020460
LLY,17,235,0.021966,0.019015
LLY,17,236,0.010137,0.015933
LLY,17,237,-0.013041,0.012018
LLY,17,238,0.014619,0.015180
LLY,17,239,-0.010789,0.021639
LLY,17,240,-0.020457,0.015283
LLY,17,241,-0.009546,0.004088
LLY,17,242,0.038132,0.017605
LLY,17,243,-0.009528,0.021575
LLY,17,244,-0.013646,0.005633
LLY,17,245,0.027482,0.009495
LLY,17,246,0.005132,0.016178
LLY,17,247,0.007231,0.014706
LLY,17,248,-0.012619,0.012010
LLY,17,249,0.000487,0.008808
LLY,17,250,-0.001499,0.012642
LLY,17,251,0.012759,0.020207
LLY,17,252,0.021099,0.014704
MCD,2,1,0.308984,0.329203
MCD,2,2,0.313232,0.308666
MCD,2,3,0.316371,0.289529
MCD,2,4,0.259494,0.271695
MCD,2,5,0.255926,0.255072
MCD,2,6,0.237901,0.239575
MCD,2,7,0.195331,0.225126
MCD,2,8,0.190392,0.211652
MCD,2,9,0.210733,0.199084
MCD,2,10,0.179427,0.187359
MCD,2,11,0.206679,0.176418
MCD,2,12,0.178884,0.166208
MCD,2,13,0.165614,0.156676
MCD,2,14,0.180294,0.147776
MCD,2,15,0.165566,0.139464
MCD,2,16,0.129139,0.131699
MCD,2,17,0.159515,0.124443
MCD,2,18,0.142193,0.117662
MCD,2,19,0.069839,0.111321
MCD,2,20,0.129868,0.105391
MCD,2,21,0.090635,0.099843
MCD,2,22,0.084529,0.094651
MCD,2,23,0.103307,0.089791
MCD,2,24,0.037760,0.085239
MCD,2,25,0.084329,0.080975
MCD,2,26,0.087354,0.076979
MCD,2,27,0.061599,0.073233
MCD,2,28,0.040992,0.069719
MCD,2,29,0.073262,0.066421
MCD,2,30,0.031888,0.063326
MCD,2,31,0.026892,0.060419
MCD,2,32,0.030967,0.057688
MCD,2,33,0.020883,0.055120
MCD,2,34,0.050828,0.052705
MCD,2,35,0.046151,0.050432
MCD,2,36,0.025780,0.048292
MCD,2,37,0.078423,0.046277
MCD,2,38,0.050568,0.044377
MCD,2,39,0.055899,0.042585
MCD,2,40,0.051974,0.040894
MCD,2,41,0.028917,0.039298
MCD,2,42,0.037906,0.037789
MCD,2,43,0.045270,0.036363
MCD,2,44,0.022124,0.035014
MCD,2,45,0.023094,0.033737
MCD,2,46,0.070120,0.032528
MCD,2,47,-0.002935,0.031381
MCD,2,48,0.033315,0.030293
MCD,2,49,0.021854,0.029261
MCD,2,50,-0.011001,0.028280
MCD,2,51,0.035570,0.027348
MCD,2,52,0.032644,0.026462
MCD,2,53,0.010069,0.025618
MCD,2,54,0.033414,0.024814
MCD,2,55,0.036230,0.024048
MCD,2,56,0.018911,0.023316
MCD,2,57,0.053684,0.022619
MCD,2,58,0.046340,0.021952
MCD,2,59,0.037384,0.021314
MCD,2,60,0.029969,0.020704
MCD,2,61,0.022433,0.020120
MCD,2,62,0.022201,0.019561
MCD,2,63,0.042093,0.019024
MCD,2,64,0.017639,0.018510
MCD,2,65,-0.013711,0.018015
MCD,2,66,0.020859,0.017540
MCD,2,67,0.033491,0.017084
MCD,2,68,0.013981,0.016644
MCD,2,69,-0.007565,0.016221
MCD,2,70,0.010414,0.015814
MCD,2,71,-0.002999,0.015421
MCD,2,72,0.020547,0.015042
MCD,2,73,-0.001682,0.014676
MCD,2,74,0.013989,0.014323
MCD,2,75,-0.019970,0.013982
MCD,2,76,-0.000911,0.013651
MCD,2,77,0.018791,0.013332
MCD,2,78,0.014883,0.013023
MCD,2,79,0.008622,0.012723
MCD,2,80,-0.004859,0.012433
MCD,2,81,-0.010633,0.012152
MCD,2,82,0.011079,0.011879
MCD,2,83,0.003184,0.011614
MCD,2,84,0.006262,0.011357
MCD,2,85,0.004028,0.011107
MCD,2,86,0.000298,0.010865
MCD,2,87,0.010783,0.010629
MCD,2,88,0.046120,0.010399
MCD,2,89,0.026648,0.010176
MCD,2,90,0.031050,0.009959
MCD,2,91,0.026373,0.009747
MCD,2,92,0.059036,0.009541
MCD,2,93,0.044776,0.009341
MCD,2,94,0.040975,0.009145
MCD,2,95,0.067142,0.008955
MCD,2,96,0.050952,0.008769
MCD,2,97,0.059327,0.008587
MCD,2,98,0.019341,0.008410
MCD,2,99,0.029658,0.008238
MCD,2,100,0.018596,0.008069
MCD,2,101,0.017744,0.007905
MCD,2,102,0.007003,0.007744
MCD,2,103,0.051397,0.007587
MCD,2,104,0.008216,0.007434
MCD,2,105,0.035546,0.007284
MCD,2,106,0.009812,0.007138
MCD,2,107,-0.002008,0.006995
MCD,2,108,-0.008925,0.006855
MCD,2,109,-0.009752,0.006718
MCD,2,110,0.002829,0.006584
MCD,2,111,-0.002003,0.006453
MCD,2,112,-0.001459,0.006325
MCD,2,113,-0.021633,0.006200
MCD,2,114,0.026157,0.006077
MCD,2,115,0.007389,0.005957
MCD,2,116,0.021095,0.005840
MCD,2,117,0.000205,0.005725
MCD,2,118,0.031217,0.005612
MCD,2,119,0.023797,0.005502
MCD,2,120,-0.005178,0.005394
MCD,2,121,0.010858,0.005289
MCD,2,122,-0.013351,0.005185
MCD,2,123,0.000351,0.005084
MCD,2,124,0.005457,0.004985
MCD,2,125,0.026816,0.004887
MCD,2,126,0.002745,0.004792
MCD,2,127,0.003874,0.004699
MCD,2,128,-0.005140,0.004608
MCD,2,129,0.024116,0.004518
MCD,2,130,0.043750,0.004430
MCD,2,131,0.031462,0.004344
MCD,2,132,0.025006,0.004260
MCD,2,133,0.000563,0.004178
MCD,2,134,-0.004773,0.004097
MCD,2,135,0.018018,0.004017
MCD,2,136,0.000123,0.003940
MCD,2,137,-0.023028,0.003864
MCD,2,138,-0.025324,0.003789
MCD,2,139,-0.017369,0.003716
MCD,2,140,0.008591,0.003644
MCD,2,141,0.015516,0.003574
MCD,2,142,-0.006431,0.003505
MCD,2,143,0.020022,0.003437
MCD,2,144,-0.004825,0.003371
MCD,2,145,-0.026211,0.003306
MCD,2,146,-0.003409,0.003242
MCD,2,147,0.003465,0.003180
MCD,2,148,-0.012987,0.003118
MCD,2,149,-0.010450,0.003058
MCD,2,150,0.006980,0.003000
MCD,2,151,0.007561,0.002942
MCD,2,152,0.019700,0.002885
MCD,2,153,0.028474,0.002830
MCD,2,154,0.004936,0.002775
MCD,2,155,0.030232,0.002722
MCD,2,156,0.053694,0.002670
MCD,2,157,0.001249,0.002618
MCD,2,158,0.026567,0.002568
MCD,2,159,-0.001046,0.002519
MCD,2,160,0.015837,0.002470
MCD,2,161,-0.017016,0.002423
MCD,2,162,0.016703,0.002376
MCD,2,163,0.024848,0.002331
MCD,2,164,-0.007293,0.002286
MCD,2,165,-0.017468,0.002242
MCD,2,166,-0.005554,0.002199
MCD,2,167,0.013449,0.002157
MCD,2,168,-0.013364,0.002116
MCD,2,169,-0.008808,0.002075
MCD,2,170,0.022967,0.002035
MCD,2,171,-0.027263,0.001996
MCD,2,172,-0.006055,0.001958
MCD,2,173,0.002213,0.001920
MCD,2,174,-0.027835,0.001883
MCD,2,175,-0.017498,0.001847
MCD,2,176,-0.001359,0.001812
MCD,2,177,-0.006206,0.001777
MCD,2,178,-0.008529,0.001743
MCD,2,179,-0.003465,0.001710
MCD,2,180,-0.005359,0.001677
MCD,2,181,-0.003371,0.001645
MCD,2,182,0.008009,0.001613
MCD,2,183,-0.022404,0.001582
MCD,2,184,-0.002654,0.001552
MCD,2,185,0.003294,0.001522
MCD,2,186,-0.028148,0.001493
MCD,2,187,-0.017667,0.001464
MCD,2,188,0.005318,0.001436
MCD,2,189,-0.000985,0.001409
MCD,2,190,0.015649,0.001382
MCD,2,191,-0.007686,0.001355
MCD,2,192,-0.005216,0.001329
MCD,2,193,-0.001507,0.001304
MCD,2,194,-0.012222,0.001279
MCD,2,195,-0.016929,0.001254
MCD,2,196,-0.026789,0.001230
MCD,2,197,0.011194,0.001207
MCD,2,198,-0.019547,0.001184
MCD,2,199,-0.011975,0.001161
MCD,2,200,-0.008018,0.001139
MCD,2,201,-0.000601,0.001117
MCD,2,202,-0.010493,0.001095
MCD,2,203,-0.024863,0.001075
MCD,2,204,-0.030156,0.001054
MCD,2,205,-0.035311,0.001034
MCD,2,206,-0.033156,0.001014
MCD,2,207,-0.008916,0.000994
MCD,2,208,-0.024452,0.000975
MCD,2,209,-0.018058,0.000957
MCD,2,210,-0.029194,0.000938
MCD,2,211,-0.008884,0.000920
MCD,2,212,-0.031433,0.000903
MCD,2,213,0.013351,0.000886
MCD,2,214,-0.009359,0.000869
MCD,2,215,-0.009476,0.000852
MCD,2,216,-0.039668,0.000836
MCD,2,217,-0.020824,0.000820
MCD,2,218,-0.005577,0.000804
MCD,2,219,0.002646,0.000788
MCD,2,220,0.006953,0.000773
MCD,2,221,-0.001846,0.000759
MCD,2,222,-0.010462,0.000744
MCD,2,223,-0.034612,0.000730
MCD,2,224,-0.011239,0.000716
MCD,2,225,-0.005481,0.000702
MCD,2,226,-0.021503,0.000689
MCD,2,227,-0.018566,0.000675
MCD,2,228,-0.044717,0.000663
MCD,2,229,-0.045939,0.000650
MCD,2,230,-0.001956,0.000637
MCD,2,231,-0.040476,0.000625
MCD,2,232,-0.030249,0.000613
MCD,2,233,-0.026939,0.000601
MCD,2,234,-0.052779,0.000590
MCD,2,235,-0.025705,0.000579
MCD,2,236,-0.031843,0.000568
MCD,2,237,-0.054795,0.000557
MCD,2,238,-0.046627,0.000546
MCD,2,239,-0.030137,0.000536
MCD,2,240,-0.022959,0.000525
MCD,2,241,-0.032995,0.000515
MCD,2,242,-0.034468,0.000505
MCD,2,243,-0.044398,0.000496
MCD,2,244,-0.049376,0.000486
MCD,2,245,-0.028210,0.000477
MCD,2,246,-0.005241,0.000468
MCD,2,247,-0.023771,0.000459
MCD,2,248,-0.002919,0.000450
MCD,2,249,-0.023248,0.000441
MCD,2,250,0.005846,0.000433
MCD,2,251,0.008622,0.000425
MCD,2,252,-0.013684,0.000416
MCD,17,1,0.308984,0.309599
MCD,17,2,0.313232,0.316122
MCD,17,3,0.316371,0.311810
MCD,17,4,0.259494,0.254318
MCD,17,5,0.255926,0.269913
MCD,17,6,0.237901,0.230485
MCD,17,7,0.195331,0.189065
MCD,17,8,0.190392,0.202467
MCD,17,9,0.210733,0.207927
MCD,17,10,0.179427,0.180161
MCD,17,11,0.206679,0.199804
MCD,17,12,0.178884,0.184349
MCD,17,13,0.165614,0.166410
MCD,17,14,0.180294,0.175940
MCD,17,15,0.165566,0.175715
MCD,17,16,0.129139,0.148426
MCD,17,17,0.159515,0.147308
MCD,17,18,0.142193,0.122956
MCD,17,19,0.069839,0.100133
MCD,17,20,0.129868,0.097548
MCD,17,21,0.090635,0.094896
MCD,17,22,0.084529,0.079462
MCD,17,23,0.103307,0.083610
MCD,17,24,0.037760,0.073771
MCD,17,25,0.084329,0.064465
MCD,17,26,0.087354,0.064592
MCD,17,27,0.061599,0.062494
MCD,17,28,0.040992,0.049872
MCD,17,29,0.073262,0.048825
MCD,17,30,0.031888,0.039514
MCD,17,31,0.026892,0.033106
MCD,17,32,0.030967,0.034895
MCD,17,33,0.020883,0.038409
MCD,17,34,0.050828,0.036911
MCD,17,35,0.046151,0.043267
MCD,17,36,0.025780,0.043318
MCD,17,37,0.078423,0.043468
MCD,17,38,0.050568,0.045851
MCD,17,39,0.055899,0.047210
MCD,17,40,0.051974,0.043565
MCD,17,41,0.028917,0.044256
MCD,17,42,0.037906,0.041142
MCD,17,43,0.045270,0.039268
MCD,17,44,0.022124,0.039726
MCD,17,45,0.023094,0.040654
MCD,17,46,0.070120,0.038659
MCD,17,47,-0.002935,0.039146
MCD,17,48,0.033315,0.036346
MCD,17,49,0.021854,0.033537
MCD,17,50,-0.011001,0.031360
MCD,17,51,0.035570,0.029526
MCD,17,52,0.032644,0.026392
MCD,17,53,0.010069,0.026095
MCD,17,54,0.033414,0.025171
MCD,17,55,0.036230,0.025714
MCD,17,56,0.018911,0.027387
MCD,17,57,0.053684,0.029430
MCD,17,58,0.046340,0.029855
MCD,17,59,0.037384,0.030779
MCD,17,60,0.029969,0.029730
MCD,17,61,0.022433,0.028395
MCD,17,62,0.022201,0.027032
MCD,17,63,0.042093,0.026102
MCD,17,64,0.017639,0.024981
MCD,17,65,-0.013711,0.025520
MCD,17,66,0.020859,0.026109
MCD,17,67,0.033491,0.027461
MCD,17,68,0.013981,0.028892
MCD,17,69,-0.007565,0.029938
MCD,17,70,0.010414,0.029449
MCD,17,71,-0.002999,0.028338
MCD,17,72,0.020547,0.025725
MCD,17,73,-0.001682,0.022760
MCD,17,74,0.013989,0.019880
MCD,17,75,-0.019970,0.017824
MCD,17,76,-0.000911,0.016545
MCD,17,77,0.018791,0.016930
MCD,17,78,0.014883,0.018118
MCD,17,79,0.008622,0.020120
MCD,17,80,-0.004859,0.022125
MCD,17,81,-0.010633,0.023601
MCD,17,82,0.011079,0.023725
MCD,17,83,0.003184,0.022824
MCD,17,84,0.006262,0.020645
MCD,17,85,0.004028,0.018029
MCD,17,86,0.000298,0.015511
MCD,17,87,0.010783,0.013836
MCD,17,88,0.046120,0.013189
MCD,17,89,0.026648,0.013995
MCD,17,90,0.031050,0.015687
MCD,17,91,0.026373,0.017936
MCD,17,92,0.059036,0.019930
MCD,17,93,0.044776,0.021091
MCD,17,94,0.040975,0.020813
MCD,17,95,0.067142,0.019235
MCD,17,96,0.050952,0.016450
MCD,17,97,0.059327,0.013225
MCD,17,98,0.019341,0.010226
MCD,17,99,0.029658,0.008212
MCD,17,100,0.018596,0.007504
MCD,17,101,0.017744,0.008327
MCD,17,102,0.007003,0.010231
MCD,17,103,0.051397,0.012707
MCD,17,104,0.008216,0.014934
MCD,17,105,0.035546,0.016269
MCD,17,106,0.009812,0.016186
MCD,17,107,-0.002008,0.014714
MCD,17,108,-0.008925,0.012083
MCD,17,109,-0.009752,0.008997
MCD,17,110,0.002829,0.006175
MCD,17,111,-0.002003,0.004345
MCD,17,112,-0.001459,0.003877
MCD,17,113,-0.021633,0.004889
MCD,17,114,0.026157,0.006971
MCD,17,115,0.007389,0.009532
MCD,17,116,0.021095,0.011761
MCD,17,117,0.000205,0.012995
MCD,17,118,0.031217,0.012768
MCD,17,119,0.023797,0.011086
MCD,17,120,-0.005178,0.008264
MCD,17,121,0.010858,0.004999
MCD,17,122,-0.013351,0.002052
MCD,17,123,0.000351,0.000147
MCD,17,124,0.005457,-0.000322
MCD,17,125,0.026816,0.000716
MCD,17,126,0.002745,0.002869
MCD,17,127,0.003874,0.005501
MCD,17,128,-0.005140,0.007806
MCD,17,129,0.024116,0.009103
MCD,17,130,0.043750,0.008950
MCD,17,131,0.031462,0.007335
MCD,17,132,0.025006,0.004602
MCD,17,133,0.000563,0.001431
MCD,17,134,-0.004773,-0.001406
MCD,17,135,0.018018,-0.003207
MCD,17,136,0.000123,-0.003571
MCD,17,137,-0.023028,-0.002458
MCD,17,138,-0.025324,-0.000251
MCD,17,139,-0.017369,0.002394
MCD,17,140,0.008591,0.004687
MCD,17,141,0.015516,0.005945
MCD,17,142,-0.006431,0.005750
MCD,17,143,0.020022,0.004090
MCD,17,144,-0.004825,0.001329
MCD,17,145,-0.026211,-0.001856
MCD,17,146,-0.003409,-0.004690
MCD,17,147,0.003465,-0.006481
MCD,17,148,-0.012987,-0.006827
MCD,17,149,-0.010450,-0.005702
MCD,17,150,0.006980,-0.003485
MCD,17,151,0.007561,-0.000835
MCD,17,152,0.019700,0.001466
MCD,17,153,0.028474,0.002741
MCD,17,154,0.004936,0.002582
MCD,17,155,0.030232,0.000975
MCD,17,156,0.053694,-0.001711
MCD,17,157,0.001249,-0.004813
MCD,17,158,0.026567,-0.007561
MCD,17,159,-0.001046,-0.009280
MCD,17,160,0.015837,-0.009573
MCD,17,161,-0.017016,-0.008423
MCD,17,162,0.016703,-0.006205
MCD,17,163,0.024848,-0.003574
MCD,17,164,-0.007293,-0.001299
MCD,17,165,-0.017468,-0.000045
MCD,17,166,-0.005554,-0.000210
MCD,17,167,0.013449,-0.001802
MCD,17,168,-0.013364,-0.004454
MCD,17,169,-0.008808,-0.007510
MCD,17,170,0.022967,-0.010211
MCD,17,171,-0.027263,-0.011892
MCD,17,172,-0.006055,-0.012164
MCD,17,173,0.002213,-0.011015
MCD,17,174,-0.027835,-0.008814
MCD,17,175,-0.017498,-0.006208
MCD,17,176,-0.001359,-0.003952
MCD,17,177,-0.006206,-0.002702
MCD,17,178,-0.008529,-0.002844
MCD,17,179,-0.003465,-0.004388
MCD,17,180,-0.005359,-0.006969
MCD,17,181,-0.003371,-0.009946
MCD,17,182,0.008009,-0.012571
MCD,17,183,-0.022404,-0.014193
MCD,17,184,-0.002654,-0.014434
MCD,17,185,0.003294,-0.013283
MCD,17,186,-0.028148,-0.011104
MCD,17,187,-0.017667,-0.008532
MCD,17,188,0.005318,-0.006309
MCD,17,189,-0.000985,-0.005076
MCD,17,190,0.015649,-0.005210
MCD,17,191,-0.007686,-0.006721
MCD,17,192,-0.005216,-0.009247
MCD,17,193,-0.001507,-0.012157
MCD,17,194,-0.012222,-0.014721
MCD,17,195,-0.016929,-0.016299
MCD,17,196,-0.026789,-0.016521
MCD,17,197,0.011194,-0.015379
MCD,17,198,-0.019547,-0.013228
MCD,17,199,-0.011975,-0.010694
MCD,17,200,-0.008018,-0.008501
MCD,17,201,-0.000601,-0.007280
MCD,17,202,-0.010493,-0.007398
MCD,17,203,-0.024863,-0.008863
MCD,17,204,-0.030156,-0.011322
MCD,17,205,-0.035311,-0.014156
MCD,17,206,-0.033156,-0.016649
MCD,17,207,-0.008916,-0.018177
MCD,17,208,-0.024452,-0.018377
MCD,17,209,-0.018058,-0.017243
MCD,17,210,-0.029194,-0.015124
MCD,17,211,-0.008884,-0.012631
MCD,17,212,-0.031433,-0.010475
MCD,17,213,0.013351,-0.009271
MCD,17,214,-0.009359,-0.009378
MCD,17,215,-0.009476,-0.010804
MCD,17,216,-0.039668,-0.013201
MCD,17,217,-0.020824,-0.015965
MCD,17,218,-0.005577,-0.018393
MCD,17,219,0.002646,-0.019878
MCD,17,220,0.006953,-0.020062
MCD,17,221,-0.001846,-0.018940
MCD,17,222,-0.010462,-0.016855
MCD,17,223,-0.034612,-0.014405
MCD,17,224,-0.011239,-0.012285
MCD,17,225,-0.005481,-0.011096
MCD,17,226,-0.021503,-0.011190
MCD,17,227,-0.018566,-0.012573
MCD,17,228,-0.044717,-0.014906
MCD,17,229,-0.045939,-0.017597
MCD,17,230,-0.001956,-0.019960
MCD,17,231,-0.040476,-0.021399
MCD,17,232,-0.030249,-0.021567
MCD,17,233,-0.026939,-0.020458
MCD,17,234,-0.052779,-0.018409
MCD,17,235,-0.025705,-0.016003
MCD,17,236,-0.031843,-0.013920
MCD,17,237,-0.054795,-0.012749
MCD,17,238,-0.046627,-0.012833
MCD,17,239,-0.030137,-0.014177
MCD,17,240,-0.022959,-0.016449
MCD,17,241,-0.032995,-0.019070
MCD,17,242,-0.034468,-0.021371
MCD,17,243,-0.044398,-0.022768
MCD,17,244,-0.049376,-0.022922
MCD,17,245,-0.028210,-0.021828
MCD,17,246,-0.005241,-0.019815
MCD,17,247,-0.023771,-0.017454
MCD,17,248,-0.002919,-0.015409
MCD,17,249,-0.023248,-0.014256
MCD,17,250,0.005846,-0.014328
MCD,17,251,0.008622,-0.015632
MCD,17,252,-0.013684,-0.017844
MSFT,2,1,0.149745,0.158580
MSFT,2,2,0.137743,0.150633
MSFT,2,3,0.131838,0.143344
MSFT,2,4,0.125779,0.136652
MSFT,2,5,0.158068,0.130503
MSFT,2,6,0.127363,0.124847
MSFT,2,7,0.094300,0.119639
MSFT,2,8,0.087544,0.114838
MSFT,2,9,0.113567,0.110409
MSFT,2,10,0.122728,0.106316
MSFT,2,11,0.117319,0.102530
MSFT,2,12,0.112247,0.099023
MSFT,2,13,0.100379,0.095770
MSFT,2,14,0.094777,0.092748
MSFT,2,15,0.100812,0.089937
MSFT,2,16,0.088335,0.087317
MSFT,2,17,0.124555,0.084873
MSFT,2,18,0.097135,0.082588
MSFT,2,19,0.076016,0.080448
MSFT,2,20,0.094084,0.078441
MSFT,2,21,0.083905,0.076556
MSFT,2,22,0.101419,0.074781
MSFT,2,23,0.085110,0.073107
MSFT,2,24,0.079932,0.071526
MSFT,2,25,0.077506,0.070029
MSFT,2,26,0.091047,0.068610
MSFT,2,27,0.081137,0.067262
MSFT,2,28,0.072187,0.065980
MSFT,2,29,0.102814,0.064757
MSFT,2,30,0.068042,0.063589
MSFT,2,31,0.069914,0.062472
MSFT,2,32,0.061976,0.061402
MSFT,2,33,0.048973,0.060374
MSFT,2,34,0.048460,0.059386
MSFT,2,35,0.088378,0.058435
MSFT,2,36,0.059521,0.057517
MSFT,2,37,0.047410,0.056631
MSFT,2,38,0.026405,0.055775
MSFT,2,39,0.032429,0.054945
MSFT,2,40,0.039055,0.054140
MSFT,2,41,0.036262,0.053359
MSFT,2,42,0.050387,0.052599
MSFT,2,43,0.040204,0.051860
MSFT,2,44,0.034405,0.051140
MSFT,2,45,0.044619,0.050438
MSFT,2,46,0.047143,0.049753
MSFT,2,47,0.035224,0.049084
MSFT,2,48,0.040502,0.048430
MSFT,2,49,0.038643,0.047790
MSFT,2,50,0.015347,0.047164
MSFT,2,51,0.014824,0.046550
MSFT,2,52,0.045446,0.045948
MSFT,2,53,0.030638,0.045357
MSFT,2,54,0.024944,0.044778
MSFT,2,55,0.019121,0.044209
MSFT,2,56,0.019239,0.043650
MSFT,2,57,0.005052,0.043101
MSFT,2,58,0.018448,0.042560
MSFT,2,59,0.011537,0.042029
MSFT,2,60,0.028949,0.041506
MSFT,2,61,0.055870,0.040991
MSFT,2,62,0.033342,0.040485
MSFT,2,63,0.044372,0.039986
MSFT,2,64,0.010702,0.039494
MSFT,2,65,0.052337,0.039010
MSFT,2,66,0.060558,0.038532
MSFT,2,67,-0.011401,0.038062
MSFT,2,68,-0.004071,0.037597
MSFT,2,69,0.009418,0.037140
MSFT,2,70,0.019541,0.036689
MSFT,2,71,0.043809,0.036243
MSFT,2,72,0.047186,0.035804
MSFT,2,73,0.040841,0.035371
MSFT,2,74,0.017701,0.034943
MSFT,2,75,0.044508,0.034521
MSFT,2,76,0.051321,0.034105
MSFT,2,77,0.023113,0.033694
MSFT,2,78,0.007767,0.033288
MSFT,2,79,0.002573,0.032887
MSFT,2,80,0.019249,0.032492
MSFT,2,81,0.008794,0.032101
MSFT,2,82,0.031827,0.031715
MSFT,2,83,0.021230,0.031334
MSFT,2,84,0.011804,0.030958
MSFT,2,85,0.022489,0.030587
MSFT,2,86,0.045185,0.030220
MSFT,2,87,0.030143,0.029858
MSFT,2,88,0.036242,0.029500
MSFT,2,89,0.031801,0.029147
MSFT,2,90,0.011898,0.028798
MSFT,2,91,0.050984,0.028453
MSFT,2,92,0.053693,0.028112
MSFT,2,93,0.009428,0.027776
MSFT,2,94,0.046388,0.027444
MSFT,2,95,0.042912,0.027115
MSFT,2,96,0.034223,0.026791
MSFT,2,97,0.048858,0.026471
MSFT,2,98,0.039604,0.026154
MSFT,2,99,0.050968,0.025842
MSFT,2,100,0.038509,0.025533
MSFT,2,101,0.023969,0.025228
MSFT,2,102,0.041943,0.024926
MSFT,2,103,0.045675,0.024628
MSFT,2,104,-0.003418,0.024334
MSFT,2,105,0.039950,0.024043
MSFT,2,106,0.019012,0.023756
MSFT,2,107,0.025452,0.023472
MSFT,2,108,0.011782,0.023192
MSFT,2,109,0.028991,0.022915
MSFT,2,110,-0.002090,0.022641
MSFT,2,111,0.019468,0.022371
MSFT,2,112,0.021519,0.022104
MSFT,2,113,0.034088,0.021840
MSFT,2,114,0.041847,0.021579
MSFT,2,115,0.023805,0.021321
MSFT,2,116,0.028951,0.021067
MSFT,2,117,0.043693,0.020815
MSFT,2,118,0.000289,0.020566
MSFT,2,119,0.055168,0.020321
MSFT,2,120,0.045108,0.020078
MSFT,2,121,0.018079,0.019839
MSFT,2,122,0.022514,0.019602
MSFT,2,123,0.008552,0.019368
MSFT,2,124,0.064077,0.019136
MSFT,2,125,0.047665,0.018908
MSFT,2,126,0.058248,0.018682
MSFT,2,127,0.083406,0.018459
MSFT,2,128,0.004708,0.018239
MSFT,2,129,0.017388,0.018021
MSFT,2,130,0.021534,0.017806
MSFT,2,131,0.075106,0.017593
MSFT,2,132,0.037410,0.017383
MSFT,2,133,0.011557,0.017176
MSFT,2,134,0.039945,0.016971
MSFT,2,135,0.012788,0.016768
MSFT,2,136,0.021222,0.016568
MSFT,2,137,0.036656,0.016370
MSFT,2,138,0.035114,0.016175
MSFT,2,139,0.020235,0.015982
MSFT,2,140,-0.001068,0.015791
MSFT,2,141,0.021174,0.015603
MSFT,2,142,0.034242,0.015416
MSFT,2,143,0.023188,0.015232
MSFT,2,144,0.031876,0.015050
MSFT,2,145,0.025542,0.014871
MSFT,2,146,0.021972,0.014693
MSFT,2,147,0.012598,0.014518
MSFT,2,148,0.060291,0.014345
MSFT,2,149,-0.008122,0.014173
MSFT,2,150,-0.005854,0.014004
MSFT,2,151,0.043859,0.013837
MSFT,2,152,0.034750,0.013672
MSFT,2,153,0.061083,0.013509
MSFT,2,154,0.013419,0.013347
MSFT,2,155,0.032724,0.013188
MSFT,2,156,0.024104,0.013031
MSFT,2,157,0.041924,0.012875
MSFT,2,158,0.014986,0.012721
MSFT,2,159,0.020470,0.012570
MSFT,2,160,0.033967,0.012419
MSFT,2,161,0.070508,0.012271
MSFT,2,162,0.027710,0.012125
MSFT,2,163,0.021716,0.011980
MSFT,2,164,0.024775,0.011837
MSFT,2,165,-0.005936,0.011696
MSFT,2,166,0.020926,0.011556
MSFT,2,167,0.008309,0.011418
MSFT,2,168,0.039090,0.011282
MSFT,2,169,0.007428,0.011147
MSFT,2,170,0.010041,0.011014
MSFT,2,171,0.002114,0.010883
MSFT,2,172,0.040618,0.010753
MSFT,2,173,0.028747,0.010624
MSFT,2,174,0.004123,0.010498
MSFT,2,175,-0.005773,0.010372
MSFT,2,176,0.010853,0.010249
MSFT,2,177,0.017699,0.010126
MSFT,2,178,0.014061,0.010005
MSFT,2,179,0.018296,0.009886
MSFT,2,180,0.011942,0.009768
MSFT,2,181,-0.012001,0.009651
MSFT,2,182,0.029690,0.009536
MSFT,2,183,0.001643,0.009422
MSFT,2,184,0.016854,0.009310
MSFT,2,185,0.038162,0.009199
MSFT,2,186,0.005847,0.009089
MSFT,2,187,0.042945,0.008980
MSFT,2,188,0.046384,0.008873
MSFT,2,189,0.033075,0.008767
MSFT,2,190,0.037970,0.008663
MSFT,2,191,-0.003672,0.008559
MSFT,2,192,0.036760,0.008457
MSFT,2,193,0.022542,0.008356
MSFT,2,194,-0.011781,0.008256
MSFT,2,195,0.004876,0.008158
MSFT,2,196,0.024047,0.008060
MSFT,2,197,0.023661,0.007964
MSFT,2,198,0.004847,0.007869
MSFT,2,199,0.025341,0.007775
MSFT,2,200,-0.016822,0.007682
MSFT,2,201,-0.006225,0.007591
MSFT,2,202,-0.008248,0.007500
MSFT,2,203,0.038936,0.007411
MSFT,2,204,0.011230,0.007322
MSFT,2,205,-0.008216,0.007235
MSFT,2,206,-0.016644,0.007148
MSFT,2,207,0.015610,0.007063
MSFT,2,208,0.019431,0.006979
MSFT,2,209,0.004011,0.006895
MSFT,2,210,-0.011321,0.006813
MSFT,2,211,-0.000410,0.006732
MSFT,2,212,-0.015154,0.006651
MSFT,2,213,-0.006666,0.006572
MSFT,2,214,0.021994,0.006494
MSFT,2,215,0.021186,0.006416
MSFT,2,216,0.009417,0.006339
MSFT,2,217,-0.005263,0.006264
MSFT,2,218,0.020564,0.006189
MSFT,2,219,-0.002490,0.006115
MSFT,2,220,-0.000852,0.006042
MSFT,2,221,0.000879,0.005970
MSFT,2,222,-0.009291,0.005899
MSFT,2,223,-0.010414,0.005828
MSFT,2,224,0.012093,0.005759
MSFT,2,225,-0.020063,0.005690
MSFT,2,226,-0.006323,0.005622
MSFT,2,227,-0.019696,0.005555
MSFT,2,228,-0.055083,0.005489
MSFT,2,229,-0.008029,0.005423
MSFT,2,230,-0.044887,0.005358
MSFT,2,231,-0.058105,0.005295
MSFT,2,232,-0.029946,0.005231
MSFT,2,233,-0.023081,0.005169
MSFT,2,234,-0.018644,0.005107
MSFT,2,235,-0.051120,0.005046
MSFT,2,236,-0.024675,0.004986
MSFT,2,237,-0.023585,0.004926
MSFT,2,238,-0.027542,0.004868
MSFT,2,239,-0.014822,0.004810
MSFT,2,240,-0.026574,0.004752
MSFT,2,241,-0.039831,0.004695
MSFT,2,242,0.001511,0.004639
MSFT,2,243,-0.075849,0.004584
MSFT,2,244,-0.044862,0.004529
MSFT,2,245,-0.029626,0.004475
MSFT,2,246,-0.047131,0.004422
MSFT,2,247,-0.031180,0.004369
MSFT,2,248,-0.025956,0.004317
MSFT,2,249,-0.024511,0.004265
MSFT,2,250,-0.019236,0.004214
MSFT,2,251,0.039108,0.004164
MSFT,2,252,-0.035419,0.004114
MSFT,17,1,0.149745,0.139893
MSFT,17,2,0.137743,0.137134
MSFT,17,3,0.131838,0.125703
MSFT,17,4,0.125779,0.128135
MSFT,17,5,0.158068,0.160569
MSFT,17,6,0.127363,0.139283
MSFT,17,7,0.094300,0.101958
MSFT,17,8,0.087544,0.102000
MSFT,17,9,0.113567,0.126036
MSFT,17,10,0.122728,0.120659
MSFT,17,11,0.117319,0.116277
MSFT,17,12,0.112247,0.103405
MSFT,17,13,0.100379,0.101305
MSFT,17,14,0.094777,0.095578
MSFT,17,15,0.100812,0.091529
MSFT,17,16,0.088335,0.093222
MSFT,17,17,0.124555,0.112374
MSFT,17,18,0.097135,0.097987
MSFT,17,19,0.076016,0.080234
MSFT,17,20,0.094084,0.077370
MSFT,17,21,0.083905,0.087959
MSFT,17,22,0.101419,0.087806
MSFT,17,23,0.085110,0.091869
MSFT,17,24,0.079932,0.080011
MSFT,17,25,0.077506,0.075650
MSFT,17,26,0.091047,0.068952
MSFT,17,27,0.081137,0.066625
MSFT,17,28,0.072187,0.068488
MSFT,17,29,0.102814,0.080208
MSFT,17,30,0.068042,0.066857
MSFT,17,31,0.069914,0.056474
MSFT,17,32,0.061976,0.050807
MSFT,17,33,0.048973,0.054421
MSFT,17,34,0.048460,0.057128
MSFT,17,35,0.088378,0.064025
MSFT,17,36,0.059521,0.053440
MSFT,17,37,0.047410,0.050809
MSFT,17,38,0.026405,0.045678
MSFT,17,39,0.032429,0.046024
MSFT,17,40,0.039055,0.051915
MSFT,17,41,0.036262,0.063147
MSFT,17,42,0.050387,0.053207
MSFT,17,43,0.040204,0.049352
MSFT,17,44,0.034405,0.044804
MSFT,17,45,0.044619,0.046932
MSFT,17,46,0.047143,0.052729
MSFT,17,47,0.035224,0.060523
MSFT,17,48,0.040502,0.050042
MSFT,17,49,0.038643,0.047660
MSFT,17,50,0.015347,0.041283
MSFT,17,51,0.014824,0.039919
MSFT,17,52,0.045446,0.045450
MSFT,17,53,0.030638,0.053130
MSFT,17,54,0.024944,0.041730
MSFT,17,55,0.019121,0.038394
MSFT,17,56,0.019239,0.032010
MSFT,17,57,0.005052,0.031452
MSFT,17,58,0.018448,0.038009
MSFT,17,59,0.011537,0.045348
MSFT,17,60,0.028949,0.035345
MSFT,17,61,0.055870,0.034628
MSFT,17,62,0.033342,0.029479
MSFT,17,63,0.044372,0.029317
MSFT,17,64,0.010702,0.037783
MSFT,17,65,0.052337,0.046395
MSFT,17,66,0.060558,0.037213
MSFT,17,67,-0.011401,0.036994
MSFT,17,68,-0.004071,0.032067
MSFT,17,69,0.009418,0.031776
MSFT,17,70,0.019541,0.040048
MSFT,17,71,0.043809,0.047132
MSFT,17,72,0.047186,0.036982
MSFT,17,73,0.040841,0.036137
MSFT,17,74,0.017701,0.029813
MSFT,17,75,0.044508,0.027653
MSFT,17,76,0.051321,0.035079
MSFT,17,77,0.023113,0.041010
MSFT,17,78,0.007767,0.030103
MSFT,17,79,0.002573,0.028883
MSFT,17,80,0.019249,0.022478
MSFT,17,81,0.008794,0.020443
MSFT,17,82,0.031827,0.028685
MSFT,17,83,0.021230,0.035051
MSFT,17,84,0.011804,0.025336
MSFT,17,85,0.022489,0.025721
MSFT,17,86,0.045185,0.020677
MSFT,17,87,0.030143,0.019659
MSFT,17,88,0.036242,0.029385
MSFT,17,89,0.031801,0.036617
MSFT,17,90,0.011898,0.027763
MSFT,17,91,0.050984,0.028754
MSFT,17,92,0.053693,0.023930
MSFT,17,93,0.009428,0.022590
MSFT,17,94,0.046388,0.031977
MSFT,17,95,0.042912,0.038103
MSFT,17,96,0.034223,0.028293
MSFT,17,97,0.048858,0.028271
MSFT,17,98,0.039604,0.022216
MSFT,17,99,0.050968,0.019387
MSFT,17,100,0.038509,0.027758
MSFT,17,101,0.023969,0.032692
MSFT,17,102,0.041943,0.022208
MSFT,17,103,0.045675,0.021825
MSFT,17,104,-0.003418,0.015718
MSFT,17,105,0.039950,0.012969
MSFT,17,106,0.019012,0.021990
MSFT,17,107,0.025452,0.027515
MSFT,17,108,0.011782,0.018171
MSFT,17,109,0.028991,0.019110
MSFT,17,110,-0.002090,0.014359
MSFT,17,111,0.019468,0.012727
MSFT,17,112,0.021519,0.023025
MSFT,17,113,0.034088,0.029373
MSFT,17,114,0.041847,0.020879
MSFT,17,115,0.023805,0.022359
MSFT,17,116,0.028951,0.017841
MSFT,17,117,0.043693,0.015912
MSFT,17,118,0.000289,0.025788
MSFT,17,119,0.055168,0.031177
MSFT,17,120,0.045108,0.021779
MSFT,17,121,0.018079,0.022180
MSFT,17,122,0.022514,0.016517
MSFT,17,123,0.008552,0.013250
MSFT,17,124,0.064077,0.022058
MSFT,17,125,0.047665,0.026332
MSFT,17,126,0.058248,0.016309
MSFT,17,127,0.083406,0.016325
MSFT,17,128,0.004708,0.010629
MSFT,17,129,0.017388,0.007461
MSFT,17,130,0.021534,0.016815
MSFT,17,131,0.075106,0.021710
MSFT,17,132,0.037410,0.012781
MSFT,17,133,0.011557,0.013994
MSFT,17,134,0.039945,0.009608
MSFT,17,135,0.012788,0.007557
MSFT,17,136,0.021222,0.018057
MSFT,17,137,0.036656,0.023765
MSFT,17,138,0.035114,0.015655
MSFT,17,139,0.020235,0.017352
MSFT,17,140,-0.001068,0.013196
MSFT,17,141,0.021174,0.010886
MSFT,17,142,0.034242,0.020926
MSFT,17,143,0.023188,0.025758
MSFT,17,144,0.031876,0.016789
MSFT,17,145,0.025542,0.017417
MSFT,17,146,0.021972,0.012177
MSFT,17,147,0.012598,0.008624
MSFT,17,148,0.060291,0.017592
MSFT,17,149,-0.008122,0.021384
MSFT,17,150,-0.005854,0.011821
MSFT,17,151,0.043859,0.012059
MSFT,17,152,0.034750,0.006791
MSFT,17,153,0.061083,0.003354
MSFT,17,154,0.013419,0.012799
MSFT,17,155,0.032724,0.017212
MSFT,17,156,0.024104,0.008692
MSFT,17,157,0.041924,0.010048
MSFT,17,158,0.014986,0.006033
MSFT,17,159,0.020470,0.003684
MSFT,17,160,0.033967,0.014184
MSFT,17,161,0.070508,0.019392
MSFT,17,162,0.027710,0.011654
MSFT,17,163,0.021716,0.013455
MSFT,17,164,0.024775,0.009659
MSFT,17,165,-0.005936,0.007082
MSFT,17,166,0.020926,0.017109
MSFT,17,167,0.008309,0.021501
MSFT,17,168,0.039090,0.012942
MSFT,17,169,0.007428,0.013708
MSFT,17,170,0.010041,0.008877
MSFT,17,171,0.002114,0.005131
MSFT,17,172,0.040618,0.014106
MSFT,17,173,0.028747,0.017522
MSFT,17,174,0.004123,0.008394
MSFT,17,175,-0.005773,0.008777
MSFT,17,176,0.010853,0.003916
MSFT,17,177,0.017699,0.000296
MSFT,17,178,0.014061,0.009699
MSFT,17,179,0.018296,0.013723
MSFT,17,180,0.011942,0.005587
MSFT,17,181,-0.012001,0.007029
MSFT,17,182,0.029690,0.003360
MSFT,17,183,0.001643,0.000791
MSFT,17,184,0.016854,0.011179
MSFT,17,185,0.038162,0.015975
MSFT,17,186,0.005847,0.008580
MSFT,17,187,0.042945,0.010440
MSFT,17,188,0.046384,0.006977
MSFT,17,189,0.033075,0.004202
MSFT,17,190,0.037970,0.014118
MSFT,17,191,-0.003672,0.018148
MSFT,17,192,0.036760,0.009965
MSFT,17,193,0.022542,0.010833
MSFT,17,194,-0.011781,0.006378
MSFT,17,195,0.004876,0.002499
MSFT,17,196,0.024047,0.011393
MSFT,17,197,0.023661,0.014502
MSFT,17,198,0.004847,0.005772
MSFT,17,199,0.025341,0.006271
MSFT,17,200,-0.016822,0.001782
MSFT,17,201,-0.006225,-0.001967
MSFT,17,202,-0.008248,0.007320
MSFT,17,203,0.038936,0.011018
MSFT,17,204,0.011230,0.003231
MSFT,17,205,-0.008216,0.004737
MSFT,17,206,-0.016644,0.001381
MSFT,17,207,0.015610,-0.001355
MSFT,17,208,0.019431,0.008856
MSFT,17,209,0.004011,0.013299
MSFT,17,210,-0.011321,0.006215
MSFT,17,211,-0.000410,0.008118
MSFT,17,212,-0.015154,0.004953
MSFT,17,213,-0.006666,0.002029
MSFT,17,214,0.021994,0.011777
MSFT,17,215,0.021186,0.015497
MSFT,17,216,0.009417,0.007657
MSFT,17,217,-0.005263,0.008612
MSFT,17,218,0.020564,0.004495
MSFT,17,219,-0.002490,0.000525
MSFT,17,220,-0.000852,0.009286
MSFT,17,221,0.000879,0.012135
MSFT,17,222,-0.009291,0.003768
MSFT,17,223,-0.010414,0.004371
MSFT,17,224,0.012093,0.000217
MSFT,17,225,-0.020063,-0.003621
MSFT,17,226,-0.006323,0.005503
MSFT,17,227,-0.019696,0.008921
MSFT,17,228,-0.055083,0.001449
MSFT,17,229,-0.008029,0.003012
MSFT,17,230,-0.044887,-0.000066
MSFT,17,231,-0.058105,-0.002931
MSFT,17,232,-0.029946,0.007065
MSFT,17,233,-0.023081,0.011201
MSFT,17,234,-0.018644,0.004394
MSFT,17,235,-0.051120,0.006337
MSFT,17,236,-0.024675,0.003436
MSFT,17,237,-0.023585,0.000398
MSFT,17,238,-0.027542,0.009943
MSFT,17,239,-0.014822,0.013394
MSFT,17,240,-0.026574,0.005862
MSFT,17,241,-0.039831,0.006901
MSFT,17,242,0.001511,0.003087
MSFT,17,243,-0.075849,-0.000944
MSFT,17,244,-0.044862,0.007652
MSFT,17,245,-0.029626,0.010277
MSFT,17,246,-0.047131,0.002238
MSFT,17,247,-0.031180,0.002941
MSFT,17,248,-0.025956,-0.000912
MSFT,17,249,-0.024511,-0.004813
MSFT,17,250,-0.019236,0.004123
MSFT,17,251,0.039108,0.007296
MSFT,17,252,-0.035419,0.000106
NEE,2,1,0.279440,0.272572
NEE,2,2,0.228910,0.260921
NEE,2,3,0.278691,0.249828
NEE,2,4,0.222720,0.239267
NEE,2,5,0.190564,0.229213
NEE,2,6,0.232493,0.219641
NEE,2,7,0.266057,0.210527
NEE,2,8,0.198169,0.201851
NEE,2,9,0.224446,0.193591
NEE,2,10,0.194164,0.185727
NEE,2,11,0.161227,0.178240
NEE,2,12,0.188500,0.171111
NEE,2,13,0.145639,0.164324
NEE,2,14,0.186053,0.157863
NEE,2,15,0.136453,0.151710
NEE,2,16,0.165896,0.145853
NEE,2,17,0.131461,0.140276
NEE,2,18,0.151067,0.134966
NEE,2,19,0.126670,0.129910
NEE,2,20,0.144875,0.125096
NEE,2,21,0.111869,0.120512
NEE,2,22,0.077390,0.116148
NEE,2,23,0.119343,0.111992
NEE,2,24,0.125612,0.108035
NEE,2,25,0.110128,0.104268
NEE,2,26,0.108349,0.100680
NEE,2,27,0.084581,0.097264
NEE,2,28,0.105605,0.094011
NEE,2,29,0.081935,0.090913
NEE,2,30,0.084046,0.087963
NEE,2,31,0.081904,0.085154
NEE,2,32,0.058809,0.082479
NEE,2,33,0.062424,0.079931
NEE,2,34,0.078859,0.077505
NEE,2,35,0.063052,0.075194
NEE,2,36,0.057665,0.072994
NEE,2,37,0.082295,0.070898
NEE,2,38,0.090798,0.068902
NEE,2,39,0.067565,0.067001
NEE,2,40,0.054302,0.065190
NEE,2,41,0.051275,0.063465
NEE,2,42,0.048753,0.061822
NEE,2,43,0.052972,0.060257
NEE,2,44,0.035790,0.058767
NEE,2,45,0.034145,0.057346
NEE,2,46,0.076911,0.055994
NEE,2,47,0.030654,0.054705
NEE,2,48,0.029491,0.053477
NEE,2,49,0.043057,0.052307
NEE,2,50,0.030895,0.051192
NEE,2,51,0.024722,0.050130
NEE,2,52,0.030347,0.049118
NEE,2,53,0.063958,0.048154
NEE,2,54,0.037868,0.047235
NEE,2,55,0.016434,0.046359
NEE,2,56,0.030440,0.045524
NEE,2,57,0.045940,0.044728
NEE,2,58,0.020909,0.043970
NEE,2,59,0.011792,0.043247
NEE,2,60,0.034917,0.042557
NEE,2,61,0.010243,0.041900
NEE,2,62,0.037482,0.041274
NEE,2,63,0.049863,0.040676
NEE,2,64,0.014098,0.040107
NEE,2,65,0.009140,0.039563
NEE,2,66,0.025625,0.039045
NEE,2,67,0.024106,0.038551
NEE,2,68,0.023433,0.038079
NEE,2,69,0.048024,0.037630
NEE,2,70,0.016859,0.037200
NEE,2,71,0.037108,0.036791
NEE,2,72,0.036560,0.036400
NEE,2,73,0.021821,0.036027
NEE,2,74,0.043023,0.035671
NEE,2,75,0.048550,0.035331
NEE,2,76,0.039433,0.035006
NEE,2,77,0.050798,0.034696
NEE,2,78,0.055209,0.034400
NEE,2,79,0.029279,0.034117
NEE,2,80,0.048521,0.033847
NEE,2,81,0.047104,0.033589
NEE,2,82,0.018570,0.033342
NEE,2,83,0.029793,0.033106
NEE,2,84,0.031507,0.032880
NEE,2,85,0.029859,0.032665
NEE,2,86,0.021307,0.032458
NEE,2,87,0.027419,0.032261
NEE,2,88,0.052346,0.032072
NEE,2,89,0.030343,0.031891
NEE,2,90,0.033170,0.031718
NEE,2,91,0.036339,0.031552
NEE,2,92,0.039483,0.031394
NEE,2,93,0.043070,0.031242
NEE,2,94,0.031381,0.031096
NEE,2,95,0.086105,0.030956
NEE,2,96,0.052006,0.030822
NEE,2,97,0.048267,0.030694
NEE,2,98,0.021187,0.030570
NEE,2,99,0.050838,0.030452
NEE,2,100,0.028005,0.030338
NEE,2,101,0.026821,0.030229
NEE,2,102,0.028039,0.030125
NEE,2,103,0.030408,0.030024
NEE,2,104,0.027335,0.029927
NEE,2,105,0.040294,0.029834
NEE,2,106,0.020167,0.029744
NEE,2,107,0.027485,0.029658
NEE,2,108,0.015475,0.029574
NEE,2,109,0.037195,0.029494
NEE,2,110,0.008999,0.029417
NEE,2,111,0.041011,0.029343
NEE,2,112,0.020678,0.029271
NEE,2,113,0.026817,0.029201
NEE,2,114,0.026965,0.029134
NEE,2,115,0.044965,0.029070
NEE,2,116,0.044584,0.029007
NEE,2,117,0.017992,0.028947
NEE,2,118,0.028728,0.028888
NEE,2,119,0.036527,0.028831
NEE,2,120,0.033793,0.028776
NEE,2,121,0.022446,0.028723
NEE,2,122,0.038265,0.028671
NEE,2,123,0.052478,0.028621
NEE,2,124,0.029290,0.028573
NEE,2,125,0.014636,0.028525
NEE,2,126,0.040900,0.028479
NEE,2,127,0.026200,0.028435
NEE,2,128,0.021971,0.028391
NEE,2,129,0.019047,0.028349
NEE,2,130,0.039713,0.028308
NEE,2,131,0.043093,0.028267
NEE,2,132,0.041700,0.028228
NEE,2,133,0.023196,0.028190
NEE,2,134,0.026557,0.028152
NEE,2,135,0.032339,0.028116
NEE,2,136,0.000557,0.028080
NEE,2,137,0.034404,0.028045
NEE,2,138,0.037625,0.028011
NEE,2,139,0.020357,0.027977
NEE,2,140,0.013738,0.027944
NEE,2,141,0.013423,0.027912
NEE,2,142,0.027980,0.027881
NEE,2,143,0.018010,0.027850
NEE,2,144,0.025620,0.027819
NEE,2,145,0.011647,0.027789
NEE,2,146,0.009418,0.027760
NEE,2,147,0.007257,0.027731
NEE,2,148,0.025880,0.027702
NEE,2,149,0.034790,0.027674
NEE,2,150,0.024797,0.027647
NEE,2,151,0.016460,0.027619
NEE,2,152,0.028109,0.027592
NEE,2,153,0.016644,0.027566
NEE,2,154,0.026226,0.027540
NEE,2,155,0.042918,0.027514
NEE,2,156,0.045307,0.027488
NEE,2,157,0.029120,0.027463
NEE,2,158,0.021432,0.027438
NEE,2,159,0.031583,0.027413
NEE,2,160,0.045101,0.027389
NEE,2,161,0.042146,0.027365
NEE,2,162,0.032740,0.027341
NEE,2,163,0.016756,0.027317
NEE,2,164,0.020137,0.027294
NEE,2,165,0.036084,0.027270
NEE,2,166,0.020339,0.027247
NEE,2,167,0.009479,0.027224
NEE,2,168,0.046903,0.027201
NEE,2,169,0.057567,0.027179
NEE,2,170,0.033004,0.027156
NEE,2,171,0.017792,0.027134
NEE,2,172,0.046214,0.027112
NEE,2,173,0.032672,0.027090
NEE,2,174,0.011455,0.027068
NEE,2,175,0.051435,0.027047
NEE,2,176,0.025408,0.027025
NEE,2,177,0.012294,0.027004
NEE,2,178,0.032966,0.026982
NEE,2,179,0.051657,0.026961
NEE,2,180,0.013514,0.026940
NEE,2,181,0.006814,0.026919
NEE,2,182,0.017818,0.026898
NEE,2,183,0.013050,0.026877
NEE,2,184,0.020868,0.026856
NEE,2,185,0.050505,0.026836
NEE,2,186,0.007532,0.026815
NEE,2,187,0.006596,0.026795
NEE,2,188,0.020985,0.026774
NEE,2,189,0.013798,0.026754
NEE,2,190,0.019374,0.026734
NEE,2,191,0.007412,0.026713
NEE,2,192,0.009228,0.026693
NEE,2,193,0.048518,0.026673
NEE,2,194,0.024900,0.026653
NEE,2,195,0.005003,0.026633
NEE,2,196,0.012535,0.026613
NEE,2,197,0.041226,0.026593
NEE,2,198,0.031699,0.026574
NEE,2,199,0.044027,0.026554
NEE,2,200,0.047840,0.026534
NEE,2,201,0.039751,0.026515
NEE,2,202,0.035222,0.026495
NEE,2,203,0.015425,0.026475
NEE,2,204,0.000581,0.026456
NEE,2,205,0.025091,0.026436
NEE,2,206,0.018655,0.026417
NEE,2,207,0.039378,0.026397
NEE,2,208,0.005403,0.026378
NEE,2,209,0.040982,0.026359
NEE,2,210,0.038056,0.026339
NEE,2,211,0.047881,0.026320
NEE,2,212,0.026561,0.026301
NEE,2,213,0.047841,0.026282
NEE,2,214,0.034160,0.026263
NEE,2,215,0.014378,0.026243
NEE,2,216,0.030728,0.026224
NEE,2,217,0.074053,0.026205
NEE,2,218,0.021690,0.026186
NEE,2,219,0.010881,0.026167
NEE,2,220,0.029589,0.026148
NEE,2,221,0.032930,0.026129
NEE,2,222,0.019276,0.026110
NEE,2,223,0.020809,0.026091
NEE,2,224,0.022312,0.026072
NEE,2,225,0.038740,0.026053
NEE,2,226,0.001339,0.026035
NEE,2,227,0.057654,0.026016
NEE,2,228,0.041887,0.025997
NEE,2,229,0.034398,0.025978
NEE,2,230,0.001967,0.025959
NEE,2,231,0.061138,0.025941
NEE,2,232,-0.008615,0.025922
NEE,2,233,-0.011429,0.025903
NEE,2,234,0.025920,0.025884
NEE,2,235,0.043405,0.025866
NEE,2,236,0.023164,0.025847
NEE,2,237,0.056739,0.025828
NEE,2,238,0.057701,0.025810
NEE,2,239,0.045722,0.025791
NEE,2,240,0.023667,0.025773
NEE,2,241,0.032861,0.025754
NEE,2,242,0.028135,0.025735
NEE,2,243,0.032279,0.025717
NEE,2,244,0.007274,0.025698
NEE,2,245,0.039917,0.025680
NEE,2,246,0.050563,0.025661
NEE,2,247,0.078100,0.025643
NEE,2,248,0.046475,0.025624
NEE,2,249,0.047725,0.025606
NEE,2,250,0.042733,0.025588
NEE,2,251,0.055721,0.025569
NEE,2,252,0.016014,0.025551
NEE,17,1,0.279440,0.279287
NEE,17,2,0.228910,0.231906
NEE,17,3,0.278691,0.276704
NEE,17,4,0.222720,0.228410
NEE,17,5,0.190564,0.182931
NEE,17,6,0.232493,0.238331
NEE,17,7,0.266057,0.256632
NEE,17,8,0.198169,0.202177
NEE,17,9,0.224446,0.225806
NEE,17,10,0.194164,0.191594
NEE,17,11,0.161227,0.165082
NEE,17,12,0.188500,0.194191
NEE,17,13,0.145639,0.147894
NEE,17,14,0.186053,0.183210
NEE,17,15,0.136453,0.152693
NEE,17,16,0.165896,0.162304
NEE,17,17,0.131461,0.140897
NEE,17,18,0.151067,0.129935
NEE,17,19,0.126670,0.128892
NEE,17,20,0.144875,0.114858
NEE,17,21,0.111869,0.116404
NEE,17,22,0.077390,0.115379
NEE,17,23,0.119343,0.104500
NEE,17,24,0.125612,0.114048
NEE,17,25,0.110128,0.091893
NEE,17,26,0.108349,0.103515
NEE,17,27,0.084581,0.084958
NEE,17,28,0.105605,0.091398
NEE,17,29,0.081935,0.082387
NEE,17,30,0.084046,0.081500
NEE,17,31,0.081904,0.078340
NEE,17,32,0.058809,0.074010
NEE,17,33,0.062424,0.069428
NEE,17,34,0.078859,0.068277
NEE,17,35,0.063052,0.060057
NEE,17,36,0.057665,0.064160
NEE,17,37,0.082295,0.054263
NEE,17,38,0.090798,0.060250
NEE,17,39,0.067565,0.052201
NEE,17,40,0.054302,0.056086
NEE,17,41,0.051275,0.051726
NEE,17,42,0.048753,0.052981
NEE,17,43,0.052972,0.051547
NEE,17,44,0.035790,0.052195
NEE,17,45,0.034145,0.051113
NEE,17,46,0.076911,0.052852
NEE,17,47,0.030654,0.050309
NEE,17,48,0.029491,0.053032
NEE,17,49,0.043057,0.049258
NEE,17,50,0.030895,0.051664
NEE,17,51,0.024722,0.048069
NEE,17,52,0.030347,0.048982
NEE,17,53,0.063958,0.046405
NEE,17,54,0.037868,0.045699
NEE,17,55,0.016434,0.043887
NEE,17,56,0.030440,0.042424
NEE,17,57,0.045940,0.040730
NEE,17,58,0.020909,0.039534
NEE,17,59,0.011792,0.037766
NEE,17,60,0.034917,0.037234
NEE,17,61,0.010243,0.035787
NEE,17,62,0.037482,0.035634
NEE,17,63,0.049863,0.035068
NEE,17,64,0.014098,0.034859
NEE,17,65,0.009140,0.035397
NEE,17,66,0.025625,0.034971
NEE,17,67,0.024106,0.036346
NEE,17,68,0.023433,0.035784
NEE,17,69,0.048024,0.037465
NEE,17,70,0.016859,0.036805
NEE,17,71,0.037108,0.038377
NEE,17,72,0.036560,0.037453
NEE,17,73,0.021821,0.038798
NEE,17,74,0.043023,0.037333
NEE,17,75,0.048550,0.038547
NEE,17,76,0.039433,0.036364
NEE,17,77,0.050798,0.037572
NEE,17,78,0.055209,0.034736
NEE,17,79,0.029279,0.036016
NEE,17,80,0.048521,0.032788
NEE,17,81,0.047104,0.034215
NEE,17,82,0.018570,0.030903
NEE,17,83,0.029793,0.032610
NEE,17,84,0.031507,0.029421
NEE,17,85,0.029859,0.031583
NEE,17,86,0.021307,0.028585
NEE,17,87,0.027419,0.031329
NEE,17,88,0.052346,0.028490
NEE,17,89,0.030343,0.031818
NEE,17,90,0.033170,0.029056
NEE,17,91,0.036339,0.032827
NEE,17,92,0.039483,0.030031
NEE,17,93,0.043070,0.034027
NEE,17,94,0.031381,0.031054
NEE,17,95,0.086105,0.035068
NEE,17,96,0.052006,0.031764
NEE,17,97,0.048267,0.035659
NEE,17,98,0.021187,0.031904
NEE,17,99,0.050838,0.035636
NEE,17,100,0.028005,0.031395
NEE,17,101,0.026821,0.034994
NEE,17,102,0.028039,0.030336
NEE,17,103,0.030408,0.033898
NEE,17,104,0.027335,0.028973
NEE,17,105,0.040294,0.032630
NEE,17,106,0.020167,0.027615
NEE,17,107,0.027485,0.031514
NEE,17,108,0.015475,0.026562
NEE,17,109,0.037195,0.030825
NEE,17,110,0.008999,0.026027
NEE,17,111,0.041011,0.030713
NEE,17,112,0.020678,0.026081
NEE,17,113,0.026817,0.031168
NEE,17,114,0.026965,0.026645
NEE,17,115,0.044965,0.032034
NEE,17,116,0.044584,0.027509
NEE,17,117,0.017992,0.033055
NEE,17,118,0.028728,0.028392
NEE,17,119,0.036527,0.033946
NEE,17,120,0.033793,0.029020
NEE,17,121,0.022446,0.034470
NEE,17,122,0.038265,0.029199
NEE,17,123,0.052478,0.034493
NEE,17,124,0.029290,0.028864
NEE,17,125,0.014636,0.034021
NEE,17,126,0.040900,0.028089
NEE,17,127,0.026200,0.033187
NEE,17,128,0.021971,0.027063
NEE,17,129,0.019047,0.032217
NEE,17,130,0.039713,0.026033
NEE,17,131,0.043093,0.031365
NEE,17,132,0.041700,0.025239
NEE,17,133,0.023196,0.030844
NEE,17,134,0.026557,0.024853
NEE,17,135,0.032339,0.030773
NEE,17,136,0.000557,0.024931
NEE,17,137,0.034404,0.031146
NEE,17,138,0.037625,0.025408
NEE,17,139,0.020357,0.031841
NEE,17,140,0.013738,0.026117
NEE,17,141,0.013423,0.032658
NEE,17,142,0.027980,0.026838
NEE,17,143,0.018010,0.033371
NEE,17,144,0.025620,0.027354
NEE,17,145,0.011647,0.033791
NEE,17,146,0.009418,0.027515
NEE,17,147,0.007257,0.033813
NEE,17,148,0.025880,0.027268
NEE,17,149,0.034790,0.033442
NEE,17,150,0.024797,0.026671
NEE,17,151,0.016460,0.032784
NEE,17,152,0.028109,0.025874
NEE,17,153,0.016644,0.032017
NEE,17,154,0.026226,0.025072
NEE,17,155,0.042918,0.031344
NEE,17,156,0.045307,0.024456
NEE,17,157,0.029120,0.030930
NEE,17,158,0.021432,0.024160
NEE,17,159,0.031583,0.030870
NEE,17,160,0.045101,0.024230
NEE,17,161,0.042146,0.031160
NEE,17,162,0.032740,0.024614
NEE,17,163,0.016756,0.031704
NEE,17,164,0.020137,0.025180
NEE,17,165,0.036084,0.032343
NEE,17,166,0.020339,0.025754
NEE,17,167,0.009479,0.032900
NEE,17,168,0.046903,0.026166
NEE,17,169,0.057567,0.033225
NEE,17,170,0.033004,0.026296
NEE,17,171,0.017792,0.033235
NEE,17,172,0.046214,0.026104
NEE,17,173,0.032672,0.032933
NEE,17,174,0.011455,0.025635
NEE,17,175,0.051435,0.032405
NEE,17,176,0.025408,0.025007
NEE,17,177,0.012294,0.031792
NEE,17,178,0.032966,0.024374
NEE,17,179,0.051657,0.031251
NEE,17,180,0.013514,0.023888
NEE,17,181,0.006814,0.030915
NEE,17,182,0.017818,0.023654
NEE,17,183,0.013050,0.030859
NEE,17,184,0.020868,0.023709
NEE,17,185,0.050505,0.031078
NEE,17,186,0.007532,0.024012
NEE,17,187,0.006596,0.031498
NEE,17,188,0.020985,0.024458
NEE,17,189,0.013798,0.031993
NEE,17,190,0.019374,0.024909
NEE,17,191,0.007412,0.032423
NEE,17,192,0.009228,0.025233
NEE,17,193,0.048518,0.032669
NEE,17,194,0.024900,0.025334
NEE,17,195,0.005003,0.032667
NEE,17,196,0.012535,0.025180
NEE,17,197,0.041226,0.032419
NEE,17,198,0.031699,0.024807
NEE,17,199,0.044027,0.031992
NEE,17,200,0.047840,0.024308
NEE,17,201,0.039751,0.031497
NEE,17,202,0.035222,0.023806
NEE,17,203,0.015425,0.031060
NEE,17,204,0.000581,0.023419
NEE,17,205,0.025091,0.030784
NEE,17,206,0.018655,0.023231
NEE,17,207,0.039378,0.030729
NEE,17,208,0.005403,0.023271
NEE,17,209,0.040982,0.030892
NEE,17,210,0.038056,0.023506
NEE,17,211,0.047881,0.031214
NEE,17,212,0.026561,0.023854
NEE,17,213,0.047841,0.031594
NEE,17,214,0.034160,0.024207
NEE,17,215,0.014378,0.031923
NEE,17,216,0.030728,0.024459
NEE,17,217,0.074053,0.032108
NEE,17,218,0.021690,0.024534
NEE,17,219,0.010881,0.032096
NEE,17,220,0.029589,0.024408
NEE,17,221,0.032930,0.031890
NEE,17,222,0.019276,0.024110
NEE,17,223,0.020809,0.031542
NEE,17,224,0.022312,0.023712
NEE,17,225,0.038740,0.031141
NEE,17,226,0.001339,0.023310
NEE,17,227,0.057654,0.030785
NEE,17,228,0.041887,0.023000
NEE,17,229,0.034398,0.030558
NEE,17,230,0.001967,0.022847
NEE,17,231,0.061138,0.030504
NEE,17,232,-0.008615,0.022874
NEE,17,233,-0.011429,0.030622
NEE,17,234,0.025920,0.023055
NEE,17,235,0.043405,0.030866
NEE,17,236,0.023164,0.023325
NEE,17,237,0.056739,0.031157
NEE,17,238,0.057701,0.023599
NEE,17,239,0.045722,0.031407
NEE,17,240,0.023667,0.023793
NEE,17,241,0.032861,0.031542
NEE,17,242,0.028135,0.023847
NEE,17,243,0.032279,0.031523
NEE,17,244,0.007274,0.023743
NEE,17,245,0.039917,0.031350
NEE,17,246,0.050563,0.023502
NEE,17,247,0.078100,0.031066
NEE,17,248,0.046475,0.023182
NEE,17,249,0.047725,0.030739
NEE,17,250,0.042733,0.022860
NEE,17,251,0.055721,0.030448
NEE,17,252,0.016014,0.022610
NEM,2,1,0.129318,0.128836
NEM,2,2,0.125170,0.123307
NEM,2,3,0.103077,0.118223
NEM,2,4,0.084068,0.113545
NEM,2,5,0.100094,0.109237
NEM,2,6,0.099393,0.105265
NEM,2,7,0.112614,0.101599
NEM,2,8,0.126346,0.098212
NEM,2,9,0.098560,0.095079
NEM,2,10,0.092145,0.092176
NEM,2,11,0.082081,0.089484
NEM,2,12,0.097633,0.086984
NEM,2,13,0.075758,0.084659
NEM,2,14,0.090712,0.082493
NEM,2,15,0.078430,0.080472
NEM,2,16,0.065271,0.078584
NEM,2,17,0.105492,0.076817
NEM,2,18,0.067627,0.075161
NEM,2,19,0.110334,0.073605
NEM,2,20,0.095712,0.072141
NEM,2,21,0.070976,0.070761
NEM,2,22,0.060074,0.069458
NEM,2,23,0.054578,0.068225
NEM,2,24,0.098880,0.067057
NEM,2,25,0.053305,0.065948
NEM,2,26,0.063278,0.064893
NEM,2,27,0.089233,0.063887
NEM,2,28,0.105915,0.062927
NEM,2,29,0.105697,0.062008
NEM,2,30,0.042213,0.061128
NEM,2,31,0.074884,0.060283
NEM,2,32,0.070291,0.059471
NEM,2,33,0.044937,0.058689
NEM,2,34,0.078799,0.057934
NEM,2,35,0.062962,0.057205
NEM,2,36,0.051314,0.056499
NEM,2,37,0.098361,0.055815
NEM,2,38,0.023838,0.055152
NEM,2,39,0.045933,0.054507
NEM,2,40,0.027179,0.053880
NEM,2,41,0.068579,0.053269
NEM,2,42,0.038620,0.052673
NEM,2,43,0.054831,0.052091
NEM,2,44,0.057836,0.051523
NEM,2,45,0.085009,0.050967
NEM,2,46,0.046754,0.050423
NEM,2,47,0.027506,0.049890
NEM,2,48,0.055667,0.049367
NEM,2,49,0.058748,0.048853
NEM,2,50,0.066570,0.048349
NEM,2,51,0.071281,0.047854
NEM,2,52,0.058946,0.047367
NEM,2,53,0.057398,0.046888
NEM,2,54,0.060100,0.046416
NEM,2,55,0.034594,0.045952
NEM,2,56,0.030553,0.045494
NEM,2,57,0.021443,0.045043
NEM,2,58,0.031273,0.044598
NEM,2,59,0.049013,0.044160
NEM,2,60,0.053282,0.043727
NEM,2,61,0.063384,0.043299
NEM,2,62,0.001523,0.042878
NEM,2,63,0.053514,0.042461
NEM,2,64,0.046250,0.042049
NEM,2,65,0.059471,0.041643
NEM,2,66,0.068096,0.041241
NEM,2,67,-0.004059,0.040844
NEM,2,68,0.053772,0.040451
NEM,2,69,0.023601,0.040062
NEM,2,70,0.038751,0.039678
NEM,2,71,0.017034,0.039299
NEM,2,72,0.015236,0.038923
NEM,2,73,0.022278,0.038551
NEM,2,74,0.041020,0.038184
NEM,2,75,0.003568,0.037820
NEM,2,76,0.005409,0.037460
NEM,2,77,0.049796,0.037103
NEM,2,78,0.019945,0.036751
NEM,2,79,0.010169,0.036402
NEM,2,80,0.003766,0.036056
NEM,2,81,0.007102,0.035714
NEM,2,82,0.020535,0.035375
NEM,2,83,0.005682,0.035040
NEM,2,84,0.030691,0.034708
NEM,2,85,0.019136,0.034380
NEM,2,86,0.019204,0.034054
NEM,2,87,0.030445,0.033732
NEM,2,88,0.018200,0.033413
NEM,2,89,0.017928,0.033097
NEM,2,90,0.023380,0.032784
NEM,2,91,0.040870,0.032474
NEM,2,92,0.026943,0.032168
NEM,2,93,0.049349,0.031864
NEM,2,94,0.019457,0.031563
NEM,2,95,-0.001406,0.031265
NEM,2,96,0.015999,0.030969
NEM,2,97,0.022235,0.030677
NEM,2,98,0.064986,0.030388
NEM,2,99,-0.016268,0.030101
NEM,2,100,0.011032,0.029817
NEM,2,101,-0.002844,0.029535
NEM,2,102,0.009299,0.029257
NEM,2,103,0.056039,0.028981
NEM,2,104,0.014532,0.028707
NEM,2,105,0.025908,0.028437
NEM,2,106,0.034407,0.028168
NEM,2,107,0.010826,0.027903
NEM,2,108,-0.007963,0.027640
NEM,2,109,-0.009538,0.027379
NEM,2,110,-0.000310,0.027121
NEM,2,111,0.025448,0.026865
NEM,2,112,0.028762,0.026612
NEM,2,113,0.016889,0.026361
NEM,2,114,0.001847,0.026112
NEM,2,115,0.078252,0.025866
NEM,2,116,0.001872,0.025622
NEM,2,117,0.023228,0.025381
NEM,2,118,0.042197,0.025141
NEM,2,119,-0.002054,0.024904
NEM,2,120,0.048641,0.024670
NEM,2,121,0.009756,0.024437
NEM,2,122,0.001986,0.024207
NEM,2,123,-0.016579,0.023979
NEM,2,124,0.025936,0.023753
NEM,2,125,0.021996,0.023529
NEM,2,126,0.016450,0.023307
NEM,2,127,0.023733,0.023087
NEM,2,128,0.004174,0.022870
NEM,2,129,0.016098,0.022654
NEM,2,130,0.023835,0.022440
NEM,2,131,0.001677,0.022229
NEM,2,132,0.002803,0.022019
NEM,2,133,0.013766,0.021812
NEM,2,134,0.047885,0.021606
NEM,2,135,0.026868,0.021403
NEM,2,136,0.034963,0.021201
NEM,2,137,0.013059,0.021001
NEM,2,138,0.021716,0.020803
NEM,2,139,0.010907,0.020607
NEM,2,140,0.030110,0.020413
NEM,2,141,0.003593,0.020221
NEM,2,142,0.039646,0.020030
NEM,2,143,0.021149,0.019841
NEM,2,144,0.036760,0.019654
NEM,2,145,0.015500,0.019469
NEM,2,146,0.001991,0.019285
NEM,2,147,0.010205,0.019104
NEM,2,148,0.039776,0.018924
NEM,2,149,0.001899,0.018745
NEM,2,150,0.009849,0.018569
NEM,2,151,0.043776,0.018394
NEM,2,152,0.020553,0.018220
NEM,2,153,0.026857,0.018049
NEM,2,154,-0.001351,0.017878
NEM,2,155,0.019824,0.017710
NEM,2,156,0.024137,0.017543
NEM,2,157,0.032518,0.017378
NEM,2,158,0.030634,0.017214
NEM,2,159,0.033522,0.017052
NEM,2,160,0.013547,0.016891
NEM,2,161,0.038198,0.016732
NEM,2,162,0.038155,0.016574
NEM,2,163,0.058312,0.016418
NEM,2,164,0.010641,0.016263
NEM,2,165,0.029873,0.016110
NEM,2,166,0.043843,0.015958
NEM,2,167,0.041129,0.015808
NEM,2,168,0.063392,0.015659
NEM,2,169,0.035499,0.015511
NEM,2,170,0.034372,0.015365
NEM,2,171,0.044122,0.015220
NEM,2,172,0.024335,0.015077
NEM,2,173,-0.018205,0.014935
NEM,2,174,0.023952,0.014794
NEM,2,175,0.061801,0.014654
NEM,2,176,0.040304,0.014516
NEM,2,177,0.001843,0.014379
NEM,2,178,0.001756,0.014244
NEM,2,179,0.028947,0.014110
NEM,2,180,0.025520,0.013977
NEM,2,181,0.027653,0.013845
NEM,2,182,0.018534,0.013715
NEM,2,183,0.045119,0.013585
NEM,2,184,0.056311,0.013457
NEM,2,185,0.057269,0.013330
NEM,2,186,0.024005,0.013205
NEM,2,187,0.008165,0.013080
NEM,2,188,0.020189,0.012957
NEM,2,189,0.017532,0.012835
NEM,2,190,0.015299,0.012714
NEM,2,191,-0.003436,0.012594
NEM,2,192,0.046202,0.012475
NEM,2,193,0.004182,0.012358
NEM,2,194,0.010822,0.012241
NEM,2,195,0.026475,0.012126
NEM,2,196,0.053575,0.012012
NEM,2,197,0.019174,0.011899
NEM,2,198,0.007162,0.011786
NEM,2,199,0.041565,0.011675
NEM,2,200,0.013172,0.011565
NEM,2,201,0.019893,0.011456
NEM,2,202,0.025359,0.011348
NEM,2,203,0.040008,0.011241
NEM,2,204,0.045777,0.011135
NEM,2,205,0.018584,0.011030
NEM,2,206,-0.003132,0.010927
NEM,2,207,-0.007945,0.010824
NEM,2,208,-0.011981,0.010722
NEM,2,209,0.009239,0.010620
NEM,2,210,-0.008790,0.010520
NEM,2,211,0.020721,0.010421
NEM,2,212,0.004763,0.010323
NEM,2,213,0.029936,0.010226
NEM,2,214,0.016104,0.010129
NEM,2,215,0.004924,0.010034
NEM,2,216,-0.009146,0.009939
NEM,2,217,-0.013074,0.009846
NEM,2,218,0.016724,0.009753
NEM,2,219,0.023789,0.009661
NEM,2,220,0.011616,0.009570
NEM,2,221,0.020834,0.009480
NEM,2,222,0.001062,0.009390
NEM,2,223,0.010729,0.009302
NEM,2,224,0.019468,0.009214
NEM,2,225,-0.017662,0.009127
NEM,2,226,0.012367,0.009041
NEM,2,227,0.015095,0.008956
NEM,2,228,0.001902,0.008872
NEM,2,229,0.015096,0.008788
NEM,2,230,0.024584,0.008705
NEM,2,231,0.033013,0.008623
NEM,2,232,-0.003688,0.008542
NEM,2,233,0.014606,0.008461
NEM,2,234,-0.002327,0.008382
NEM,2,235,-0.001004,0.008303
NEM,2,236,0.018132,0.008224
NEM,2,237,-0.000283,0.008147
NEM,2,238,0.002687,0.008070
NEM,2,239,-0.004982,0.007994
NEM,2,240,0.013681,0.007919
NEM,2,241,0.025117,0.007844
NEM,2,242,0.000673,0.007770
NEM,2,243,0.000482,0.007697
NEM,2,244,-0.010195,0.007624
NEM,2,245,0.008784,0.007553
NEM,2,246,-0.006813,0.007481
NEM,2,247,-0.022970,0.007411
NEM,2,248,0.039714,0.007341
NEM,2,249,0.030346,0.007272
NEM,2,250,0.024140,0.007203
NEM,2,251,0.028943,0.007135
NEM,2,252,-0.011696,0.007068
NEM,17,1,0.129318,0.129251
NEM,17,2,0.125170,0.123701
NEM,17,3,0.103077,0.095265
NEM,17,4,0.084068,0.085509
NEM,17,5,0.100094,0.104318
NEM,17,6,0.099393,0.088276
NEM,17,7,0.112614,0.113757
NEM,17,8,0.126346,0.118504
NEM,17,9,0.098560,0.104512
NEM,17,10,0.092145,0.096276
NEM,17,11,0.082081,0.079081
NEM,17,12,0.097633,0.103588
NEM,17,13,0.075758,0.086051
NEM,17,14,0.090712,0.079972
NEM,17,15,0.078430,0.085112
NEM,17,16,0.065271,0.085981
NEM,17,17,0.105492,0.102629
NEM,17,18,0.067627,0.083978
NEM,17,19,0.110334,0.102344
NEM,17,20,0.095712,0.102491
NEM,17,21,0.070976,0.086811
NEM,17,22,0.060074,0.075137
NEM,17,23,0.054578,0.053474
NEM,17,24,0.098880,0.074152
NEM,17,25,0.053305,0.066393
NEM,17,26,0.063278,0.074955
NEM,17,27,0.089233,0.089112
NEM,17,28,0.105915,0.088463
NEM,17,29,0.105697,0.092172
NEM,17,30,0.042213,0.057837
NEM,17,31,0.074884,0.058614
NEM,17,32,0.070291,0.053658
NEM,17,33,0.044937,0.049777
NEM,17,34,0.078799,0.058112
NEM,17,35,0.062962,0.052859
NEM,17,36,0.051314,0.074007
NEM,17,37,0.098361,0.057584
NEM,17,38,0.023838,0.049755
NEM,17,39,0.045933,0.048743
NEM,17,40,0.027179,0.045107
NEM,17,41,0.068579,0.060103
NEM,17,42,0.038620,0.048237
NEM,17,43,0.054831,0.064376
NEM,17,44,0.057836,0.064063
NEM,17,45,0.085009,0.053936
NEM,17,46,0.046754,0.048747
NEM,17,47,0.027506,0.031777
NEM,17,48,0.055667,0.047235
NEM,17,49,0.058748,0.039823
NEM,17,50,0.066570,0.046177
NEM,17,51,0.071281,0.055060
NEM,17,52,0.058946,0.052342
NEM,17,53,0.057398,0.058171
NEM,17,54,0.060100,0.034969
NEM,17,55,0.034594,0.038454
NEM,17,56,0.030553,0.034237
NEM,17,57,0.021443,0.030863
NEM,17,58,0.031273,0.037268
NEM,17,59,0.049013,0.030371
NEM,17,60,0.053282,0.046118
NEM,17,61,0.063384,0.034600
NEM,17,62,0.001523,0.032312
NEM,17,63,0.053514,0.033274
NEM,17,64,0.046250,0.029426
NEM,17,65,0.059471,0.041130
NEM,17,66,0.068096,0.030422
NEM,17,67,-0.004059,0.041912
NEM,17,68,0.053772,0.040656
NEM,17,69,0.023601,0.034856
NEM,17,70,0.038751,0.034868
NEM,17,71,0.017034,0.022768
NEM,17,72,0.015236,0.035137
NEM,17,73,0.022278,0.028056
NEM,17,74,0.041020,0.032146
NEM,17,75,0.003568,0.037230
NEM,17,76,0.005409,0.033466
NEM,17,77,0.049796,0.040039
NEM,17,78,0.019945,0.024117
NEM,17,79,0.010169,0.028900
NEM,17,80,0.003766,0.025445
NEM,17,81,0.007102,0.022570
NEM,17,82,0.020535,0.027583
NEM,17,83,0.005682,0.020352
NEM,17,84,0.030691,0.032328
NEM,17,85,0.019136,0.023852
NEM,17,86,0.019204,0.024214
NEM,17,87,0.030445,0.025899
NEM,17,88,0.018200,0.022163
NEM,17,89,0.017928,0.031548
NEM,17,90,0.023380,0.022326
NEM,17,91,0.040870,0.030913
NEM,17,92,0.026943,0.029294
NEM,17,93,0.049349,0.025820
NEM,17,94,0.019457,0.028075
NEM,17,95,-0.001406,0.018939
NEM,17,96,0.015999,0.028871
NEM,17,97,0.022235,0.022541
NEM,17,98,0.064986,0.025448
NEM,17,99,-0.016268,0.028500
NEM,17,100,0.011032,0.024503
NEM,17,101,-0.002844,0.030810
NEM,17,102,0.009299,0.019261
NEM,17,103,0.056039,0.024123
NEM,17,104,0.014532,0.021210
NEM,17,105,0.025908,0.018875
NEM,17,106,0.034407,0.023051
NEM,17,107,0.010826,0.016311
NEM,17,108,-0.007963,0.025639
NEM,17,109,-0.009538,0.019079
NEM,17,110,-0.000310,0.020466
NEM,17,111,0.025448,0.022185
NEM,17,112,0.028762,0.018692
NEM,17,113,0.016889,0.026369
NEM,17,114,0.001847,0.018652
NEM,17,115,0.078252,0.025357
NEM,17,116,0.001872,0.023690
NEM,17,117,0.023228,0.021474
NEM,17,118,0.042197,0.024481
NEM,17,119,-0.002054,0.017264
NEM,17,120,0.048641,0.025269
NEM,17,121,0.009756,0.019797
NEM,17,122,0.001986,0.022039
NEM,17,123,-0.016579,0.023985
NEM,17,124,0.025936,0.020160
NEM,17,125,0.021996,0.025813
NEM,17,126,0.016450,0.017048
NEM,17,127,0.023733,0.021496
NEM,17,128,0.004174,0.019013
NEM,17,129,0.016098,0.017151
NEM,17,130,0.023835,0.020722
NEM,17,131,0.001677,0.014763
NEM,17,132,0.002803,0.022163
NEM,17,133,0.013766,0.016914
NEM,17,134,0.047885,0.018587
NEM,17,135,0.026868,0.020105
NEM,17,136,0.034963,0.016935
NEM,17,137,0.013059,0.023279
NEM,17,138,0.021716,0.016895
NEM,17,139,0.010907,0.022277
NEM,17,140,0.030110,0.020708
NEM,17,141,0.003593,0.019203
NEM,17,142,0.039646,0.022281
NEM,17,143,0.021149,0.016425
NEM,17,144,0.036760,0.022913
NEM,17,145,0.015500,0.018259
NEM,17,146,0.001991,0.020072
NEM,17,147,0.010205,0.021387
NEM,17,148,0.039776,0.017916
NEM,17,149,0.001899,0.022817
NEM,17,150,0.009849,0.015949
NEM,17,151,0.043776,0.019836
NEM,17,152,0.020553,0.017718
NEM,17,153,0.026857,0.016236
NEM,17,154,-0.001351,0.019307
NEM,17,155,0.019824,0.014173
NEM,17,156,0.024137,0.020125
NEM,17,157,0.032518,0.015842
NEM,17,158,0.030634,0.017483
NEM,17,159,0.033522,0.018752
NEM,17,160,0.013547,0.015940
NEM,17,161,0.038198,0.021208
NEM,17,162,0.038155,0.015942
NEM,17,163,0.058312,0.020332
NEM,17,164,0.010641,0.018922
NEM,17,165,0.029873,0.017842
NEM,17,166,0.043843,0.020701
NEM,17,167,0.041129,0.015879
NEM,17,168,0.063392,0.021167
NEM,17,169,0.035499,0.017242
NEM,17,170,0.034372,0.018742
NEM,17,171,0.044122,0.019678
NEM,17,172,0.024335,0.016619
NEM,17,173,-0.018205,0.020798
NEM,17,174,0.023952,0.015298
NEM,17,175,0.061801,0.018620
NEM,17,176,0.040304,0.016819
NEM,17,177,0.001843,0.015634
NEM,17,178,0.001756,0.018267
NEM,17,179,0.028947,0.013904
NEM,17,180,0.025520,0.018740
NEM,17,181,0.027653,0.015205
NEM,17,182,0.018534,0.016691
NEM,17,183,0.045119,0.017728
NEM,17,184,0.056311,0.015276
NEM,17,185,0.057269,0.019659
NEM,17,186,0.024005,0.015312
NEM,17,187,0.008165,0.018925
NEM,17,188,0.020189,0.017689
NEM,17,189,0.017532,0.016878
NEM,17,190,0.015299,0.019414
NEM,17,191,-0.003436,0.015413
NEM,17,192,0.046202,0.019745
NEM,17,193,0.004182,0.016449
NEM,17,194,0.010822,0.017702
NEM,17,195,0.026475,0.018395
NEM,17,196,0.053575,0.015750
NEM,17,197,0.019174,0.019278
NEM,17,198,0.007162,0.014812
NEM,17,199,0.041565,0.017618
NEM,17,200,0.013172,0.016094
NEM,17,201,0.019893,0.015139
NEM,17,202,0.025359,0.017383
NEM,17,203,0.040008,0.013703
NEM,17,204,0.045777,0.017661
NEM,17,205,0.018584,0.014726
NEM,17,206,-0.003132,0.016020
NEM,17,207,-0.007945,0.016861
NEM,17,208,-0.011981,0.014748
NEM,17,209,0.009239,0.018397
NEM,17,210,-0.008790,0.014801
NEM,17,211,0.020721,0.017789
NEM,17,212,0.004763,0.016723
NEM,17,213,0.029936,0.016092
NEM,17,214,0.016104,0.018285
NEM,17,215,0.004924,0.014952
NEM,17,216,-0.009146,0.018515
NEM,17,217,-0.013074,0.015755
NEM,17,218,0.016724,0.016803
NEM,17,219,0.023789,0.017333
NEM,17,220,0.011616,0.015072
NEM,17,221,0.020834,0.018036
NEM,17,222,0.001062,0.014374
NEM,17,223,0.010729,0.016731
NEM,17,224,0.019468,0.015445
NEM,17,225,-0.017662,0.014669
NEM,17,226,0.012367,0.016572
NEM,17,227,0.015095,0.013480
NEM,17,228,0.001902,0.016736
NEM,17,229,0.015096,0.014291
NEM,17,230,0.024584,0.015394
NEM,17,231,0.033013,0.016076
NEM,17,232,-0.003688,0.014270
NEM,17,233,0.014606,0.017308
NEM,17,234,-0.002327,0.014327
NEM,17,235,-0.001004,0.016804
NEM,17,236,0.018132,0.015892
NEM,17,237,-0.000283,0.015389
NEM,17,238,0.002687,0.017259
NEM,17,239,-0.004982,0.014476
NEM,17,240,0.013681,0.017417
NEM,17,241,0.025117,0.015107
NEM,17,242,0.000673,0.015984
NEM,17,243,0.000482,0.016399
NEM,17,244,-0.010195,0.014480
NEM,17,245,0.008784,0.016962
NEM,17,246,-0.006813,0.013942
NEM,17,247,-0.022970,0.015914
NEM,17,248,0.039714,0.014831
NEM,17,249,0.030346,0.014197
NEM,17,250,0.024140,0.015803
NEM,17,251,0.028943,0.013212
NEM,17,252,-0.011696,0.015898
NFLX,2,1,0.224235,0.223937
NFLX,2,2,0.100790,0.103210
NFLX,2,3,0.078785,0.079411
NFLX,2,4,0.100203,0.073955
NFLX,2,5,0.074376,0.071982
NFLX,2,6,0.078194,0.070683
NFLX,2,7,0.071186,0.069527
NFLX,2,8,0.050301,0.068411
NFLX,2,9,0.076652,0.067318
NFLX,2,10,0.062141,0.066243
NFLX,2,11,0.095227,0.065185
NFLX,2,12,0.053440,0.064144
NFLX,2,13,0.060527,0.063120
NFLX,2,14,0.063668,0.062112
NFLX,2,15,0.075722,0.061121
NFLX,2,16,0.050235,0.060145
NFLX,2,17,0.047413,0.059184
NFLX,2,18,0.048601,0.058239
NFLX,2,19,0.031622,0.057310
NFLX,2,20,0.054122,0.056395
NFLX,2,21,0.036825,0.055494
NFLX,2,22,0.060466,0.054608
NFLX,2,23,0.045449,0.053736
NFLX,2,24,0.055514,0.052878
NFLX,2,25,0.063773,0.052034
NFLX,2,26,0.038853,0.051203
NFLX,2,27,0.034250,0.050386
NFLX,2,28,0.020912,0.049581
NFLX,2,29,0.010791,0.048789
NFLX,2,30,0.032028,0.048010
NFLX,2,31,0.044244,0.047244
NFLX,2,32,0.023933,0.046490
NFLX,2,33,0.026597,0.045747
NFLX,2,34,0.009107,0.045017
NFLX,2,35,0.047103,0.044298
NFLX,2,36,0.059534,0.043591
NFLX,2,37,0.054798,0.042895
NFLX,2,38,0.048067,0.042210
NFLX,2,39,0.058270,0.041536
NFLX,2,40,0.042396,0.040873
NFLX,2,41,0.027479,0.040220
NFLX,2,42,0.047136,0.039578
NFLX,2,43,0.038286,0.038946
NFLX,2,44,0.015710,0.038324
NFLX,2,45,0.023446,0.037712
NFLX,2,46,0.030246,0.037110
NFLX,2,47,0.009434,0.036518
NFLX,2,48,0.027290,0.035935
NFLX,2,49,0.018467,0.035361
NFLX,2,50,0.034041,0.034796
NFLX,2,51,0.031016,0.034241
NFLX,2,52,0.023388,0.033694
NFLX,2,53,0.032160,0.033156
NFLX,2,54,0.052592,0.032627
NFLX,2,55,0.059869,0.032106
NFLX,2,56,0.029974,0.031593
NFLX,2,57,0.019733,0.031089
NFLX,2,58,0.028039,0.030592
NFLX,2,59,0.080016,0.030104
NFLX,2,60,0.115492,0.029623
NFLX,2,61,0.123024,0.029150
NFLX,2,62,0.088217,0.028685
NFLX,2,63,0.086487,0.028227
NFLX,2,64,0.090925,0.027776
NFLX,2,65,0.056201,0.027333
NFLX,2,66,0.061223,0.026896
NFLX,2,67,0.028789,0.026467
NFLX,2,68,-0.002967,0.026044
NFLX,2,69,-0.019269,0.025628
NFLX,2,70,-0.000910,0.025219
NFLX,2,71,0.012212,0.024816
NFLX,2,72,0.002123,0.024420
NFLX,2,73,0.004607,0.024030
NFLX,2,74,0.026721,0.023647
NFLX,2,75,0.040760,0.023269
NFLX,2,76,0.009485,0.022898
NFLX,2,77,0.017549,0.022532
NFLX,2,78,0.011100,0.022172
NFLX,2,79,0.017840,0.021818
NFLX,2,80,0.007849,0.021470
NFLX,2,81,0.019080,0.021127
NFLX,2,82,0.010760,0.020790
NFLX,2,83,0.009391,0.020458
NFLX,2,84,0.002981,0.020131
NFLX,2,85,0.023494,0.019810
NFLX,2,86,-0.010420,0.019493
NFLX,2,87,0.002776,0.019182
NFLX,2,88,0.025547,0.018876
NFLX,2,89,0.001052,0.018575
NFLX,2,90,0.025175,0.018278
NFLX,2,91,0.022487,0.017986
NFLX,2,92,0.014000,0.017699
NFLX,2,93,0.012645,0.017416
NFLX,2,94,0.014966,0.017138
NFLX,2,95,0.032685,0.016865
NFLX,2,96,0.038809,0.016595
NFLX,2,97,0.042697,0.016330
NFLX,2,98,0.020464,0.016070
NFLX,2,99,0.042167,0.015813
NFLX,2,100,0.052808,0.015561
NFLX,2,101,0.029619,0.015312
NFLX,2,102,0.030117,0.015068
NFLX,2,103,-0.000395,0.014827
NFLX,2,104,0.017677,0.014590
NFLX,2,105,0.008032,0.014357
NFLX,2,106,0.045674,0.014128
NFLX,2,107,0.021758,0.013903
NFLX,2,108,0.017119,0.013681
NFLX,2,109,0.028297,0.013462
NFLX,2,110,0.010506,0.013247
NFLX,2,111,0.047356,0.013036
NFLX,2,112,0.004544,0.012828
NFLX,2,113,0.020685,0.012623
NFLX,2,114,0.009887,0.012421
NFLX,2,115,-0.010778,0.012223
NFLX,2,116,0.024388,0.012028
NFLX,2,117,0.020620,0.011836
NFLX,2,118,0.036038,0.011647
NFLX,2,119,0.034456,0.011461
NFLX,2,120,0.039571,0.011278
NFLX,2,121,0.022354,0.011098
NFLX,2,122,0.023393,0.010921
NFLX,2,123,0.055433,0.010746
NFLX,2,124,0.049363,0.010575
NFLX,2,125,0.040956,0.010406
NFLX,2,126,0.032535,0.010240
NFLX,2,127,0.061337,0.010076
NFLX,2,128,0.013545,0.009915
NFLX,2,129,0.024424,0.009757
NFLX,2,130,0.015431,0.009601
NFLX,2,131,0.028092,0.009448
NFLX,2,132,0.000477,0.009297
NFLX,2,133,0.013967,0.009149
NFLX,2,134,0.003674,0.009002
NFLX,2,135,-0.006954,0.008859
NFLX,2,136,0.015417,0.008717
NFLX,2,137,-0.000849,0.008578
NFLX,2,138,0.019423,0.008441
NFLX,2,139,0.005918,0.008306
NFLX,2,140,-0.017945,0.008174
NFLX,2,141,0.000074,0.008043
NFLX,2,142,0.000185,0.007915
NFLX,2,143,0.010946,0.007788
NFLX,2,144,0.012401,0.007664
NFLX,2,145,0.020569,0.007542
NFLX,2,146,-0.007783,0.007421
NFLX,2,147,0.006204,0.007303
NFLX,2,148,0.001571,0.007186
NFLX,2,149,0.004340,0.007071
NFLX,2,150,-0.003284,0.006959
NFLX,2,151,-0.001210,0.006847
NFLX,2,152,-0.027191,0.006738
NFLX,2,153,-0.022954,0.006631
NFLX,2,154,-0.011478,0.006525
NFLX,2,155,0.016480,0.006421
NFLX,2,156,0.020689,0.006318
NFLX,2,157,-0.004357,0.006217
NFLX,2,158,-0.010002,0.006118
NFLX,2,159,-0.033998,0.006020
NFLX,2,160,-0.020000,0.005924
NFLX,2,161,-0.030781,0.005829
NFLX,2,162,0.007689,0.005736
NFLX,2,163,0.035455,0.005645
NFLX,2,164,0.001945,0.005555
NFLX,2,165,-0.029876,0.005466
NFLX,2,166,0.020110,0.005379
NFLX,2,167,-0.021498,0.005293
NFLX,2,168,-0.015124,0.005208
NFLX,2,169,-0.020010,0.005125
NFLX,2,170,0.000595,0.005043
NFLX,2,171,-0.014878,0.004963
NFLX,2,172,-0.001699,0.004884
NFLX,2,173,0.012551,0.004806
NFLX,2,174,0.008743,0.004729
NFLX,2,175,-0.006964,0.004653
NFLX,2,176,-0.006333,0.004579
NFLX,2,177,-0.000991,0.004506
NFLX,2,178,0.018620,0.004434
NFLX,2,179,-0.011851,0.004363
NFLX,2,180,-0.025010,0.004294
NFLX,2,181,0.011835,0.004225
NFLX,2,182,0.009182,0.004158
NFLX,2,183,-0.009777,0.004091
NFLX,2,184,0.024253,0.004026
NFLX,2,185,0.036121,0.003962
NFLX,2,186,0.024155,0.003898
NFLX,2,187,0.053348,0.003836
NFLX,2,188,0.035303,0.003775
NFLX,2,189,0.036468,0.003715
NFLX,2,190,0.029652,0.003655
NFLX,2,191,0.024285,0.003597
NFLX,2,192,0.027106,0.003539
NFLX,2,193,-0.006606,0.003483
NFLX,2,194,0.004527,0.003427
NFLX,2,195,0.012874,0.003373
NFLX,2,196,0.004454,0.003319
NFLX,2,197,-0.015853,0.003266
NFLX,2,198,-0.000972,0.003214
NFLX,2,199,-0.018088,0.003162
NFLX,2,200,-0.011425,0.003112
NFLX,2,201,-0.023796,0.003062
NFLX,2,202,-0.012756,0.003013
NFLX,2,203,-0.020399,0.002965
NFLX,2,204,-0.005560,0.002918
NFLX,2,205,-0.041108,0.002871
NFLX,2,206,-0.044185,0.002825
NFLX,2,207,-0.011837,0.002780
NFLX,2,208,-0.025669,0.002736
NFLX,2,209,0.022568,0.002692
NFLX,2,210,-0.001141,0.002649
NFLX,2,211,0.005248,0.002607
NFLX,2,212,-0.015311,0.002565
NFLX,2,213,-0.005797,0.002524
NFLX,2,214,-0.012296,0.002484
NFLX,2,215,0.011429,0.002444
NFLX,2,216,0.009749,0.002405
NFLX,2,217,-0.005068,0.002367
NFLX,2,218,0.003254,0.002329
NFLX,2,219,-0.055659,0.002292
NFLX,2,220,-0.032654,0.002255
NFLX,2,221,-0.017166,0.002219
NFLX,2,222,-0.026118,0.002184
NFLX,2,223,-0.032607,0.002149
NFLX,2,224,-0.017899,0.002115
NFLX,2,225,-0.033517,0.002081
NFLX,2,226,-0.009581,0.002048
NFLX,2,227,-0.015491,0.002015
NFLX,2,228,-0.000631,0.001983
NFLX,2,229,-0.011320,0.001951
NFLX,2,230,-0.026909,0.001920
NFLX,2,231,-0.030522,0.001889
NFLX,2,232,-0.028288,0.001859
NFLX,2,233,-0.014351,0.001830
NFLX,2,234,-0.030956,0.001800
NFLX,2,235,-0.035596,0.001772
NFLX,2,236,-0.057912,0.001743
NFLX,2,237,-0.015569,0.001715
NFLX,2,238,-0.039160,0.001688
NFLX,2,239,-0.036593,0.001661
NFLX,2,240,-0.011183,0.001635
NFLX,2,241,-0.033280,0.001608
NFLX,2,242,-0.042796,0.001583
NFLX,2,243,-0.032426,0.001558
NFLX,2,244,-0.032478,0.001533
NFLX,2,245,-0.053061,0.001508
NFLX,2,246,-0.031999,0.001484
NFLX,2,247,-0.039244,0.001460
NFLX,2,248,-0.057933,0.001437
NFLX,2,249,-0.038487,0.001414
NFLX,2,250,0.013274,0.001392
NFLX,2,251,0.020561,0.001369
NFLX,2,252,-0.017445,0.001347
NFLX,17,1,0.224235,0.223883
NFLX,17,2,0.100790,0.102729
NFLX,17,3,0.078785,0.078528
NFLX,17,4,0.100203,0.090309
NFLX,17,5,0.074376,0.079260
NFLX,17,6,0.078194,0.086771
NFLX,17,7,0.071186,0.077139
NFLX,17,8,0.050301,0.054842
NFLX,17,9,0.076652,0.051770
NFLX,17,10,0.062141,0.064551
NFLX,17,11,0.095227,0.071191
NFLX,17,12,0.053440,0.075386
NFLX,17,13,0.060527,0.070931
NFLX,17,14,0.063668,0.065304
NFLX,17,15,0.075722,0.068734
NFLX,17,16,0.050235,0.060666
NFLX,17,17,0.047413,0.046231
NFLX,17,18,0.048601,0.047457
NFLX,17,19,0.031622,0.040700
NFLX,17,20,0.054122,0.020777
NFLX,17,21,0.036825,0.020424
NFLX,17,22,0.060466,0.032926
NFLX,17,23,0.045449,0.039108
NFLX,17,24,0.055514,0.042443
NFLX,17,25,0.063773,0.037791
NFLX,17,26,0.038853,0.032550
NFLX,17,27,0.034250,0.037770
NFLX,17,28,0.020912,0.034107
NFLX,17,29,0.010791,0.025840
NFLX,17,30,0.032028,0.033265
NFLX,17,31,0.044244,0.033651
NFLX,17,32,0.023933,0.021914
NFLX,17,33,0.026597,0.028699
NFLX,17,34,0.009107,0.046878
NFLX,17,35,0.047103,0.058051
NFLX,17,36,0.059534,0.065486
NFLX,17,37,0.054798,0.063696
NFLX,17,38,0.048067,0.059554
NFLX,17,39,0.058270,0.064179
NFLX,17,40,0.042396,0.059304
NFLX,17,41,0.027479,0.048537
NFLX,17,42,0.047136,0.051040
NFLX,17,43,0.038286,0.045606
NFLX,17,44,0.015710,0.028086
NFLX,17,45,0.023446,0.028055
NFLX,17,46,0.030246,0.038917
NFLX,17,47,0.009434,0.043787
NFLX,17,48,0.027290,0.046385
NFLX,17,49,0.018467,0.041409
NFLX,17,50,0.034041,0.035530
NFLX,17,51,0.031016,0.039969
NFLX,17,52,0.023388,0.037324
NFLX,17,53,0.032160,0.030259
NFLX,17,54,0.052592,0.036376
NFLX,17,55,0.059869,0.035264
NFLX,17,56,0.029974,0.022932
NFLX,17,57,0.019733,0.027215
NFLX,17,58,0.028039,0.041310
NFLX,17,59,0.080016,0.049091
NFLX,17,60,0.115492,0.054139
NFLX,17,61,0.123024,0.050959
NFLX,17,62,0.088217,0.045819
NFLX,17,63,0.086487,0.049964
NFLX,17,64,0.090925,0.046939
NFLX,17,65,0.056201,0.038830
NFLX,17,66,0.061223,0.042188
NFLX,17,67,0.028789,0.037853
NFLX,17,68,-0.002967,0.022530
NFLX,17,69,-0.019269,0.022973
NFLX,17,70,-0.000910,0.032740
NFLX,17,71,0.012212,0.036871
NFLX,17,72,0.002123,0.039170
NFLX,17,73,0.004607,0.034253
NFLX,17,74,0.026721,0.028174
NFLX,17,75,0.040760,0.032200
NFLX,17,76,0.009485,0.030682
NFLX,17,77,0.017549,0.024989
NFLX,17,78,0.011100,0.030398
NFLX,17,79,0.017840,0.028569
NFLX,17,80,0.007849,0.016448
NFLX,17,81,0.019080,0.019353
NFLX,17,82,0.010760,0.030786
NFLX,17,83,0.009391,0.036499
NFLX,17,84,0.002981,0.040178
NFLX,17,85,0.023494,0.036340
NFLX,17,86,-0.010420,0.030717
NFLX,17,87,0.002776,0.034551
NFLX,17,88,0.025547,0.033022
NFLX,17,89,0.001052,0.027013
NFLX,17,90,0.025175,0.030844
NFLX,17,91,0.022487,0.027229
NFLX,17,92,0.014000,0.013646
NFLX,17,93,0.012645,0.014386
NFLX,17,94,0.014966,0.023210
NFLX,17,95,0.032685,0.026794
NFLX,17,96,0.038809,0.028904
NFLX,17,97,0.042697,0.024135
NFLX,17,98,0.020464,0.018012
NFLX,17,99,0.042167,0.021741
NFLX,17,100,0.052808,0.021241
NFLX,17,101,0.029619,0.016843
NFLX,17,102,0.030117,0.021808
NFLX,17,103,-0.000395,0.019640
NFLX,17,104,0.017677,0.008085
NFLX,17,105,0.008032,0.010224
NFLX,17,106,0.045674,0.019848
NFLX,17,107,0.021758,0.024275
NFLX,17,108,0.017119,0.027156
NFLX,17,109,0.028297,0.023047
NFLX,17,110,0.010506,0.017211
NFLX,17,111,0.047356,0.020787
NFLX,17,112,0.004544,0.020430
NFLX,17,113,0.020685,0.016066
NFLX,17,114,0.009887,0.020097
NFLX,17,115,-0.010778,0.016934
NFLX,17,116,0.024388,0.004747
NFLX,17,117,0.020620,0.005658
NFLX,17,118,0.036038,0.013669
NFLX,17,119,0.034456,0.016845
NFLX,17,120,0.039571,0.018824
NFLX,17,121,0.022354,0.014232
NFLX,17,122,0.023393,0.008141
NFLX,17,123,0.055433,0.011608
NFLX,17,124,0.049363,0.011962
NFLX,17,125,0.040956,0.008700
NFLX,17,126,0.032535,0.013327
NFLX,17,127,0.061337,0.010995
NFLX,17,128,0.013545,0.000137
NFLX,17,129,0.024424,0.001838
NFLX,17,130,0.015431,0.010178
NFLX,17,131,0.028092,0.013794
NFLX,17,132,0.000477,0.016198
NFLX,17,133,0.013967,0.012021
NFLX,17,134,0.003674,0.006119
NFLX,17,135,-0.006954,0.009448
NFLX,17,136,0.015417,0.009993
NFLX,17,137,-0.000849,0.006918
NFLX,17,138,0.019423,0.010965
NFLX,17,139,0.005918,0.008075
NFLX,17,140,-0.017945,-0.002975
NFLX,17,141,0.000074,-0.001975
NFLX,17,142,0.000185,0.005337
NFLX,17,143,0.010946,0.008212
NFLX,17,144,0.012401,0.010092
NFLX,17,145,0.020569,0.005680
NFLX,17,146,-0.007783,-0.000341
NFLX,17,147,0.006204,0.002875
NFLX,17,148,0.001571,0.003917
NFLX,17,149,0.004340,0.001617
NFLX,17,150,-0.003284,0.005947
NFLX,17,151,-0.001210,0.003529
NFLX,17,152,-0.027191,-0.006613
NFLX,17,153,-0.022954,-0.005172
NFLX,17,154,-0.011478,0.002222
NFLX,17,155,0.016480,0.005320
NFLX,17,156,0.020689,0.007430
NFLX,17,157,-0.004357,0.003289
NFLX,17,158,-0.010002,-0.002598
NFLX,17,159,-0.033998,0.000486
NFLX,17,160,-0.020000,0.001717
NFLX,17,161,-0.030781,-0.000342
NFLX,17,162,0.007689,0.003604
NFLX,17,163,0.035455,0.000868
NFLX,17,164,0.001945,-0.009238
NFLX,17,165,-0.029876,-0.008203
NFLX,17,166,0.020110,-0.001489
NFLX,17,167,-0.021498,0.001169
NFLX,17,168,-0.015124,0.002971
NFLX,17,169,-0.020010,-0.001269
NFLX,17,170,0.000595,-0.007197
NFLX,17,171,-0.014878,-0.004230
NFLX,17,172,-0.001699,-0.002648
NFLX,17,173,0.012551,-0.004147
NFLX,17,174,0.008743,-0.000098
NFLX,17,175,-0.006964,-0.002568
NFLX,17,176,-0.006333,-0.012025
NFLX,17,177,-0.000991,-0.010749
NFLX,17,178,0.018620,-0.004078
NFLX,17,179,-0.011851,-0.001310
NFLX,17,180,-0.025010,0.000611
NFLX,17,181,0.011835,-0.003443
NFLX,17,182,0.009182,-0.009268
NFLX,17,183,-0.009777,-0.006428
NFLX,17,184,0.024253,-0.004679
NFLX,17,185,0.036121,-0.005932
NFLX,17,186,0.024155,-0.002158
NFLX,17,187,0.053348,-0.004813
NFLX,17,188,0.035303,-0.014124
NFLX,17,189,0.036468,-0.013087
NFLX,17,190,0.029652,-0.006884
NFLX,17,191,0.024285,-0.004379
NFLX,17,192,0.027106,-0.002643
NFLX,17,193,-0.006606,-0.006721
NFLX,17,194,0.004527,-0.012542
NFLX,17,195,0.012874,-0.009820
NFLX,17,196,0.004454,-0.007821
NFLX,17,197,-0.015853,-0.008658
NFLX,17,198,-0.000972,-0.004881
NFLX,17,199,-0.018088,-0.007391
NFLX,17,200,-0.011425,-0.016215
NFLX,17,201,-0.023796,-0.015052
NFLX,17,202,-0.012756,-0.008950
NFLX,17,203,-0.020399,-0.006392
NFLX,17,204,-0.005560,-0.004599
NFLX,17,205,-0.041108,-0.008542
NFLX,17,206,-0.044185,-0.014278
NFLX,17,207,-0.011837,-0.011677
NFLX,17,208,-0.025669,-0.009540
NFLX,17,209,0.022568,-0.010148
NFLX,17,210,-0.001141,-0.006583
NFLX,17,211,0.005248,-0.009203
NFLX,17,212,-0.015311,-0.017833
NFLX,17,213,-0.005797,-0.016816
NFLX,17,214,-0.012296,-0.011050
NFLX,17,215,0.011429,-0.008648
NFLX,17,216,0.009749,-0.006970
NFLX,17,217,-0.005068,-0.010900
NFLX,17,218,0.003254,-0.016604
NFLX,17,219,-0.055659,-0.014119
NFLX,17,220,-0.032654,-0.011803
NFLX,17,221,-0.017166,-0.012093
NFLX,17,222,-0.026118,-0.008583
NFLX,17,223,-0.032607,-0.011125
NFLX,17,224,-0.017899,-0.019375
NFLX,17,225,-0.033517,-0.018298
NFLX,17,226,-0.009581,-0.012654
NFLX,17,227,-0.015491,-0.010227
NFLX,17,228,-0.000631,-0.008528
NFLX,17,229,-0.011320,-0.012354
NFLX,17,230,-0.026909,-0.017981
NFLX,17,231,-0.030522,-0.015612
NFLX,17,232,-0.028288,-0.013186
NFLX,17,233,-0.014351,-0.013272
NFLX,17,234,-0.030956,-0.009935
NFLX,17,235,-0.035596,-0.012545
NFLX,17,236,-0.057912,-0.020586
NFLX,17,237,-0.015569,-0.019604
NFLX,17,238,-0.039160,-0.014211
NFLX,17,239,-0.036593,-0.011875
NFLX,17,240,-0.011183,-0.010253
NFLX,17,241,-0.033280,-0.014045
NFLX,17,242,-0.042796,-0.019626
NFLX,17,243,-0.032426,-0.017368
NFLX,17,244,-0.032478,-0.014813
NFLX,17,245,-0.053061,-0.014652
NFLX,17,246,-0.031999,-0.011398
NFLX,17,247,-0.039244,-0.013970
NFLX,17,248,-0.057933,-0.021701
NFLX,17,249,-0.038487,-0.020697
NFLX,17,250,0.013274,-0.015431
NFLX,17,251,0.020561,-0.013082
NFLX,17,252,-0.017445,-0.011457
NVDA,2,1,0.131424,0.130535
NVDA,2,2,0.135431,0.124209
NVDA,2,3,0.113711,0.118504
NVDA,2,4,0.113694,0.113356
NVDA,2,5,0.084188,0.108709
NVDA,2,6,0.089108,0.104509
NVDA,2,7,0.077139,0.100712
NVDA,2,8,0.104411,0.097276
NVDA,2,9,0.087674,0.094164
NVDA,2,10,0.113509,0.091343
NVDA,2,11,0.096105,0.088782
NVDA,2,12,0.100059,0.086455
NVDA,2,13,0.101330,0.084339
NVDA,2,14,0.077707,0.082411
NVDA,2,15,0.072708,0.080652
NVDA,2,16,0.044724,0.079044
NVDA,2,17,0.081175,0.077574
NVDA,2,18,0.082633,0.076225
NVDA,2,19,0.084619,0.074987
NVDA,2,20,0.106729,0.073847
NVDA,2,21,0.055091,0.072796
NVDA,2,22,0.115501,0.071824
NVDA,2,23,0.115277,0.070924
NVDA,2,24,0.106262,0.070089
NVDA,2,25,0.063318,0.069311
NVDA,2,26,0.106345,0.068585
NVDA,2,27,0.073872,0.067906
NVDA,2,28,0.060798,0.067269
NVDA,2,29,0.061745,0.066669
NVDA,2,30,0.082920,0.066104
NVDA,2,31,0.098476,0.065569
NVDA,2,32,0.030959,0.065062
NVDA,2,33,0.068239,0.064580
NVDA,2,34,0.051002,0.064120
NVDA,2,35,0.086998,0.063681
NVDA,2,36,0.037341,0.063259
NVDA,2,37,0.067827,0.062855
NVDA,2,38,0.071382,0.062465
NVDA,2,39,0.063737,0.062089
NVDA,2,40,0.062304,0.061725
NVDA,2,41,0.061708,0.061372
NVDA,2,42,0.045730,0.061029
NVDA,2,43,0.066425,0.060695
NVDA,2,44,0.044955,0.060369
NVDA,2,45,0.082260,0.060051
NVDA,2,46,0.099218,0.059740
NVDA,2,47,0.058030,0.059436
NVDA,2,48,0.095220,0.059137
NVDA,2,49,0.051945,0.058843
NVDA,2,50,0.027613,0.058554
NVDA,2,51,0.056314,0.058270
NVDA,2,52,0.043969,0.057990
NVDA,2,53,0.064658,0.057713
NVDA,2,54,0.040897,0.057440
NVDA,2,55,0.033183,0.057170
NVDA,2,56,0.035149,0.056904
NVDA,2,57,0.036736,0.056640
NVDA,2,58,0.045293,0.056379
NVDA,2,59,0.067325,0.056120
NVDA,2,60,0.042865,0.055864
NVDA,2,61,0.066591,0.055610
NVDA,2,62,0.058353,0.055358
NVDA,2,63,0.087590,0.055107
NVDA,2,64,0.075674,0.054859
NVDA,2,65,0.043807,0.054613
NVDA,2,66,0.053681,0.054368
NVDA,2,67,0.035393,0.054125
NVDA,2,68,0.064097,0.053883
NVDA,2,69,0.021421,0.053643
NVDA,2,70,0.026095,0.053405
NVDA,2,71,0.052261,0.053168
NVDA,2,72,0.027144,0.052932
NVDA,2,73,0.051862,0.052697
NVDA,2,74,0.038158,0.052464
NVDA,2,75,0.049014,0.052232
NVDA,2,76,0.023937,0.052001
NVDA,2,77,0.063575,0.051772
NVDA,2,78,0.040852,0.051544
NVDA,2,79,0.025009,0.051316
NVDA,2,80,0.017016,0.051090
NVDA,2,81,0.046160,0.050865
NVDA,2,82,0.038178,0.050642
NVDA,2,83,0.017640,0.050419
NVDA,2,84,0.028789,0.050197
NVDA,2,85,0.046047,0.049976
NVDA,2,86,0.036474,0.049757
NVDA,2,87,0.008326,0.049538
NVDA,2,88,0.045244,0.049321
NVDA,2,89,0.017222,0.049104
NVDA,2,90,0.040819,0.048888
NVDA,2,91,0.056853,0.048674
NVDA,2,92,0.044408,0.048460
NVDA,2,93,0.014184,0.048248
NVDA,2,94,0.032446,0.048036
NVDA,2,95,0.044483,0.047825
NVDA,2,96,0.035578,0.047615
NVDA,2,97,0.051313,0.047407
NVDA,2,98,0.036018,0.047199
NVDA,2,99,0.043918,0.046992
NVDA,2,100,0.020457,0.046786
NVDA,2,101,0.059693,0.046581
NVDA,2,102,0.033395,0.046376
NVDA,2,103,0.032010,0.046173
NVDA,2,104,0.045671,0.045971
NVDA,2,105,0.063146,0.045769
NVDA,2,106,0.053431,0.045568
NVDA,2,107,0.032250,0.045369
NVDA,2,108,0.047950,0.045170
NVDA,2,109,0.014905,0.044972
NVDA,2,110,0.066065,0.044775
NVDA,2,111,0.047151,0.044578
NVDA,2,112,0.045893,0.044383
NVDA,2,113,0.023939,0.044189
NVDA,2,114,0.067697,0.043995
NVDA,2,115,0.015941,0.043802
NVDA,2,116,0.041832,0.043610
NVDA,2,117,0.044333,0.043419
NVDA,2,118,0.050515,0.043229
NVDA,2,119,0.084724,0.043039
NVDA,2,120,0.060962,0.042851
NVDA,2,121,0.038483,0.042663
NVDA,2,122,0.081402,0.042476
NVDA,2,123,0.062851,0.042290
NVDA,2,124,0.045723,0.042104
NVDA,2,125,0.031256,0.041920
NVDA,2,126,0.053971,0.041736
NVDA,2,127,0.067672,0.041553
NVDA,2,128,0.023933,0.041371
NVDA,2,129,0.088241,0.041190
NVDA,2,130,0.073127,0.041009
NVDA,2,131,0.051120,0.040830
NVDA,2,132,0.027287,0.040651
NVDA,2,133,0.035223,0.040473
NVDA,2,134,0.060398,0.040295
NVDA,2,135,0.034885,0.040119
NVDA,2,136,0.043755,0.039943
NVDA,2,137,0.076218,0.039768
NVDA,2,138,0.063577,0.039594
NVDA,2,139,0.030810,0.039420
NVDA,2,140,0.054623,0.039247
NVDA,2,141,0.045157,0.039075
NVDA,2,142,0.045415,0.038904
NVDA,2,143,0.028914,0.038734
NVDA,2,144,0.051051,0.038564
NVDA,2,145,0.029066,0.038395
NVDA,2,146,0.012597,0.038227
NVDA,2,147,0.002283,0.038059
NVDA,2,148,0.043829,0.037892
NVDA,2,149,0.044724,0.037726
NVDA,2,150,0.060093,0.037561
NVDA,2,151,0.026876,0.037396
NVDA,2,152,0.043976,0.037233
NVDA,2,153,0.046166,0.037069
NVDA,2,154,0.066978,0.036907
NVDA,2,155,0.022218,0.036745
NVDA,2,156,0.042042,0.036584
NVDA,2,157,0.073324,0.036424
NVDA,2,158,0.025027,0.036264
NVDA,2,159,0.031285,0.036105
NVDA,2,160,0.041188,0.035947
NVDA,2,161,0.064297,0.035790
NVDA,2,162,0.022794,0.035633
NVDA,2,163,0.027712,0.035477
NVDA,2,164,0.080076,0.035321
NVDA,2,165,0.030589,0.035166
NVDA,2,166,0.041440,0.035012
NVDA,2,167,0.022611,0.034859
NVDA,2,168,0.028542,0.034706
NVDA,2,169,0.049184,0.034554
NVDA,2,170,0.012895,0.034403
NVDA,2,171,0.008017,0.034252
NVDA,2,172,0.005439,0.034102
NVDA,2,173,0.031755,0.033952
NVDA,2,174,0.017211,0.033804
NVDA,2,175,0.015758,0.033655
NVDA,2,176,0.073541,0.033508
NVDA,2,177,0.036019,0.033361
NVDA,2,178,0.016465,0.033215
NVDA,2,179,0.038044,0.033069
NVDA,2,180,0.021911,0.032924
NVDA,2,181,0.042904,0.032780
NVDA,2,182,0.024365,0.032637
NVDA,2,183,0.076668,0.032494
NVDA,2,184,0.019822,0.032351
NVDA,2,185,0.052270,0.032209
NVDA,2,186,0.062909,0.032068
NVDA,2,187,0.087596,0.031928
NVDA,2,188,0.051159,0.031788
NVDA,2,189,0.042266,0.031649
NVDA,2,190,-0.002020,0.031510
NVDA,2,191,0.025218,0.031372
NVDA,2,192,0.038645,0.031234
NVDA,2,193,0.048879,0.031097
NVDA,2,194,0.034954,0.030961
NVDA,2,195,0.030207,0.030825
NVDA,2,196,0.038894,0.030690
NVDA,2,197,0.023686,0.030556
NVDA,2,198,0.028310,0.030422
NVDA,2,199,0.058086,0.030289
NVDA,2,200,0.024830,0.030156
NVDA,2,201,0.045918,0.030024
NVDA,2,202,0.007494,0.029892
NVDA,2,203,0.047924,0.029761
NVDA,2,204,0.016176,0.029631
NVDA,2,205,0.008492,0.029501
NVDA,2,206,0.001313,0.029372
NVDA,2,207,0.009795,0.029243
NVDA,2,208,-0.009485,0.029115
NVDA,2,209,0.020235,0.028987
NVDA,2,210,0.047080,0.028860
NVDA,2,211,0.073778,0.028734
NVDA,2,212,0.047590,0.028608
NVDA,2,213,0.002148,0.028483
NVDA,2,214,0.033288,0.028358
NVDA,2,215,0.033856,0.028233
NVDA,2,216,0.020985,0.028110
NVDA,2,217,0.035396,0.027987
NVDA,2,218,0.015791,0.027864
NVDA,2,219,0.036271,0.027742
NVDA,2,220,0.001880,0.027620
NVDA,2,221,0.086720,0.027499
NVDA,2,222,0.046981,0.027379
NVDA,2,223,0.015140,0.027259
NVDA,2,224,0.001544,0.027139
NVDA,2,225,0.011959,0.027020
NVDA,2,226,-0.000247,0.026902
NVDA,2,227,0.020155,0.026784
NVDA,2,228,0.038558,0.026667
NVDA,2,229,0.052434,0.026550
NVDA,2,230,0.021505,0.026434
NVDA,2,231,0.025673,0.026318
NVDA,2,232,0.046974,0.026202
NVDA,2,233,0.005890,0.026088
NVDA,2,234,0.048653,0.025973
NVDA,2,235,-0.015982,0.025859
NVDA,2,236,0.012302,0.025746
NVDA,2,237,0.013725,0.025633
NVDA,2,238,0.023512,0.025521
NVDA,2,239,0.022015,0.025409
NVDA,2,240,0.016929,0.025298
NVDA,2,241,0.058122,0.025187
NVDA,2,242,0.029701,0.025077
NVDA,2,243,0.003705,0.024967
NVDA,2,244,0.020974,0.024857
NVDA,2,245,0.027893,0.024748
NVDA,2,246,0.013049,0.024640
NVDA,2,247,0.004893,0.024532
NVDA,2,248,0.051812,0.024424
NVDA,2,249,0.027665,0.024317
NVDA,2,250,0.019505,0.024211
NVDA,2,251,0.039190,0.024105
NVDA,2,252,0.034693,0.023999
NVDA,17,1,0.131424,0.141977
NVDA,17,2,0.135431,0.148550
NVDA,17,3,0.113711,0.110962
NVDA,17,4,0.113694,0.100504
NVDA,17,5,0.084188,0.074080
NVDA,17,6,0.089108,0.101637
NVDA,17,7,0.077139,0.088242
NVDA,17,8,0.104411,0.096505
NVDA,17,9,0.087674,0.081322
NVDA,17,10,0.113509,0.108616
NVDA,17,11,0.096105,0.103332
NVDA,17,12,0.100059,0.095446
NVDA,17,13,0.101330,0.082204
NVDA,17,14,0.077707,0.081874
NVDA,17,15,0.072708,0.077105
NVDA,17,16,0.044724,0.066005
NVDA,17,17,0.081175,0.065504
NVDA,17,18,0.082633,0.083569
NVDA,17,19,0.084619,0.084143
NVDA,17,20,0.106729,0.085253
NVDA,17,21,0.055091,0.080675
NVDA,17,22,0.115501,0.096638
NVDA,17,23,0.115277,0.097814
NVDA,17,24,0.106262,0.085804
NVDA,17,25,0.063318,0.080218
NVDA,17,26,0.106345,0.072252
NVDA,17,27,0.073872,0.070384
NVDA,17,28,0.060798,0.054912
NVDA,17,29,0.061745,0.055816
NVDA,17,30,0.082920,0.063768
NVDA,17,31,0.098476,0.061888
NVDA,17,32,0.030959,0.058225
NVDA,17,33,0.068239,0.054563
NVDA,17,34,0.051002,0.065544
NVDA,17,35,0.086998,0.069307
NVDA,17,36,0.037341,0.060989
NVDA,17,37,0.067827,0.062916
NVDA,17,38,0.071382,0.057426
NVDA,17,39,0.063737,0.061688
NVDA,17,40,0.062304,0.052021
NVDA,17,41,0.061708,0.058721
NVDA,17,42,0.045730,0.066544
NVDA,17,43,0.066425,0.066076
NVDA,17,44,0.044955,0.063811
NVDA,17,45,0.082260,0.061394
NVDA,17,46,0.099218,0.069390
NVDA,17,47,0.058030,0.072059
NVDA,17,48,0.095220,0.064018
NVDA,17,49,0.051945,0.066031
NVDA,17,50,0.027613,0.057273
NVDA,17,51,0.056314,0.059362
NVDA,17,52,0.043969,0.048840
NVDA,17,53,0.064658,0.053989
NVDA,17,54,0.040897,0.057385
NVDA,17,55,0.033183,0.053958
NVDA,17,56,0.035149,0.050937
NVDA,17,57,0.036736,0.048132
NVDA,17,58,0.045293,0.054178
NVDA,17,59,0.067325,0.056982
NVDA,17,60,0.042865,0.051831
NVDA,17,61,0.066591,0.056860
NVDA,17,62,0.058353,0.049419
NVDA,17,63,0.087590,0.053695
NVDA,17,64,0.075674,0.046997
NVDA,17,65,0.043807,0.054882
NVDA,17,66,0.053681,0.058488
NVDA,17,67,0.035393,0.055554
NVDA,17,68,0.064097,0.054212
NVDA,17,69,0.021421,0.052124
NVDA,17,70,0.026095,0.056637
NVDA,17,71,0.052261,0.058395
NVDA,17,72,0.027144,0.053705
NVDA,17,73,0.051862,0.058380
NVDA,17,74,0.038158,0.048782
NVDA,17,75,0.049014,0.051267
NVDA,17,76,0.023937,0.044302
NVDA,17,77,0.063575,0.051188
NVDA,17,78,0.040852,0.052252
NVDA,17,79,0.025009,0.047586
NVDA,17,80,0.017016,0.046297
NVDA,17,81,0.046160,0.044156
NVDA,17,82,0.038178,0.047521
NVDA,17,83,0.017640,0.049190
NVDA,17,84,0.028789,0.046334
NVDA,17,85,0.046047,0.052602
NVDA,17,86,0.036474,0.043503
NVDA,17,87,0.008326,0.046960
NVDA,17,88,0.045244,0.042335
NVDA,17,89,0.017222,0.050792
NVDA,17,90,0.040819,0.051890
NVDA,17,91,0.056853,0.047513
NVDA,17,92,0.044408,0.047496
NVDA,17,93,0.014184,0.045927
NVDA,17,94,0.032446,0.048327
NVDA,17,95,0.044483,0.049307
NVDA,17,96,0.035578,0.046856
NVDA,17,97,0.051313,0.052881
NVDA,17,98,0.036018,0.042359
NVDA,17,99,0.043918,0.044622
NVDA,17,100,0.020457,0.039976
NVDA,17,101,0.059693,0.047889
NVDA,17,102,0.033395,0.047434
NVDA,17,103,0.032010,0.042072
NVDA,17,104,0.045671,0.042303
NVDA,17,105,0.063146,0.040833
NVDA,17,106,0.053431,0.042478
NVDA,17,107,0.032250,0.043343
NVDA,17,108,0.047950,0.042063
NVDA,17,109,0.014905,0.048993
NVDA,17,110,0.066065,0.038620
NVDA,17,111,0.047151,0.041325
NVDA,17,112,0.045893,0.038136
NVDA,17,113,0.023939,0.046974
NVDA,17,114,0.067697,0.046445
NVDA,17,115,0.015941,0.041247
NVDA,17,116,0.041832,0.042368
NVDA,17,117,0.044333,0.041322
NVDA,17,118,0.050515,0.042323
NVDA,17,119,0.084724,0.042742
NVDA,17,120,0.060962,0.041800
NVDA,17,121,0.038483,0.048596
NVDA,17,122,0.081402,0.037314
NVDA,17,123,0.062851,0.039253
NVDA,17,124,0.045723,0.036158
NVDA,17,125,0.031256,0.044706
NVDA,17,126,0.053971,0.043205
NVDA,17,127,0.067672,0.037440
NVDA,17,128,0.023933,0.038826
NVDA,17,129,0.088241,0.037911
NVDA,17,130,0.073127,0.038397
NVDA,17,131,0.051120,0.038709
NVDA,17,132,0.027287,0.038528
NVDA,17,133,0.035223,0.045849
NVDA,17,134,0.060398,0.034587
NVDA,17,135,0.034885,0.036717
NVDA,17,136,0.043755,0.034548
NVDA,17,137,0.076218,0.043638
NVDA,17,138,0.063577,0.042024
NVDA,17,139,0.030810,0.036348
NVDA,17,140,0.054623,0.038338
NVDA,17,141,0.045157,0.037725
NVDA,17,142,0.045415,0.037770
NVDA,17,143,0.028914,0.037793
NVDA,17,144,0.051051,0.037884
NVDA,17,145,0.029066,0.045133
NVDA,17,146,0.012597,0.033309
NVDA,17,147,0.002283,0.034951
NVDA,17,148,0.043829,0.032918
NVDA,17,149,0.044724,0.041847
NVDA,17,150,0.060093,0.039619
NVDA,17,151,0.026876,0.033614
NVDA,17,152,0.043976,0.035832
NVDA,17,153,0.046166,0.035339
NVDA,17,154,0.066978,0.035029
NVDA,17,155,0.022218,0.034961
NVDA,17,156,0.042042,0.035554
NVDA,17,157,0.073324,0.043107
NVDA,17,158,0.025027,0.031268
NVDA,17,159,0.031285,0.032980
NVDA,17,160,0.041188,0.031547
NVDA,17,161,0.064297,0.040786
NVDA,17,162,0.022794,0.038445
NVDA,17,163,0.027712,0.032490
NVDA,17,164,0.080076,0.035113
NVDA,17,165,0.030589,0.034830
NVDA,17,166,0.041440,0.034215
NVDA,17,167,0.022611,0.033958
NVDA,17,168,0.028542,0.034763
NVDA,17,169,0.049184,0.042274
NVDA,17,170,0.012895,0.030100
NVDA,17,171,0.008017,0.031502
NVDA,17,172,0.005439,0.030205
NVDA,17,173,0.031755,0.039348
NVDA,17,174,0.017211,0.036616
NVDA,17,175,0.015758,0.030476
NVDA,17,176,0.073541,0.033276
NVDA,17,177,0.036019,0.033091
NVDA,17,178,0.016465,0.032231
NVDA,17,179,0.038044,0.031902
NVDA,17,180,0.021911,0.033040
NVDA,17,181,0.042904,0.040721
NVDA,17,182,0.024365,0.028536
NVDA,17,183,0.076668,0.029951
NVDA,17,184,0.019822,0.029049
NVDA,17,185,0.052270,0.038359
NVDA,17,186,0.062909,0.035532
NVDA,17,187,0.087596,0.029425
NVDA,17,188,0.051159,0.032493
NVDA,17,189,0.042266,0.032452
NVDA,17,190,-0.002020,0.031383
NVDA,17,191,0.025218,0.030930
NVDA,17,192,0.038645,0.032227
NVDA,17,193,0.048879,0.039877
NVDA,17,194,0.034954,0.027507
NVDA,17,195,0.030207,0.028721
NVDA,17,196,0.038894,0.027941
NVDA,17,197,0.023686,0.037183
NVDA,17,198,0.028310,0.034108
NVDA,17,199,0.058086,0.027902
NVDA,17,200,0.024830,0.031100
NVDA,17,201,0.045918,0.031136
NVDA,17,202,0.007494,0.029897
NVDA,17,203,0.047924,0.029390
NVDA,17,204,0.016176,0.030909
NVDA,17,205,0.008492,0.038646
NVDA,17,206,0.001313,0.026282
NVDA,17,207,0.009795,0.027485
NVDA,17,208,-0.009485,0.026966
NVDA,17,209,0.020235,0.036289
NVDA,17,210,0.047080,0.033140
NVDA,17,211,0.073778,0.026964
NVDA,17,212,0.047590,0.030336
NVDA,17,213,0.002148,0.030471
NVDA,17,214,0.033288,0.029090
NVDA,17,215,0.033856,0.028501
NVDA,17,216,0.020985,0.030136
NVDA,17,217,0.035396,0.037844
NVDA,17,218,0.015791,0.025390
NVDA,17,219,0.036271,0.026463
NVDA,17,220,0.001880,0.026045
NVDA,17,221,0.086720,0.035310
NVDA,17,222,0.046981,0.032006
NVDA,17,223,0.015140,0.025785
NVDA,17,224,0.001544,0.029247
NVDA,17,225,0.011959,0.029440
NVDA,17,226,-0.000247,0.027943
NVDA,17,227,0.020155,0.027316
NVDA,17,228,0.038558,0.029097
NVDA,17,229,0.052434,0.036840
NVDA,17,230,0.021505,0.024412
NVDA,17,231,0.025673,0.025465
NVDA,17,232,0.046974,0.025222
NVDA,17,233,0.005890,0.034512
NVDA,17,234,0.048653,0.031157
NVDA,17,235,-0.015982,0.024966
NVDA,17,236,0.012302,0.028539
NVDA,17,237,0.013725,0.028800
NVDA,17,238,0.023512,0.027207
NVDA,17,239,0.022015,0.026527
NVDA,17,240,0.016929,0.028391
NVDA,17,241,0.058122,0.036099
NVDA,17,242,0.029701,0.023646
NVDA,17,243,0.003705,0.024613
NVDA,17,244,0.020974,0.024449
NVDA,17,245,0.027893,0.033683
NVDA,17,246,0.013049,0.030234
NVDA,17,247,0.004893,0.024032
NVDA,17,248,0.051812,0.027664
NVDA,17,249,0.027665,0.027967
NVDA,17,250,0.019505,0.026297
NVDA,17,251,0.039190,0.025590
NVDA,17,252,0.034693,0.027550
PG,2,1,0.264932,0.242386
PG,2,2,0.205434,0.228594
PG,2,3,0.214655,0.215621
PG,2,4,0.160336,0.203417
PG,2,5,0.200466,0.191938
PG,2,6,0.191568,0.181140
PG,2,7,0.182029,0.170982
PG,2,8,0.113194,0.161426
PG,2,9,0.171789,0.152438
PG,2,10,0.147755,0.143982
PG,2,11,0.126332,0.136028
PG,2,12,0.146734,0.128545
PG,2,13,0.123490,0.121506
PG,2,14,0.130900,0.114883
PG,2,15,0.136058,0.108654
PG,2,16,0.149587,0.102793
PG,2,17,0.106572,0.097279
PG,2,18,0.082301,0.092092
PG,2,19,0.103883,0.087212
PG,2,20,0.085958,0.082621
PG,2,21,0.090808,0.078302
PG,2,22,0.077017,0.074238
PG,2,23,0.060185,0.070414
PG,2,24,0.067676,0.066817
PG,2,25,0.056966,0.063432
PG,2,26,0.081699,0.060247
PG,2,27,0.054338,0.057250
PG,2,28,0.033543,0.054431
PG,2,29,0.053480,0.051777
PG,2,30,0.054935,0.049281
PG,2,31,0.043483,0.046931
PG,2,32,0.015294,0.044720
PG,2,33,0.052622,0.042639
PG,2,34,0.006607,0.040681
PG,2,35,0.004133,0.038838
PG,2,36,0.013154,0.037103
PG,2,37,0.025173,0.035471
PG,2,38,0.006887,0.033934
PG,2,39,0.033095,0.032488
PG,2,40,0.013253,0.031126
PG,2,41,-0.003008,0.029844
PG,2,42,0.000469,0.028637
PG,2,43,0.019305,0.027501
PG,2,44,0.031456,0.026431
PG,2,45,0.018209,0.025424
PG,2,46,0.054220,0.024476
PG,2,47,0.053062,0.023582
PG,2,48,0.050642,0.022741
PG,2,49,0.041647,0.021949
PG,2,50,0.030119,0.021202
PG,2,51,0.019384,0.020499
PG,2,52,0.014947,0.019837
PG,2,53,0.012416,0.019213
PG,2,54,0.000239,0.018624
PG,2,55,0.015448,0.018070
PG,2,56,0.006876,0.017548
PG,2,57,0.013972,0.017055
PG,2,58,0.033326,0.016591
PG,2,59,0.037341,0.016153
PG,2,60,0.036317,0.015741
PG,2,61,0.011821,0.015351
PG,2,62,0.019098,0.014984
PG,2,63,0.085330,0.014638
PG,2,64,0.009609,0.014311
PG,2,65,0.001888,0.014002
PG,2,66,0.020073,0.013711
PG,2,67,-0.004055,0.013436
PG,2,68,0.023505,0.013176
PG,2,69,0.033379,0.012930
PG,2,70,0.004948,0.012699
PG,2,71,-0.025892,0.012479
PG,2,72,0.031826,0.012272
PG,2,73,0.002896,0.012076
PG,2,74,-0.000054,0.011891
PG,2,75,0.037571,0.011716
PG,2,76,0.003525,0.011550
PG,2,77,-0.009633,0.011393
PG,2,78,-0.000914,0.011244
PG,2,79,0.001470,0.011103
PG,2,80,-0.000384,0.010969
PG,2,81,-0.013163,0.010843
PG,2,82,0.003889,0.010722
PG,2,83,-0.016577,0.010608
PG,2,84,0.002081,0.010500
PG,2,85,-0.010081,0.010397
PG,2,86,-0.003263,0.010299
PG,2,87,0.009015,0.010206
PG,2,88,0.038938,0.010118
PG,2,89,0.037920,0.010033
PG,2,90,-0.012760,0.009953
PG,2,91,0.002971,0.009877
PG,2,92,-0.006747,0.009804
PG,2,93,0.011586,0.009734
PG,2,94,0.052288,0.009667
PG,2,95,0.023968,0.009604
PG,2,96,0.026209,0.009543
PG,2,97,0.051592,0.009485
PG,2,98,0.009310,0.009429
PG,2,99,0.018595,0.009376
PG,2,100,0.007828,0.009325
PG,2,101,0.004579,0.009276
PG,2,102,0.001376,0.009228
PG,2,103,0.042266,0.009183
PG,2,104,0.001937,0.009139
PG,2,105,0.006693,0.009097
PG,2,106,-0.000528,0.009057
PG,2,107,0.010140,0.009018
PG,2,108,0.013398,0.008980
PG,2,109,0.020908,0.008943
PG,2,110,0.018089,0.008908
PG,2,111,-0.020879,0.008874
PG,2,112,0.010734,0.008841
PG,2,113,0.000709,0.008809
PG,2,114,-0.008149,0.008777
PG,2,115,-0.002230,0.008747
PG,2,116,-0.019030,0.008718
PG,2,117,0.019591,0.008689
PG,2,118,0.020957,0.008661
PG,2,119,0.026099,0.008634
PG,2,120,-0.019675,0.008608
PG,2,121,-0.020943,0.008582
PG,2,122,0.011874,0.008556
PG,2,123,0.002642,0.008532
PG,2,124,0.018235,0.008507
PG,2,125,0.007673,0.008484
PG,2,126,0.013551,0.008460
PG,2,127,0.007697,0.008438
PG,2,128,0.060993,0.008415
PG,2,129,-0.009998,0.008393
PG,2,130,-0.001901,0.008371
PG,2,131,0.035818,0.008350
PG,2,132,-0.003261,0.008329
PG,2,133,0.014116,0.008309
PG,2,134,0.013325,0.008288
PG,2,135,-0.001150,0.008268
PG,2,136,-0.001026,0.008248
PG,2,137,0.019049,0.008229
PG,2,138,0.002358,0.008210
PG,2,139,-0.021342,0.008191
PG,2,140,-0.014120,0.008172
PG,2,141,0.005292,0.008153
PG,2,142,0.037559,0.008135
PG,2,143,0.036893,0.008116
PG,2,144,0.033907,0.008098
PG,2,145,0.018180,0.008080
PG,2,146,0.014916,0.008063
PG,2,147,0.028209,0.008045
PG,2,148,0.020732,0.008028
PG,2,149,0.050472,0.008010
PG,2,150,0.025708,0.007993
PG,2,151,-0.008313,0.007976
PG,2,152,0.041207,0.007959
PG,2,153,0.031458,0.007942
PG,2,154,0.037062,0.007925
PG,2,155,0.046039,0.007909
PG,2,156,0.043269,0.007892
PG,2,157,0.081513,0.007876
PG,2,158,0.037169,0.007860
PG,2,159,0.038752,0.007843
PG,2,160,0.017888,0.007827
PG,2,161,0.043718,0.007811
PG,2,162,0.036733,0.007795
PG,2,163,0.097500,0.007779
PG,2,164,0.042970,0.007763
PG,2,165,0.011750,0.007747
PG,2,166,0.015086,0.007732
PG,2,167,0.037033,0.007716
PG,2,168,0.016911,0.007701
PG,2,169,0.016145,0.007685
PG,2,170,0.018808,0.007670
PG,2,171,0.015355,0.007654
PG,2,172,0.007555,0.007639
PG,2,173,0.003315,0.007623
PG,2,174,0.000375,0.007608
PG,2,175,0.004386,0.007593
PG,2,176,0.002248,0.007578
PG,2,177,-0.003791,0.007563
PG,2,178,0.011107,0.007548
PG,2,179,0.005511,0.007533
PG,2,180,0.006436,0.007518
PG,2,181,-0.018167,0.007503
PG,2,182,0.005417,0.007488
PG,2,183,-0.002263,0.007473
PG,2,184,-0.003477,0.007458
PG,2,185,0.010836,0.007443
PG,2,186,-0.006036,0.007429
PG,2,187,-0.006170,0.007414
PG,2,188,0.000349,0.007399
PG,2,189,0.027145,0.007385
PG,2,190,0.018800,0.007370
PG,2,191,0.017079,0.007356
PG,2,192,-0.003305,0.007341
PG,2,193,-0.026328,0.007327
PG,2,194,-0.002143,0.007312
PG,2,195,-0.017958,0.007298
PG,2,196,-0.003686,0.007284
PG,2,197,-0.010938,0.007269
PG,2,198,-0.030243,0.007255
PG,2,199,-0.022092,0.007241
PG,2,200,0.006755,0.007227
PG,2,201,0.010366,0.007212
PG,2,202,0.006879,0.007198
PG,2,203,-0.006933,0.007184
PG,2,204,-0.008677,0.007170
PG,2,205,0.001406,0.007156
PG,2,206,0.001311,0.007142
PG,2,207,0.005734,0.007128
PG,2,208,0.019750,0.007114
PG,2,209,-0.015922,0.007100
PG,2,210,-0.005016,0.007086
PG,2,211,0.000156,0.007072
PG,2,212,-0.002924,0.007058
PG,2,213,0.011253,0.007044
PG,2,214,0.021029,0.007031
PG,2,215,0.004407,0.007017
PG,2,216,-0.009606,0.007003
PG,2,217,0.003855,0.006989
PG,2,218,0.003913,0.006976
PG,2,219,-0.013484,0.006962
PG,2,220,0.007979,0.006948
PG,2,221,0.014595,0.006935
PG,2,222,-0.001858,0.006921
PG,2,223,-0.006039,0.006908
PG,2,224,0.015509,0.006894
PG,2,225,-0.024032,0.006881
PG,2,226,0.009265,0.006867
PG,2,227,-0.004808,0.006854
PG,2,228,-0.027836,0.006840
PG,2,229,-0.006654,0.006827
PG,2,230,-0.016983,0.006814
PG,2,231,0.018772,0.006800
PG,2,232,0.014240,0.006787
PG,2,233,-0.035328,0.006774
PG,2,234,-0.007576,0.006761
PG,2,235,-0.000573,0.006747
PG,2,236,0.003386,0.006734
PG,2,237,0.006697,0.006721
PG,2,238,-0.036895,0.006708
PG,2,239,-0.010676,0.006695
PG,2,240,-0.038763,0.006682
PG,2,241,-0.023066,0.006669
PG,2,242,-0.012333,0.006655
PG,2,243,-0.020992,0.006642
PG,2,244,-0.023186,0.006629
PG,2,245,-0.025393,0.006617
PG,2,246,-0.004094,0.006604
PG,2,247,0.012323,0.006591
PG,2,248,-0.028659,0.006578
PG,2,249,0.005478,0.006565
PG,2,250,0.005672,0.006552
PG,2,251,0.054452,0.006539
PG,2,252,0.039446,0.006527
PG,17,1,0.264932,0.271141
PG,17,2,0.205434,0.217543
PG,17,3,0.214655,0.222458
PG,17,4,0.160336,0.168197
PG,17,5,0.200466,0.196758
PG,17,6,0.191568,0.178073
PG,17,7,0.182029,0.184391
PG,17,8,0.113194,0.120972
PG,17,9,0.171789,0.170567
PG,17,10,0.147755,0.138811
PG,17,11,0.126332,0.113390
PG,17,12,0.146734,0.135884
PG,17,13,0.123490,0.117887
PG,17,14,0.130900,0.125844
PG,17,15,0.136058,0.125743
PG,17,16,0.149587,0.112292
PG,17,17,0.106572,0.096371
PG,17,18,0.082301,0.091227
PG,17,19,0.103883,0.090091
PG,17,20,0.085958,0.070183
PG,17,21,0.090808,0.101578
PG,17,22,0.077017,0.093090
PG,17,23,0.060185,0.077198
PG,17,24,0.067676,0.085262
PG,17,25,0.056966,0.058997
PG,17,26,0.081699,0.052533
PG,17,27,0.054338,0.052644
PG,17,28,0.033543,0.048051
PG,17,29,0.053480,0.042040
PG,17,30,0.054935,0.046230
PG,17,31,0.043483,0.045814
PG,17,32,0.015294,0.031938
PG,17,33,0.052622,0.044898
PG,17,34,0.006607,0.036018
PG,17,35,0.004133,0.027565
PG,17,36,0.013154,0.039713
PG,17,37,0.025173,0.034291
PG,17,38,0.006887,0.038564
PG,17,39,0.033095,0.044523
PG,17,40,0.013253,0.038649
PG,17,41,-0.003008,0.027450
PG,17,42,0.000469,0.025321
PG,17,43,0.019305,0.024009
PG,17,44,0.031456,0.021805
PG,17,45,0.018209,0.038139
PG,17,46,0.054220,0.038247
PG,17,47,0.053062,0.032088
PG,17,48,0.050642,0.032710
PG,17,49,0.041647,0.020191
PG,17,50,0.030119,0.014826
PG,17,51,0.019384,0.016927
PG,17,52,0.014947,0.015122
PG,17,53,0.012416,0.012129
PG,17,54,0.000239,0.014855
PG,17,55,0.015448,0.014230
PG,17,56,0.006876,0.010800
PG,17,57,0.013972,0.017205
PG,17,58,0.033326,0.014384
PG,17,59,0.037341,0.010813
PG,17,60,0.036317,0.015768
PG,17,61,0.011821,0.015353
PG,17,62,0.019098,0.018351
PG,17,63,0.085330,0.022996
PG,17,64,0.009609,0.019403
PG,17,65,0.001888,0.011846
PG,17,66,0.020073,0.009206
PG,17,67,-0.004055,0.008161
PG,17,68,0.023505,0.010595
PG,17,69,0.033379,0.021152
PG,17,70,0.004948,0.023634
PG,17,71,-0.025892,0.020590
PG,17,72,0.031826,0.018392
PG,17,73,0.002896,0.011162
PG,17,74,-0.000054,0.007536
PG,17,75,0.037571,0.009024
PG,17,76,0.003525,0.008170
PG,17,77,-0.009633,0.006190
PG,17,78,-0.000914,0.006985
PG,17,79,0.001470,0.006619
PG,17,80,-0.000384,0.006736
PG,17,81,-0.013163,0.010924
PG,17,82,0.003889,0.010434
PG,17,83,-0.016577,0.008509
PG,17,84,0.002081,0.010094
PG,17,85,-0.010081,0.010602
PG,17,86,-0.003263,0.013034
PG,17,87,0.009015,0.016169
PG,17,88,0.038938,0.013690
PG,17,89,0.037920,0.007971
PG,17,90,-0.012760,0.004821
PG,17,91,0.002971,0.004177
PG,17,92,-0.006747,0.007820
PG,17,93,0.011586,0.015649
PG,17,94,0.052288,0.018674
PG,17,95,0.023968,0.016837
PG,17,96,0.026209,0.013766
PG,17,97,0.051592,0.008862
PG,17,98,0.009310,0.006552
PG,17,99,0.018595,0.007516
PG,17,100,0.007828,0.006984
PG,17,101,0.004579,0.005203
PG,17,102,0.001376,0.004699
PG,17,103,0.042266,0.004568
PG,17,104,0.001937,0.006083
PG,17,105,0.006693,0.009580
PG,17,106,-0.000528,0.010137
PG,17,107,0.010140,0.008828
PG,17,108,0.013398,0.008751
PG,17,109,0.020908,0.009120
PG,17,110,0.018089,0.011123
PG,17,111,-0.020879,0.013287
PG,17,112,0.010734,0.011409
PG,17,113,0.000709,0.006717
PG,17,114,-0.008149,0.003397
PG,17,115,-0.002230,0.003029
PG,17,116,-0.019030,0.006883
PG,17,117,0.019591,0.013287
PG,17,118,0.020957,0.016311
PG,17,119,0.026099,0.014990
PG,17,120,-0.019675,0.011776
PG,17,121,-0.020943,0.008095
PG,17,122,0.011874,0.006667
PG,17,123,0.002642,0.007385
PG,17,124,0.018235,0.006926
PG,17,125,0.007673,0.005077
PG,17,126,0.013551,0.003807
PG,17,127,0.007697,0.003805
PG,17,128,0.060993,0.005954
PG,17,129,-0.009998,0.009310
PG,17,130,-0.001901,0.010408
PG,17,131,0.035818,0.009345
PG,17,132,-0.003261,0.008398
PG,17,133,0.014116,0.008419
PG,17,134,0.013325,0.010055
PG,17,135,-0.001150,0.011659
PG,17,136,-0.001026,0.010131
PG,17,137,0.019049,0.006070
PG,17,138,0.002358,0.002788
PG,17,139,-0.021342,0.002583
PG,17,140,-0.014120,0.006358
PG,17,141,0.005292,0.011942
PG,17,142,0.037559,0.014815
PG,17,143,0.036893,0.013732
PG,17,144,0.033907,0.010625
PG,17,145,0.018180,0.007679
PG,17,146,0.014916,0.006830
PG,17,147,0.028209,0.007468
PG,17,148,0.020732,0.006990
PG,17,149,0.050472,0.005006
PG,17,150,0.025708,0.003295
PG,17,151,-0.008313,0.003348
PG,17,152,0.041207,0.005818
PG,17,153,0.031458,0.009213
PG,17,154,0.037062,0.010620
PG,17,155,0.046039,0.009663
PG,17,156,0.043269,0.008236
PG,17,157,0.081513,0.007927
PG,17,158,0.037169,0.009258
PG,17,159,0.038752,0.010541
PG,17,160,0.017888,0.009234
PG,17,161,0.043718,0.005592
PG,17,162,0.036733,0.002436
PG,17,163,0.097500,0.002321
PG,17,164,0.042970,0.005945
PG,17,165,0.011750,0.011012
PG,17,166,0.015086,0.013711
PG,17,167,0.037033,0.012745
PG,17,168,0.016911,0.009810
PG,17,169,0.016145,0.007348
PG,17,170,0.018808,0.006880
PG,17,171,0.015355,0.007511
PG,17,172,0.007555,0.006985
PG,17,173,0.003315,0.004871
PG,17,174,0.000375,0.002906
PG,17,175,0.004386,0.002975
PG,17,176,0.002248,0.005619
PG,17,177,-0.003791,0.009094
PG,17,178,0.011107,0.010688
PG,17,179,0.005511,0.009782
PG,17,180,0.006436,0.008079
PG,17,181,-0.018167,0.007508
PG,17,182,0.005417,0.008597
PG,17,183,-0.002263,0.009692
PG,17,184,-0.003477,0.008532
PG,17,185,0.010836,0.005186
PG,17,186,-0.006036,0.002176
PG,17,187,-0.006170,0.002112
PG,17,188,0.000349,0.005583
PG,17,189,0.027145,0.010295
PG,17,190,0.018800,0.012834
PG,17,191,0.017079,0.011931
PG,17,192,-0.003305,0.009168
PG,17,193,-0.026328,0.007039
PG,17,194,-0.002143,0.006828
PG,17,195,-0.017958,0.007476
PG,17,196,-0.003686,0.006902
PG,17,197,-0.010938,0.004685
PG,17,198,-0.030243,0.002570
PG,17,199,-0.022092,0.002640
PG,17,200,0.006755,0.005378
PG,17,201,0.010366,0.008925
PG,17,202,0.006879,0.010635
PG,17,203,-0.006933,0.009758
PG,17,204,-0.008677,0.007894
PG,17,205,0.001406,0.007127
PG,17,206,0.001311,0.008031
PG,17,207,0.005734,0.009008
PG,17,208,0.019750,0.007954
PG,17,209,-0.015922,0.004827
PG,17,210,-0.005016,0.001955
PG,17,211,0.000156,0.001922
PG,17,212,-0.002924,0.005254
PG,17,213,0.011253,0.009709
PG,17,214,0.021029,0.012110
PG,17,215,0.004407,0.011245
PG,17,216,-0.009606,0.008631
PG,17,217,0.003855,0.006740
PG,17,218,0.003913,0.006705
PG,17,219,-0.013484,0.007373
PG,17,220,0.007979,0.006758
PG,17,221,0.014595,0.004467
PG,17,222,-0.001858,0.002267
PG,17,223,-0.006039,0.002332
PG,17,224,0.015509,0.005118
PG,17,225,-0.024032,0.008712
PG,17,226,0.009265,0.010495
PG,17,227,-0.004808,0.009638
PG,17,228,-0.027836,0.007680
PG,17,229,-0.006654,0.006773
PG,17,230,-0.016983,0.007537
PG,17,231,0.018772,0.008437
PG,17,232,0.014240,0.007462
PG,17,233,-0.035328,0.004503
PG,17,234,-0.007576,0.001754
PG,17,235,-0.000573,0.001739
PG,17,236,0.003386,0.004951
PG,17,237,0.006697,0.009208
PG,17,238,-0.036895,0.011496
PG,17,239,-0.010676,0.010656
PG,17,240,-0.038763,0.008167
PG,17,241,-0.023066,0.006450
PG,17,242,-0.012333,0.006535
PG,17,243,-0.020992,0.007220
PG,17,244,-0.023186,0.006573
PG,17,245,-0.025393,0.004236
PG,17,246,-0.004094,0.001990
PG,17,247,0.012323,0.002047
PG,17,248,-0.028659,0.004852
PG,17,249,0.005478,0.008471
PG,17,250,0.005672,0.010295
PG,17,251,0.054452,0.009456
PG,17,252,0.039446,0.007446
SO,2,1,0.356091,0.342071
SO,2,2,0.306496,0.354916
SO,2,3,0.395002,0.353736
SO,2,4,0.345164,0.345643
SO,2,5,0.309645,0.334302
SO,2,6,0.345277,0.321596
SO,2,7,0.340866,0.308483
SO,2,8,0.315689,0.295448
SO,2,9,0.284989,0.282728
SO,2,10,0.304658,0.270434
SO,2,11,0.273313,0.258611
SO,2,12,0.249108,0.247273
SO,2,13,0.205271,0.236415
SO,2,14,0.253968,0.226025
SO,2,15,0.221709,0.216088
SO,2,16,0.191395,0.206584
SO,2,17,0.233040,0.197498
SO,2,18,0.194268,0.188811
SO,2,19,0.128601,0.180505
SO,2,20,0.184517,0.172565
SO,2,21,0.158746,0.164973
SO,2,22,0.112781,0.157716
SO,2,23,0.151869,0.150778
SO,2,24,0.091954,0.144145
SO,2,25,0.124700,0.137804
SO,2,26,0.124935,0.131742
SO,2,27,0.079618,0.125947
SO,2,28,0.113497,0.120406
SO,2,29,0.096574,0.115109
SO,2,30,0.084009,0.110046
SO,2,31,0.076558,0.105205
SO,2,32,0.086319,0.100576
SO,2,33,0.079280,0.096152
SO,2,34,0.051487,0.091922
SO,2,35,0.079942,0.087878
SO,2,36,0.064378,0.084013
SO,2,37,0.057988,0.080317
SO,2,38,0.053040,0.076784
SO,2,39,0.054466,0.073406
SO,2,40,0.059800,0.070177
SO,2,41,0.031380,0.067089
SO,2,42,0.047927,0.064138
SO,2,43,0.092968,0.061317
SO,2,44,0.057136,0.058619
SO,2,45,0.073357,0.056041
SO,2,46,0.083414,0.053575
SO,2,47,0.049980,0.051218
SO,2,48,0.057256,0.048965
SO,2,49,0.051298,0.046811
SO,2,50,0.056966,0.044752
SO,2,51,0.060960,0.042783
SO,2,52,0.039211,0.040901
SO,2,53,0.079540,0.039102
SO,2,54,0.060961,0.037382
SO,2,55,0.071967,0.035737
SO,2,56,0.065497,0.034165
SO,2,57,0.050864,0.032662
SO,2,58,0.042916,0.031225
SO,2,59,0.030102,0.029852
SO,2,60,0.062142,0.028539
SO,2,61,0.053852,0.027283
SO,2,62,0.053435,0.026083
SO,2,63,0.065006,0.024936
SO,2,64,0.038465,0.023839
SO,2,65,0.053526,0.022790
SO,2,66,0.058350,0.021787
SO,2,67,0.029754,0.020829
SO,2,68,0.022336,0.019913
SO,2,69,0.043682,0.019037
SO,2,70,0.044709,0.018199
SO,2,71,0.055496,0.017399
SO,2,72,0.053218,0.016633
SO,2,73,0.040192,0.015902
SO,2,74,0.028458,0.015202
SO,2,75,0.049294,0.014533
SO,2,76,0.022322,0.013894
SO,2,77,0.015298,0.013283
SO,2,78,0.019752,0.012698
SO,2,79,0.027024,0.012140
SO,2,80,0.043774,0.011606
SO,2,81,0.025223,0.011095
SO,2,82,-0.001240,0.010607
SO,2,83,0.023759,0.010140
SO,2,84,0.017923,0.009694
SO,2,85,0.023798,0.009268
SO,2,86,0.006400,0.008860
SO,2,87,0.007223,0.008470
SO,2,88,0.025732,0.008098
SO,2,89,0.006614,0.007742
SO,2,90,-0.006921,0.007401
SO,2,91,0.028773,0.007075
SO,2,92,-0.017850,0.006764
SO,2,93,0.009431,0.006467
SO,2,94,0.011781,0.006182
SO,2,95,0.016611,0.005910
SO,2,96,0.001839,0.005650
SO,2,97,0.007313,0.005402
SO,2,98,0.019473,0.005164
SO,2,99,0.006414,0.004937
SO,2,100,-0.007133,0.004720
SO,2,101,0.019220,0.004512
SO,2,102,-0.006496,0.004314
SO,2,103,0.007338,0.004124
SO,2,104,-0.004655,0.003942
SO,2,105,0.005569,0.003769
SO,2,106,0.011120,0.003603
SO,2,107,-0.020081,0.003445
SO,2,108,-0.021918,0.003293
SO,2,109,-0.017123,0.003148
SO,2,110,-0.015943,0.003010
SO,2,111,0.009117,0.002877
SO,2,112,-0.014029,0.002751
SO,2,113,-0.011285,0.002630
SO,2,114,0.008895,0.002514
SO,2,115,-0.000383,0.002403
SO,2,116,-0.008751,0.002298
SO,2,117,-0.010344,0.002197
SO,2,118,0.005802,0.002100
SO,2,119,-0.006302,0.002008
SO,2,120,-0.013868,0.001919
SO,2,121,-0.016136,0.001835
SO,2,122,-0.009298,0.001754
SO,2,123,-0.003121,0.001677
SO,2,124,-0.013721,0.001603
SO,2,125,-0.003479,0.001533
SO,2,126,0.013065,0.001465
SO,2,127,-0.040039,0.001401
SO,2,128,-0.000518,0.001339
SO,2,129,-0.003017,0.001280
SO,2,130,0.011390,0.001224
SO,2,131,0.003105,0.001170
SO,2,132,-0.001866,0.001119
SO,2,133,-0.002275,0.001069
SO,2,134,0.019151,0.001022
SO,2,135,0.017809,0.000977
SO,2,136,0.023372,0.000934
SO,2,137,-0.002062,0.000893
SO,2,138,-0.001310,0.000854
SO,2,139,0.013072,0.000816
SO,2,140,0.001272,0.000781
SO,2,141,-0.016129,0.000746
SO,2,142,0.012269,0.000713
SO,2,143,0.006458,0.000682
SO,2,144,0.004946,0.000652
SO,2,145,0.020101,0.000623
SO,2,146,0.022052,0.000596
SO,2,147,0.007785,0.000570
SO,2,148,0.031272,0.000545
SO,2,149,0.030481,0.000521
SO,2,150,0.024894,0.000498
SO,2,151,0.022249,0.000476
SO,2,152,0.037621,0.000455
SO,2,153,0.017289,0.000435
SO,2,154,0.038310,0.000416
SO,2,155,0.024910,0.000397
SO,2,156,0.024995,0.000380
SO,2,157,0.021891,0.000363
SO,2,158,0.011319,0.000347
SO,2,159,0.033371,0.000332
SO,2,160,0.048728,0.000317
SO,2,161,0.027792,0.000303
SO,2,162,0.048004,0.000290
SO,2,163,0.007526,0.000277
SO,2,164,0.017231,0.000265
SO,2,165,0.031521,0.000253
SO,2,166,0.029078,0.000242
SO,2,167,-0.001024,0.000232
SO,2,168,0.025842,0.000221
SO,2,169,0.012657,0.000212
SO,2,170,-0.002230,0.000202
SO,2,171,-0.002473,0.000194
SO,2,172,-0.009224,0.000185
SO,2,173,-0.002613,0.000177
SO,2,174,-0.000549,0.000169
SO,2,175,0.000128,0.000162
SO,2,176,0.003971,0.000155
SO,2,177,0.014826,0.000148
SO,2,178,-0.005138,0.000141
SO,2,179,-0.018588,0.000135
SO,2,180,-0.018613,0.000129
SO,2,181,-0.014591,0.000123
SO,2,182,-0.018250,0.000118
SO,2,183,-0.026635,0.000113
SO,2,184,-0.015449,0.000108
SO,2,185,0.016086,0.000103
SO,2,186,-0.005676,0.000099
SO,2,187,-0.033230,0.000094
SO,2,188,-0.025912,0.000090
SO,2,189,-0.014565,0.000086
SO,2,190,0.001343,0.000082
SO,2,191,-0.002233,0.000079
SO,2,192,-0.021396,0.000075
SO,2,193,-0.005041,0.000072
SO,2,194,-0.000784,0.000069
SO,2,195,-0.017844,0.000066
SO,2,196,-0.019457,0.000063
SO,2,197,0.010707,0.000060
SO,2,198,-0.003057,0.000057
SO,2,199,-0.009850,0.000055
SO,2,200,0.004500,0.000052
SO,2,201,0.016195,0.000050
SO,2,202,0.026540,0.000048
SO,2,203,-0.016138,0.000046
SO,2,204,0.003471,0.000044
SO,2,205,0.022987,0.000042
SO,2,206,-0.019341,0.000040
SO,2,207,0.005909,0.000038
SO,2,208,0.001075,0.000037
SO,2,209,0.002414,0.000035
SO,2,210,0.011609,0.000033
SO,2,211,0.018139,0.000032
SO,2,212,-0.000567,0.000031
SO,2,213,0.015112,0.000029
SO,2,214,-0.013790,0.000028
SO,2,215,0.009412,0.000027
SO,2,216,0.004786,0.000026
SO,2,217,0.006059,0.000024
SO,2,218,0.000173,0.000023
SO,2,219,0.002746,0.000022
SO,2,220,-0.001826,0.000021
SO,2,221,-0.006311,0.000020
SO,2,222,-0.001993,0.000020
SO,2,223,0.004823,0.000019
SO,2,224,-0.028051,0.000018
SO,2,225,-0.018068,0.000017
SO,2,226,-0.012148,0.000016
SO,2,227,0.004032,0.000016
SO,2,228,-0.024290,0.000015
SO,2,229,-0.045628,0.000014
SO,2,230,-0.018408,0.000014
SO,2,231,-0.019092,0.000013
SO,2,232,-0.026771,0.000012
SO,2,233,-0.027769,0.000012
SO,2,234,-0.012603,0.000011
SO,2,235,-0.038098,0.000011
SO,2,236,-0.031846,0.000010
SO,2,237,-0.042977,0.000010
SO,2,238,-0.049572,0.000009
SO,2,239,-0.037025,0.000009
SO,2,240,-0.019122,0.000009
SO,2,241,-0.028585,0.000008
SO,2,242,-0.029403,0.000008
SO,2,243,-0.032896,0.000008
SO,2,244,-0.043850,0.000007
SO,2,245,-0.026800,0.000007
SO,2,246,-0.015316,0.000007
SO,2,247,-0.022838,0.000006
SO,2,248,0.003114,0.000006
SO,2,249,-0.031090,0.000006
SO,2,250,-0.020166,0.000006
SO,2,251,-0.013577,0.000005
SO,2,252,-0.040191,0.000005
SO,17,1,0.356091,0.359945
SO,17,2,0.306496,0.307686
SO,17,3,0.395002,0.390964
SO,17,4,0.345164,0.340486
SO,17,5,0.309645,0.301303
SO,17,6,0.345277,0.357467
SO,17,7,0.340866,0.340763
SO,17,8,0.315689,0.328505
SO,17,9,0.284989,0.285676
SO,17,10,0.304658,0.278209
SO,17,11,0.273313,0.286029
SO,17,12,0.249108,0.243907
SO,17,13,0.205271,0.218323
SO,17,14,0.253968,0.251147
SO,17,15,0.221709,0.218920
SO,17,16,0.191395,0.201892
SO,17,17,0.233040,0.213021
SO,17,18,0.194268,0.181763
SO,17,19,0.128601,0.158322
SO,17,20,0.184517,0.167526
SO,17,21,0.158746,0.132665
SO,17,22,0.112781,0.122239
SO,17,23,0.151869,0.136119
SO,17,24,0.091954,0.114589
SO,17,25,0.124700,0.104574
SO,17,26,0.124935,0.120428
SO,17,27,0.079618,0.100621
SO,17,28,0.113497,0.094498
SO,17,29,0.096574,0.107035
SO,17,30,0.084009,0.094173
SO,17,31,0.076558,0.088941
SO,17,32,0.086319,0.099704
SO,17,33,0.079280,0.083688
SO,17,34,0.051487,0.076357
SO,17,35,0.079942,0.081988
SO,17,36,0.064378,0.069677
SO,17,37,0.057988,0.065933
SO,17,38,0.053040,0.076532
SO,17,39,0.054466,0.069457
SO,17,40,0.059800,0.067847
SO,17,41,0.031380,0.073677
SO,17,42,0.047927,0.063686
SO,17,43,0.092968,0.057774
SO,17,44,0.057136,0.061558
SO,17,45,0.073357,0.054240
SO,17,46,0.083414,0.053183
SO,17,47,0.049980,0.059471
SO,17,48,0.057256,0.054734
SO,17,49,0.051298,0.051945
SO,17,50,0.056966,0.054197
SO,17,51,0.060960,0.047025
SO,17,52,0.039211,0.044096
SO,17,53,0.079540,0.047722
SO,17,54,0.060961,0.045199
SO,17,55,0.071967,0.045373
SO,17,56,0.065497,0.049004
SO,17,57,0.050864,0.044413
SO,17,58,0.042916,0.040839
SO,17,59,0.030102,0.040662
SO,17,60,0.062142,0.036183
SO,17,61,0.053852,0.035278
SO,17,62,0.053435,0.039015
SO,17,63,0.065006,0.038360
SO,17,64,0.038465,0.038384
SO,17,65,0.053526,0.039314
SO,17,66,0.058350,0.034949
SO,17,67,0.029754,0.031592
SO,17,68,0.022336,0.031489
SO,17,69,0.043682,0.029692
SO,17,70,0.044709,0.030487
SO,17,71,0.055496,0.033485
SO,17,72,0.053218,0.032754
SO,17,73,0.040192,0.031355
SO,17,74,0.028458,0.030248
SO,17,75,0.049294,0.026454
SO,17,76,0.022322,0.024478
SO,17,77,0.015298,0.025505
SO,17,78,0.019752,0.025876
SO,17,79,0.027024,0.027217
SO,17,80,0.043774,0.028768
SO,17,81,0.025223,0.026946
SO,17,82,-0.001240,0.024379
SO,17,83,0.023759,0.022525
SO,17,84,0.017923,0.020200
SO,17,85,0.023798,0.020035
SO,17,86,0.006400,0.022086
SO,17,87,0.007223,0.023184
SO,17,88,0.025732,0.023759
SO,17,89,0.006614,0.023401
SO,17,90,-0.006921,0.020641
SO,17,91,0.028773,0.017960
SO,17,92,-0.017850,0.016846
SO,17,93,0.009431,0.016478
SO,17,94,0.011781,0.017784
SO,17,95,0.016611,0.019887
SO,17,96,0.001839,0.020292
SO,17,97,0.007313,0.019336
SO,17,98,0.019473,0.017472
SO,17,99,0.006414,0.014692
SO,17,100,-0.007133,0.013092
SO,17,101,0.019220,0.013485
SO,17,102,-0.006496,0.014684
SO,17,103,0.007338,0.016353
SO,17,104,-0.004655,0.017388
SO,17,105,0.005569,0.016346
SO,17,106,0.011120,0.014127
SO,17,107,-0.020081,0.011899
SO,17,108,-0.021918,0.010234
SO,17,109,-0.017123,0.010325
SO,17,110,-0.015943,0.011983
SO,17,111,0.009117,0.013591
SO,17,112,-0.014029,0.014373
SO,17,113,-0.011285,0.013736
SO,17,114,0.008895,0.011488
SO,17,115,-0.000383,0.009064
SO,17,116,-0.008751,0.007745
SO,17,117,-0.010344,0.007798
SO,17,118,0.005802,0.009267
SO,17,119,-0.006302,0.011152
SO,17,120,-0.013868,0.011901
SO,17,121,-0.016136,0.011121
SO,17,122,-0.009298,0.009134
SO,17,123,-0.003121,0.006704
SO,17,124,-0.013721,0.005273
SO,17,125,-0.003479,0.005539
SO,17,126,0.013065,0.006985
SO,17,127,-0.040039,0.008758
SO,17,128,-0.000518,0.009684
SO,17,129,-0.003017,0.008897
SO,17,130,0.011390,0.006837
SO,17,131,0.003105,0.004576
SO,17,132,-0.001866,0.003145
SO,17,133,-0.002275,0.003340
SO,17,134,0.019151,0.004913
SO,17,135,0.017809,0.006673
SO,17,136,0.023372,0.007537
SO,17,137,-0.002062,0.006871
SO,17,138,-0.001310,0.004821
SO,17,139,0.013072,0.002528
SO,17,140,0.001272,0.001204
SO,17,141,-0.016129,0.001399
SO,17,142,0.012269,0.002925
SO,17,143,0.006458,0.004761
SO,17,144,0.004946,0.005622
SO,17,145,0.020101,0.004930
SO,17,146,0.022052,0.002967
SO,17,147,0.007785,0.000690
SO,17,148,0.031272,-0.000649
SO,17,149,0.030481,-0.000390
SO,17,150,0.024894,0.001132
SO,17,151,0.022249,0.002939
SO,17,152,0.037621,0.003852
SO,17,153,0.017289,0.003169
SO,17,154,0.038310,0.001203
SO,17,155,0.024910,-0.001011
SO,17,156,0.024995,-0.002337
SO,17,157,0.021891,-0.002090
SO,17,158,0.011319,-0.000532
SO,17,159,0.033371,0.001271
SO,17,160,0.048728,0.002172
SO,17,161,0.027792,0.001531
SO,17,162,0.048004,-0.000417
SO,17,163,0.007526,-0.002623
SO,17,164,0.017231,-0.003907
SO,17,165,0.031521,-0.003654
SO,17,166,0.029078,-0.002109
SO,17,167,-0.001024,-0.000286
SO,17,168,0.025842,0.000618
SO,17,169,0.012657,-0.000020
SO,17,170,-0.002230,-0.001930
SO,17,171,-0.002473,-0.004116
SO,17,172,-0.009224,-0.005392
SO,17,173,-0.002613,-0.005116
SO,17,174,-0.000549,-0.003572
SO,17,175,0.000128,-0.001758
SO,17,176,0.003971,-0.000838
SO,17,177,0.014826,-0.001464
SO,17,178,-0.005138,-0.003360
SO,17,179,-0.018588,-0.005514
SO,17,180,-0.018613,-0.006775
SO,17,181,-0.014591,-0.006498
SO,17,182,-0.018250,-0.004944
SO,17,183,-0.026635,-0.003133
SO,17,184,-0.015449,-0.002214
SO,17,185,0.016086,-0.002820
SO,17,186,-0.005676,-0.004698
SO,17,187,-0.033230,-0.006835
SO,17,188,-0.025912,-0.008074
SO,17,189,-0.014565,-0.007790
SO,17,190,0.001343,-0.006241
SO,17,191,-0.002233,-0.004425
SO,17,192,-0.021396,-0.003504
SO,17,193,-0.005041,-0.004102
SO,17,194,-0.000784,-0.005956
SO,17,195,-0.017844,-0.008073
SO,17,196,-0.019457,-0.009299
SO,17,197,0.010707,-0.009005
SO,17,198,-0.003057,-0.007457
SO,17,199,-0.009850,-0.005646
SO,17,200,0.004500,-0.004719
SO,17,201,0.016195,-0.005306
SO,17,202,0.026540,-0.007144
SO,17,203,-0.016138,-0.009238
SO,17,204,0.003471,-0.010450
SO,17,205,0.022987,-0.010152
SO,17,206,-0.019341,-0.008603
SO,17,207,0.005909,-0.006795
SO,17,208,0.001075,-0.005868
SO,17,209,0.002414,-0.006442
SO,17,210,0.011609,-0.008262
SO,17,211,0.018139,-0.010338
SO,17,212,-0.000567,-0.011534
SO,17,213,0.015112,-0.011231
SO,17,214,-0.013790,-0.009684
SO,17,215,0.009412,-0.007879
SO,17,216,0.004786,-0.006949
SO,17,217,0.006059,-0.007514
SO,17,218,0.000173,-0.009316
SO,17,219,0.002746,-0.011373
SO,17,220,-0.001826,-0.012557
SO,17,221,-0.006311,-0.012247
SO,17,222,-0.001993,-0.010703
SO,17,223,0.004823,-0.008902
SO,17,224,-0.028051,-0.007970
SO,17,225,-0.018068,-0.008525
SO,17,226,-0.012148,-0.010310
SO,17,227,0.004032,-0.012349
SO,17,228,-0.024290,-0.013519
SO,17,229,-0.045628,-0.013206
SO,17,230,-0.018408,-0.011664
SO,17,231,-0.019092,-0.009866
SO,17,232,-0.026771,-0.008934
SO,17,233,-0.027769,-0.009480
SO,17,234,-0.012603,-0.011248
SO,17,235,-0.038098,-0.013270
SO,17,236,-0.031846,-0.014427
SO,17,237,-0.042977,-0.014109
SO,17,238,-0.049572,-0.012570
SO,17,239,-0.037025,-0.010776
SO,17,240,-0.019122,-0.009844
SO,17,241,-0.028585,-0.010380
SO,17,242,-0.029403,-0.012133
SO,17,243,-0.032896,-0.014137
SO,17,244,-0.043850,-0.015281
SO,17,245,-0.026800,-0.014960
SO,17,246,-0.015316,-0.013424
SO,17,247,-0.022838,-0.011635
SO,17,248,0.003114,-0.010702
SO,17,249,-0.031090,-0.011230
SO,17,250,-0.020166,-0.012967
SO,17,251,-0.013577,-0.014954
SO,17,252,-0.040191,-0.016087
SPY,2,1,0.303998,0.334992
SPY,2,2,0.265806,0.317994
SPY,2,3,0.321851,0.302382
SPY,2,4,0.285502,0.288027
SPY,2,5,0.266323,0.274815
SPY,2,6,0.244566,0.262640
SPY,2,7,0.243670,0.251407
SPY,2,8,0.280725,0.241031
SPY,2,9,0.263745,0.231434
SPY,2,10,0.273519,0.222544
SPY,2,11,0.202368,0.214299
SPY,2,12,0.206449,0.206640
SPY,2,13,0.223959,0.199515
SPY,2,14,0.199772,0.192876
SPY,2,15,0.207387,0.186681
SPY,2,16,0.152530,0.180889
SPY,2,17,0.239427,0.175465
SPY,2,18,0.219198,0.170378
SPY,2,19,0.157480,0.165598
SPY,2,20,0.198966,0.161099
SPY,2,21,0.154470,0.156857
SPY,2,22,0.160138,0.152850
SPY,2,23,0.180012,0.149058
SPY,2,24,0.125883,0.145464
SPY,2,25,0.143893,0.142051
SPY,2,26,0.147086,0.138805
SPY,2,27,0.126017,0.135712
SPY,2,28,0.115055,0.132759
SPY,2,29,0.160841,0.129937
SPY,2,30,0.134633,0.127234
SPY,2,31,0.120132,0.124643
SPY,2,32,0.107857,0.122154
SPY,2,33,0.120563,0.119759
SPY,2,34,0.100518,0.117453
SPY,2,35,0.110022,0.115229
SPY,2,36,0.115586,0.113081
SPY,2,37,0.104549,0.111004
SPY,2,38,0.119187,0.108993
SPY,2,39,0.127204,0.107044
SPY,2,40,0.090957,0.105153
SPY,2,41,0.102924,0.103317
SPY,2,42,0.103971,0.101532
SPY,2,43,0.099034,0.099795
SPY,2,44,0.062385,0.098104
SPY,2,45,0.085119,0.096455
SPY,2,46,0.121860,0.094848
SPY,2,47,0.047420,0.093278
SPY,2,48,0.069710,0.091746
SPY,2,49,0.093801,0.090248
SPY,2,50,0.058377,0.088784
SPY,2,51,0.078365,0.087351
SPY,2,52,0.068912,0.085949
SPY,2,53,0.075585,0.084575
SPY,2,54,0.063397,0.083230
SPY,2,55,0.086629,0.081911
SPY,2,56,0.072342,0.080618
SPY,2,57,0.062963,0.079350
SPY,2,58,0.067014,0.078106
SPY,2,59,0.082887,0.076885
SPY,2,60,0.042766,0.075686
SPY,2,61,0.057021,0.074509
SPY,2,62,0.052158,0.073353
SPY,2,63,0.084939,0.072217
SPY,2,64,0.039744,0.071101
SPY,2,65,0.045747,0.070004
SPY,2,66,0.054883,0.068927
SPY,2,67,0.033610,0.067867
SPY,2,68,0.057867,0.066825
SPY,2,69,0.039233,0.065800
SPY,2,70,0.037774,0.064793
SPY,2,71,0.037034,0.063802
SPY,2,72,0.071744,0.062827
SPY,2,73,0.033274,0.061868
SPY,2,74,0.043520,0.060924
SPY,2,75,0.059158,0.059995
SPY,2,76,0.070038,0.059082
SPY,2,77,0.042507,0.058182
SPY,2,78,0.034245,0.057297
SPY,2,79,0.043973,0.056426
SPY,2,80,0.026114,0.055569
SPY,2,81,0.040596,0.054725
SPY,2,82,0.048785,0.053895
SPY,2,83,0.019834,0.053077
SPY,2,84,0.023015,0.052272
SPY,2,85,0.034832,0.051479
SPY,2,86,0.020507,0.050699
SPY,2,87,0.022096,0.049931
SPY,2,88,0.034893,0.049174
SPY,2,89,0.017018,0.048430
SPY,2,90,0.037632,0.047696
SPY,2,91,0.033478,0.046974
SPY,2,92,0.055344,0.046263
SPY,2,93,0.016402,0.045563
SPY,2,94,0.047130,0.044874
SPY,2,95,0.047546,0.044195
SPY,2,96,0.034955,0.043527
SPY,2,97,0.070677,0.042868
SPY,2,98,0.045516,0.042220
SPY,2,99,0.040263,0.041582
SPY,2,100,0.053973,0.040953
SPY,2,101,0.056435,0.040334
SPY,2,102,0.052883,0.039724
SPY,2,103,0.053896,0.039124
SPY,2,104,0.030908,0.038533
SPY,2,105,0.064175,0.037950
SPY,2,106,0.052961,0.037377
SPY,2,107,0.044245,0.036812
SPY,2,108,0.019133,0.036256
SPY,2,109,0.048870,0.035708
SPY,2,110,0.017041,0.035168
SPY,2,111,0.041729,0.034637
SPY,2,112,0.021379,0.034114
SPY,2,113,0.045576,0.033598
SPY,2,114,0.037471,0.033091
SPY,2,115,0.044414,0.032591
SPY,2,116,0.051083,0.032099
SPY,2,117,0.046037,0.031614
SPY,2,118,0.036782,0.031136
SPY,2,119,0.059580,0.030666
SPY,2,120,0.069450,0.030203
SPY,2,121,0.058898,0.029746
SPY,2,122,0.053769,0.029297
SPY,2,123,0.041312,0.028855
SPY,2,124,0.052669,0.028419
SPY,2,125,0.036047,0.027990
SPY,2,126,0.049399,0.027567
SPY,2,127,0.039186,0.027150
SPY,2,128,0.038015,0.026740
SPY,2,129,0.057600,0.026337
SPY,2,130,0.057485,0.025939
SPY,2,131,0.073658,0.025547
SPY,2,132,0.028225,0.025161
SPY,2,133,0.039541,0.024781
SPY,2,134,0.043609,0.024407
SPY,2,135,0.033511,0.024038
SPY,2,136,0.040730,0.023675
SPY,2,137,0.025282,0.023318
SPY,2,138,0.064754,0.022966
SPY,2,139,0.049680,0.022619
SPY,2,140,0.036209,0.022277
SPY,2,141,0.033726,0.021941
SPY,2,142,0.041391,0.021609
SPY,2,143,0.041777,0.021283
SPY,2,144,0.040085,0.020962
SPY,2,145,0.043429,0.020645
SPY,2,146,0.051115,0.020333
SPY,2,147,-0.001369,0.020026
SPY,2,148,0.039868,0.019724
SPY,2,149,0.041661,0.019426
SPY,2,150,0.027416,0.019132
SPY,2,151,0.074004,0.018844
SPY,2,152,0.050720,0.018559
SPY,2,153,0.046838,0.018279
SPY,2,154,0.043677,0.018003
SPY,2,155,0.041386,0.017731
SPY,2,156,0.053274,0.017463
SPY,2,157,0.030806,0.017199
SPY,2,158,0.047198,0.016940
SPY,2,159,0.034973,0.016684
SPY,2,160,0.064257,0.016432
SPY,2,161,0.064303,0.016184
SPY,2,162,0.046570,0.015939
SPY,2,163,0.040868,0.015698
SPY,2,164,0.031698,0.015461
SPY,2,165,0.028639,0.015228
SPY,2,166,0.024086,0.014998
SPY,2,167,0.015889,0.014771
SPY,2,168,0.048155,0.014548
SPY,2,169,0.048555,0.014329
SPY,2,170,0.039548,0.014112
SPY,2,171,0.026574,0.013899
SPY,2,172,0.049866,0.013689
SPY,2,173,0.046146,0.013483
SPY,2,174,0.041322,0.013279
SPY,2,175,0.000719,0.013078
SPY,2,176,0.033953,0.012881
SPY,2,177,0.033782,0.012686
SPY,2,178,0.004622,0.012495
SPY,2,179,0.028782,0.012306
SPY,2,180,0.000037,0.012120
SPY,2,181,0.003123,0.011937
SPY,2,182,0.031563,0.011757
SPY,2,183,0.017717,0.011579
SPY,2,184,-0.005650,0.011404
SPY,2,185,0.001488,0.011232
SPY,2,186,-0.012262,0.011063
SPY,2,187,0.007432,0.010896
SPY,2,188,-0.000409,0.010731
SPY,2,189,0.009518,0.010569
SPY,2,190,-0.002145,0.010409
SPY,2,191,0.000022,0.010252
SPY,2,192,0.010049,0.010097
SPY,2,193,-0.001942,0.009945
SPY,2,194,0.003816,0.009795
SPY,2,195,-0.001266,0.009647
SPY,2,196,-0.006393,0.009501
SPY,2,197,0.019179,0.009358
SPY,2,198,0.019564,0.009216
SPY,2,199,0.005523,0.009077
SPY,2,200,-0.006798,0.008940
SPY,2,201,0.022728,0.008805
SPY,2,202,0.011230,0.008672
SPY,2,203,0.034612,0.008541
SPY,2,204,0.019434,0.008412
SPY,2,205,-0.009855,0.008285
SPY,2,206,0.022973,0.008160
SPY,2,207,0.018159,0.008037
SPY,2,208,0.013256,0.007915
SPY,2,209,0.007002,0.007796
SPY,2,210,-0.007056,0.007678
SPY,2,211,0.031327,0.007562
SPY,2,212,0.015482,0.007448
SPY,2,213,-0.008029,0.007335
SPY,2,214,0.026950,0.007225
SPY,2,215,0.004270,0.007116
SPY,2,216,0.023425,0.007008
SPY,2,217,0.015012,0.006902
SPY,2,218,-0.000575,0.006798
SPY,2,219,0.002315,0.006695
SPY,2,220,-0.022319,0.006594
SPY,2,221,0.019910,0.006495
SPY,2,222,-0.003597,0.006397
SPY,2,223,-0.013268,0.006300
SPY,2,224,0.009466,0.006205
SPY,2,225,-0.017143,0.006111
SPY,2,226,-0.017807,0.006019
SPY,2,227,-0.019368,0.005928
SPY,2,228,-0.022984,0.005838
SPY,2,229,-0.026825,0.005750
SPY,2,230,-0.041411,0.005663
SPY,2,231,-0.014924,0.005578
SPY,2,232,-0.027954,0.005494
SPY,2,233,-0.040089,0.005411
SPY,2,234,-0.016867,0.005329
SPY,2,235,-0.022402,0.005249
SPY,2,236,-0.033969,0.005169
SPY,2,237,-0.018111,0.005091
SPY,2,238,-0.051892,0.005014
SPY,2,239,-0.018136,0.004939
SPY,2,240,-0.027108,0.004864
SPY,2,241,-0.042142,0.004791
SPY,2,242,-0.012879,0.004718
SPY,2,243,-0.052844,0.004647
SPY,2,244,-0.031261,0.004577
SPY,2,245,-0.026874,0.004508
SPY,2,246,-0.036787,0.004440
SPY,2,247,-0.044761,0.004373
SPY,2,248,-0.022229,0.004306
SPY,2,249,-0.025158,0.004241
SPY,2,250,-0.043995,0.004177
SPY,2,251,-0.025132,0.004114
SPY,2,252,-0.040979,0.004052
SPY,17,1,0.303998,0.305832
SPY,17,2,0.265806,0.263221
SPY,17,3,0.321851,0.325903
SPY,17,4,0.285502,0.279955
SPY,17,5,0.266323,0.271055
SPY,17,6,0.244566,0.243354
SPY,17,7,0.243670,0.241618
SPY,17,8,0.280725,0.282239
SPY,17,9,0.263745,0.263177
SPY,17,10,0.273519,0.273265
SPY,17,11,0.202368,0.210363
SPY,17,12,0.206449,0.201311
SPY,17,13,0.223959,0.222199
SPY,17,14,0.199772,0.206784
SPY,17,15,0.207387,0.211289
SPY,17,16,0.152530,0.179843
SPY,17,17,0.239427,0.213264
SPY,17,18,0.219198,0.205826
SPY,17,19,0.157480,0.174814
SPY,17,20,0.198966,0.176683
SPY,17,21,0.154470,0.163353
SPY,17,22,0.160138,0.176847
SPY,17,23,0.180012,0.135197
SPY,17,24,0.125883,0.129363
SPY,17,25,0.143893,0.145817
SPY,17,26,0.147086,0.135812
SPY,17,27,0.126017,0.137643
SPY,17,28,0.115055,0.117288
SPY,17,29,0.160841,0.142989
SPY,17,30,0.134633,0.140163
SPY,17,31,0.120132,0.119822
SPY,17,32,0.107857,0.121693
SPY,17,33,0.120563,0.113948
SPY,17,34,0.100518,0.124618
SPY,17,35,0.110022,0.097557
SPY,17,36,0.115586,0.093933
SPY,17,37,0.104549,0.104656
SPY,17,38,0.119187,0.097342
SPY,17,39,0.127204,0.098321
SPY,17,40,0.090957,0.084370
SPY,17,41,0.102924,0.101791
SPY,17,42,0.103971,0.100644
SPY,17,43,0.099034,0.088502
SPY,17,44,0.062385,0.091683
SPY,17,45,0.085119,0.088359
SPY,17,46,0.121860,0.097792
SPY,17,47,0.047420,0.081806
SPY,17,48,0.069710,0.081118
SPY,17,49,0.093801,0.089333
SPY,17,50,0.058377,0.084960
SPY,17,51,0.078365,0.085970
SPY,17,52,0.068912,0.076254
SPY,17,53,0.075585,0.087174
SPY,17,54,0.063397,0.085433
SPY,17,55,0.086629,0.076341
SPY,17,56,0.072342,0.077378
SPY,17,57,0.062963,0.073709
SPY,17,58,0.067014,0.078790
SPY,17,59,0.082887,0.066878
SPY,17,60,0.042766,0.065243
SPY,17,61,0.057021,0.069538
SPY,17,62,0.052158,0.065617
SPY,17,63,0.084939,0.065808
SPY,17,64,0.039744,0.058962
SPY,17,65,0.045747,0.066296
SPY,17,66,0.054883,0.065553
SPY,17,67,0.033610,0.060359
SPY,17,68,0.057867,0.062208
SPY,17,69,0.039233,0.060887
SPY,17,70,0.037774,0.065635
SPY,17,71,0.037034,0.058950
SPY,17,72,0.071744,0.058956
SPY,17,73,0.033274,0.062570
SPY,17,74,0.043520,0.060373
SPY,17,75,0.059158,0.060739
SPY,17,76,0.070038,0.055918
SPY,17,77,0.042507,0.060261
SPY,17,78,0.034245,0.058925
SPY,17,79,0.043973,0.054460
SPY,17,80,0.026114,0.054538
SPY,17,81,0.040596,0.052264
SPY,17,82,0.048785,0.054130
SPY,17,83,0.019834,0.048385
SPY,17,84,0.023015,0.047223
SPY,17,85,0.034832,0.048589
SPY,17,86,0.020507,0.046306
SPY,17,87,0.022096,0.046124
SPY,17,88,0.034893,0.042693
SPY,17,89,0.017018,0.045710
SPY,17,90,0.037632,0.045230
SPY,17,91,0.033478,0.042969
SPY,17,92,0.055344,0.043945
SPY,17,93,0.016402,0.043387
SPY,17,94,0.047130,0.045711
SPY,17,95,0.047546,0.042898
SPY,17,96,0.034955,0.043023
SPY,17,97,0.070677,0.044605
SPY,17,98,0.045516,0.043499
SPY,17,99,0.040263,0.043590
SPY,17,100,0.053973,0.041155
SPY,17,101,0.056435,0.042751
SPY,17,102,0.052883,0.041748
SPY,17,103,0.053896,0.039369
SPY,17,104,0.030908,0.038993
SPY,17,105,0.064175,0.037433
SPY,17,106,0.052961,0.037821
SPY,17,107,0.044245,0.034809
SPY,17,108,0.019133,0.033871
SPY,17,109,0.048870,0.034048
SPY,17,110,0.017041,0.032646
SPY,17,111,0.041729,0.032345
SPY,17,112,0.021379,0.030585
SPY,17,113,0.045576,0.031794
SPY,17,114,0.037471,0.031518
SPY,17,115,0.044414,0.030557
SPY,17,116,0.051083,0.031101
SPY,17,117,0.046037,0.030916
SPY,17,118,0.036782,0.032101
SPY,17,119,0.059580,0.030972
SPY,17,120,0.069450,0.031128
SPY,17,121,0.058898,0.031851
SPY,17,122,0.053769,0.031311
SPY,17,123,0.041312,0.031300
SPY,17,124,0.052669,0.030034
SPY,17,125,0.036047,0.030509
SPY,17,126,0.049399,0.029760
SPY,17,127,0.039186,0.028375
SPY,17,128,0.038015,0.027850
SPY,17,129,0.057600,0.026724
SPY,17,130,0.057485,0.026508
SPY,17,131,0.073658,0.024778
SPY,17,132,0.028225,0.024004
SPY,17,133,0.039541,0.023748
SPY,17,134,0.043609,0.022837
SPY,17,135,0.033511,0.022522
SPY,17,136,0.040730,0.021586
SPY,17,137,0.025282,0.022049
SPY,17,138,0.064754,0.021909
SPY,17,139,0.049680,0.021538
SPY,17,140,0.036209,0.021882
SPY,17,141,0.033726,0.021893
SPY,17,142,0.041391,0.022556
SPY,17,143,0.041777,0.022173
SPY,17,144,0.040085,0.022342
SPY,17,145,0.043429,0.022712
SPY,17,146,0.051115,0.022465
SPY,17,147,-0.001369,0.022426
SPY,17,148,0.039868,0.021741
SPY,17,149,0.041661,0.021779
SPY,17,150,0.027416,0.021213
SPY,17,151,0.074004,0.020330
SPY,17,152,0.050720,0.019798
SPY,17,153,0.046838,0.018954
SPY,17,154,0.043677,0.018532
SPY,17,155,0.041386,0.017440
SPY,17,156,0.053274,0.016801
SPY,17,157,0.030806,0.016421
SPY,17,158,0.047198,0.015795
SPY,17,159,0.034973,0.015509
SPY,17,160,0.064257,0.014987
SPY,17,161,0.064303,0.015151
SPY,17,162,0.046570,0.015099
SPY,17,163,0.040868,0.014996
SPY,17,164,0.031698,0.015250
SPY,17,165,0.028639,0.015361
SPY,17,166,0.024086,0.015786
SPY,17,167,0.015889,0.015734
SPY,17,168,0.048155,0.015910
SPY,17,169,0.048555,0.016136
SPY,17,170,0.039548,0.016043
SPY,17,171,0.026574,0.016006
SPY,17,172,0.049866,0.015617
SPY,17,173,0.046146,0.015501
SPY,17,174,0.041322,0.015067
SPY,17,175,0.000719,0.014456
SPY,17,176,0.033953,0.013973
SPY,17,177,0.033782,0.013322
SPY,17,178,0.004622,0.012863
SPY,17,179,0.028782,0.012112
SPY,17,180,0.000037,0.011586
SPY,17,181,0.003123,0.011203
SPY,17,182,0.031563,0.010751
SPY,17,183,0.017717,0.010507
SPY,17,184,-0.005650,0.010200
SPY,17,185,0.001488,0.010252
SPY,17,186,-0.012262,0.010252
SPY,17,187,0.007432,0.010273
SPY,17,188,-0.000409,0.010484
SPY,17,189,0.009518,0.010643
SPY,17,190,-0.002145,0.010955
SPY,17,191,0.000022,0.011047
SPY,17,192,0.010049,0.011223
SPY,17,193,-0.001942,0.011390
SPY,17,194,0.003816,0.011378
SPY,17,195,-0.001266,0.011354
SPY,17,196,-0.006393,0.011122
SPY,17,197,0.019179,0.010968
SPY,17,198,0.019564,0.010630
SPY,17,199,0.005523,0.010180
SPY,17,200,-0.006798,0.009761
SPY,17,201,0.022728,0.009246
SPY,17,202,0.011230,0.008818
SPY,17,203,0.034612,0.008264
SPY,17,204,0.019434,0.007830
SPY,17,205,-0.009855,0.007486
SPY,17,206,0.022973,0.007147
SPY,17,207,0.018159,0.006945
SPY,17,208,0.013256,0.006756
SPY,17,209,0.007002,0.006771
SPY,17,210,-0.007056,0.006802
SPY,17,211,0.031327,0.006878
SPY,17,212,0.015482,0.007065
SPY,17,213,-0.008029,0.007242
SPY,17,214,0.026950,0.007496
SPY,17,215,0.004270,0.007646
SPY,17,216,0.023425,0.007818
SPY,17,217,0.015012,0.007960
SPY,17,218,-0.000575,0.007989
SPY,17,219,0.002315,0.007979
SPY,17,220,-0.022319,0.007834
SPY,17,221,0.019910,0.007686
SPY,17,222,-0.003597,0.007419
SPY,17,223,-0.013268,0.007072
SPY,17,224,0.009466,0.006717
SPY,17,225,-0.017143,0.006303
SPY,17,226,-0.017807,0.005925
SPY,17,227,-0.019368,0.005497
SPY,17,228,-0.022984,0.005138
SPY,17,229,-0.026825,0.004843
SPY,17,230,-0.041411,0.004581
SPY,17,231,-0.014924,0.004417
SPY,17,232,-0.027954,0.004295
SPY,17,233,-0.040089,0.004302
SPY,17,234,-0.016867,0.004350
SPY,17,235,-0.022402,0.004449
SPY,17,236,-0.033969,0.004619
SPY,17,237,-0.018111,0.004798
SPY,17,238,-0.051892,0.005017
SPY,17,239,-0.018136,0.005185
SPY,17,240,-0.027108,0.005349
SPY,17,241,-0.042142,0.005478
SPY,17,242,-0.012879,0.005528
SPY,17,243,-0.052844,0.005530
SPY,17,244,-0.031261,0.005436
SPY,17,245,-0.026874,0.005307
SPY,17,246,-0.036787,0.005094
SPY,17,247,-0.044761,0.004819
SPY,17,248,-0.022229,0.004520
SPY,17,249,-0.025158,0.004182
SPY,17,250,-0.043995,0.003857
SPY,17,251,-0.025132,0.003515
SPY,17,252,-0.040979,0.003218
UNH,2,1,0.206647,0.199557
UNH,2,2,0.210568,0.192396
UNH,2,3,0.159651,0.185506
UNH,2,4,0.150676,0.178878
UNH,2,5,0.191532,0.172500
UNH,2,6,0.138643,0.166364
UNH,2,7,0.197859,0.160461
UNH,2,8,0.148226,0.154781
UNH,2,9,0.135995,0.149317
UNH,2,10,0.160698,0.144059
UNH,2,11,0.076532,0.139000
UNH,2,12,0.139445,0.134133
UNH,2,13,0.125883,0.129450
UNH,2,14,0.129247,0.124945
UNH,2,15,0.174170,0.120610
UNH,2,16,0.123074,0.116439
UNH,2,17,0.135354,0.112426
UNH,2,18,0.087544,0.108565
UNH,2,19,0.137637,0.104850
UNH,2,20,0.163837,0.101275
UNH,2,21,0.081636,0.097836
UNH,2,22,0.111401,0.094526
UNH,2,23,0.070682,0.091342
UNH,2,24,0.068903,0.088278
UNH,2,25,0.062980,0.085330
UNH,2,26,0.061450,0.082494
UNH,2,27,0.093409,0.079764
UNH,2,28,0.062071,0.077138
UNH,2,29,0.085418,0.074611
UNH,2,30,0.070887,0.072179
UNH,2,31,0.047669,0.069839
UNH,2,32,0.078340,0.067588
UNH,2,33,0.055874,0.065421
UNH,2,34,0.084501,0.063336
UNH,2,35,0.059519,0.061330
UNH,2,36,0.068678,0.059399
UNH,2,37,0.068717,0.057541
UNH,2,38,0.016139,0.055754
UNH,2,39,0.077968,0.054033
UNH,2,40,0.014541,0.052378
UNH,2,41,0.065357,0.050784
UNH,2,42,0.049139,0.049251
UNH,2,43,0.083683,0.047776
UNH,2,44,0.038134,0.046356
UNH,2,45,0.031993,0.044989
UNH,2,46,0.029487,0.043674
UNH,2,47,0.029743,0.042408
UNH,2,48,0.046658,0.041190
UNH,2,49,0.039553,0.040017
UNH,2,50,0.023077,0.038888
UNH,2,51,0.024923,0.037802
UNH,2,52,0.003740,0.036757
UNH,2,53,0.036746,0.035751
UNH,2,54,0.041087,0.034782
UNH,2,55,0.055446,0.033850
UNH,2,56,0.039635,0.032952
UNH,2,57,0.030450,0.032088
UNH,2,58,0.035706,0.031257
UNH,2,59,0.043587,0.030456
UNH,2,60,0.018801,0.029686
UNH,2,61,0.039901,0.028944
UNH,2,62,0.033466,0.028230
UNH,2,63,0.061505,0.027542
UNH,2,64,0.027663,0.026880
UNH,2,65,0.009658,0.026243
UNH,2,66,0.021114,0.025629
UNH,2,67,0.021640,0.025038
UNH,2,68,0.040425,0.024469
UNH,2,69,0.011614,0.023922
UNH,2,70,0.036363,0.023394
UNH,2,71,0.023931,0.022886
UNH,2,72,0.020523,0.022397
UNH,2,73,0.006800,0.021926
UNH,2,74,-0.019749,0.021472
UNH,2,75,0.019165,0.021035
UNH,2,76,0.007647,0.020614
UNH,2,77,0.034686,0.020209
UNH,2,78,-0.008446,0.019819
UNH,2,79,0.019198,0.019442
UNH,2,80,0.026437,0.019080
UNH,2,81,-0.006654,0.018731
UNH,2,82,0.025338,0.018395
UNH,2,83,0.012245,0.018070
UNH,2,84,0.035139,0.017758
UNH,2,85,0.000177,0.017457
UNH,2,86,0.012813,0.017167
UNH,2,87,0.032799,0.016888
UNH,2,88,-0.008188,0.016619
UNH,2,89,0.033854,0.016359
UNH,2,90,0.003061,0.016109
UNH,2,91,0.034071,0.015868
UNH,2,92,0.045485,0.015635
UNH,2,93,0.005912,0.015411
UNH,2,94,0.037395,0.015195
UNH,2,95,0.003182,0.014987
UNH,2,96,0.033271,0.014786
UNH,2,97,0.028713,0.014592
UNH,2,98,-0.011277,0.014405
UNH,2,99,0.004395,0.014225
UNH,2,100,-0.000940,0.014051
UNH,2,101,-0.000437,0.013883
UNH,2,102,0.051731,0.013721
UNH,2,103,-0.014315,0.013565
UNH,2,104,0.034512,0.013414
UNH,2,105,0.006157,0.013268
UNH,2,106,0.036976,0.013128
UNH,2,107,0.031904,0.012992
UNH,2,108,-0.021951,0.012861
UNH,2,109,0.047232,0.012735
UNH,2,110,0.039501,0.012612
UNH,2,111,0.045145,0.012494
UNH,2,112,0.012701,0.012380
UNH,2,113,0.022691,0.012270
UNH,2,114,0.003326,0.012164
UNH,2,115,-0.004438,0.012061
UNH,2,116,0.004923,0.011962
UNH,2,117,0.000807,0.011866
UNH,2,118,-0.011301,0.011773
UNH,2,119,0.000094,0.011683
UNH,2,120,-0.019380,0.011596
UNH,2,121,0.016454,0.011512
UNH,2,122,0.008350,0.011430
UNH,2,123,0.039887,0.011352
UNH,2,124,0.040719,0.011275
UNH,2,125,0.024547,0.011202
UNH,2,126,0.051890,0.011130
UNH,2,127,0.004376,0.011061
UNH,2,128,0.025227,0.010994
UNH,2,129,0.006204,0.010929
UNH,2,130,0.004848,0.010866
UNH,2,131,-0.003372,0.010805
UNH,2,132,-0.015324,0.010746
UNH,2,133,-0.004798,0.010689
UNH,2,134,-0.013219,0.010633
UNH,2,135,-0.028479,0.010579
UNH,2,136,0.022204,0.010527
UNH,2,137,-0.002996,0.010476
UNH,2,138,0.023042,0.010426
UNH,2,139,-0.002368,0.010378
UNH,2,140,0.007090,0.010332
UNH,2,141,0.040976,0.010286
UNH,2,142,-0.001231,0.010242
UNH,2,143,0.038304,0.010200
UNH,2,144,0.005524,0.010158
UNH,2,145,0.043859,0.010117
UNH,2,146,0.025291,0.010078
UNH,2,147,-0.001217,0.010040
UNH,2,148,0.028367,0.010002
UNH,2,149,-0.002702,0.009966
UNH,2,150,0.006815,0.009930
UNH,2,151,0.013708,0.009896
UNH,2,152,-0.000911,0.009862
UNH,2,153,0.016459,0.009829
UNH,2,154,0.016977,0.009797
UNH,2,155,0.020673,0.009766
UNH,2,156,0.058400,0.009735
UNH,2,157,0.051322,0.009706
UNH,2,158,0.034368,0.009676
UNH,2,159,0.004822,0.009648
UNH,2,160,0.048654,0.009620
UNH,2,161,0.031338,0.009593
UNH,2,162,0.015368,0.009566
UNH,2,163,0.027388,0.009540
UNH,2,164,0.003844,0.009515
UNH,2,165,0.022190,0.009490
UNH,2,166,0.004530,0.009465
UNH,2,167,0.004855,0.009441
UNH,2,168,-0.010099,0.009418
UNH,2,169,0.020548,0.009394
UNH,2,170,0.003354,0.009372
UNH,2,171,0.066350,0.009350
UNH,2,172,0.025285,0.009328
UNH,2,173,0.014562,0.009306
UNH,2,174,-0.013905,0.009285
UNH,2,175,-0.008207,0.009265
UNH,2,176,0.004985,0.009244
UNH,2,177,-0.000689,0.009224
UNH,2,178,0.008842,0.009205
UNH,2,179,-0.022136,0.009185
UNH,2,180,-0.009223,0.009166
UNH,2,181,0.005233,0.009148
UNH,2,182,-0.014302,0.009129
UNH,2,183,-0.014129,0.009111
UNH,2,184,-0.022727,0.009093
UNH,2,185,-0.024923,0.009075
UNH,2,186,0.008072,0.009058
UNH,2,187,-0.006000,0.009041
UNH,2,188,0.009772,0.009024
UNH,2,189,0.023335,0.009007
UNH,2,190,0.001678,0.008990
UNH,2,191,0.005989,0.008974
UNH,2,192,-0.019343,0.008958
UNH,2,193,-0.005357,0.008942
UNH,2,194,-0.014331,0.008926
UNH,2,195,-0.022414,0.008910
UNH,2,196,0.030740,0.008895
UNH,2,197,-0.007671,0.008880
UNH,2,198,0.013214,0.008865
UNH,2,199,0.004146,0.008850
UNH,2,200,0.000284,0.008835
UNH,2,201,0.000565,0.008820
UNH,2,202,-0.034510,0.008806
UNH,2,203,-0.000605,0.008791
UNH,2,204,0.021482,0.008777
UNH,2,205,-0.023579,0.008763
UNH,2,206,-0.012312,0.008749
UNH,2,207,-0.007567,0.008735
UNH,2,208,-0.000222,0.008721
UNH,2,209,-0.005043,0.008707
UNH,2,210,-0.016536,0.008694
UNH,2,211,0.005623,0.008680
UNH,2,212,0.034206,0.008667
UNH,2,213,0.043215,0.008654
UNH,2,214,0.029294,0.008640
UNH,2,215,0.008884,0.008627
UNH,2,216,-0.007244,0.008614
UNH,2,217,-0.001413,0.008601
UNH,2,218,0.022131,0.008588
UNH,2,219,0.025698,0.008576
UNH,2,220,0.014682,0.008563
UNH,2,221,0.031272,0.008550
UNH,2,222,-0.001710,0.008538
UNH,2,223,0.018896,0.008525
UNH,2,224,0.001505,0.008513
UNH,2,225,0.011484,0.008500
UNH,2,226,-0.000563,0.008488
UNH,2,227,0.010692,0.008476
UNH,2,228,0.036554,0.008464
UNH,2,229,0.005567,0.008451
UNH,2,230,0.039848,0.008439
UNH,2,231,0.009872,0.008427
UNH,2,232,0.033813,0.008415
UNH,2,233,0.017375,0.008403
UNH,2,234,0.033119,0.008392
UNH,2,235,0.011181,0.008380
UNH,2,236,-0.009735,0.008368
UNH,2,237,0.024422,0.008356
UNH,2,238,0.014089,0.008345
UNH,2,239,0.045801,0.008333
UNH,2,240,0.015027,0.008321
UNH,2,241,-0.010944,0.008310
UNH,2,242,0.008517,0.008298
UNH,2,243,-0.007898,0.008287
UNH,2,244,-0.010391,0.008275
UNH,2,245,-0.021133,0.008264
UNH,2,246,-0.015102,0.008253
UNH,2,247,0.007385,0.008241
UNH,2,248,0.007914,0.008230
UNH,2,249,0.042911,0.008219
UNH,2,250,0.019915,0.008208
UNH,2,251,-0.001612,0.008196
UNH,2,252,0.013926,0.008185
UNH,17,1,0.206647,0.209285
UNH,17,2,0.210568,0.210103
UNH,17,3,0.159651,0.163226
UNH,17,4,0.150676,0.145080
UNH,17,5,0.191532,0.197515
UNH,17,6,0.138643,0.136654
UNH,17,7,0.197859,0.174383
UNH,17,8,0.148226,0.183047
UNH,17,9,0.135995,0.132969
UNH,17,10,0.160698,0.156022
UNH,17,11,0.076532,0.097359
UNH,17,12,0.139445,0.126617
UNH,17,13,0.125883,0.132953
UNH,17,14,0.129247,0.123754
UNH,17,15,0.174170,0.163636
UNH,17,16,0.123074,0.104422
UNH,17,17,0.135354,0.146904
UNH,17,18,0.087544,0.109698
UNH,17,19,0.137637,0.127538
UNH,17,20,0.163837,0.131605
UNH,17,21,0.081636,0.092372
UNH,17,22,0.111401,0.108184
UNH,17,23,0.070682,0.056604
UNH,17,24,0.068903,0.070759
UNH,17,25,0.062980,0.067928
UNH,17,26,0.061450,0.055999
UNH,17,27,0.093409,0.091967
UNH,17,28,0.062071,0.050769
UNH,17,29,0.085418,0.089301
UNH,17,30,0.070887,0.060036
UNH,17,31,0.047669,0.071336
UNH,17,32,0.078340,0.075221
UNH,17,33,0.055874,0.049890
UNH,17,34,0.084501,0.073570
UNH,17,35,0.059519,0.045356
UNH,17,36,0.068678,0.064026
UNH,17,37,0.068717,0.065459
UNH,17,38,0.016139,0.052849
UNH,17,39,0.077968,0.077967
UNH,17,40,0.014541,0.041634
UNH,17,41,0.065357,0.070295
UNH,17,42,0.049139,0.047903
UNH,17,43,0.083683,0.057387
UNH,17,44,0.038134,0.061690
UNH,17,45,0.031993,0.040411
UNH,17,46,0.029487,0.054659
UNH,17,47,0.029743,0.026910
UNH,17,48,0.046658,0.033978
UNH,17,49,0.039553,0.032381
UNH,17,50,0.023077,0.021801
UNH,17,51,0.024923,0.045812
UNH,17,52,0.003740,0.021761
UNH,17,53,0.036746,0.046127
UNH,17,54,0.041087,0.028450
UNH,17,55,0.055446,0.032586
UNH,17,56,0.039635,0.035082
UNH,17,57,0.030450,0.020737
UNH,17,58,0.035706,0.037300
UNH,17,59,0.043587,0.024330
UNH,17,60,0.018801,0.034693
UNH,17,61,0.039901,0.037096
UNH,17,62,0.033466,0.026278
UNH,17,63,0.061505,0.041291
UNH,17,64,0.027663,0.018961
UNH,17,65,0.009658,0.035601
UNH,17,66,0.021114,0.024018
UNH,17,67,0.021640,0.029186
UNH,17,68,0.040425,0.033700
UNH,17,69,0.011614,0.022261
UNH,17,70,0.036363,0.030548
UNH,17,71,0.023931,0.016110
UNH,17,72,0.020523,0.017457
UNH,17,73,0.006800,0.018347
UNH,17,74,-0.019749,0.010539
UNH,17,75,0.019165,0.026217
UNH,17,76,0.007647,0.013390
UNH,17,77,0.034686,0.026805
UNH,17,78,-0.008446,0.017616
UNH,17,79,0.019198,0.017530
UNH,17,80,0.026437,0.019101
UNH,17,81,-0.006654,0.011255
UNH,17,82,0.025338,0.020528
UNH,17,83,0.012245,0.016721
UNH,17,84,0.035139,0.020945
UNH,17,85,0.000177,0.024858
UNH,17,86,0.012813,0.016323
UNH,17,87,0.032799,0.024354
UNH,17,88,-0.008188,0.011600
UNH,17,89,0.033854,0.019250
UNH,17,90,0.003061,0.015242
UNH,17,91,0.034071,0.017451
UNH,17,92,0.045485,0.021738
UNH,17,93,0.005912,0.016303
UNH,17,94,0.037395,0.018989
UNH,17,95,0.003182,0.012928
UNH,17,96,0.033271,0.009919
UNH,17,97,0.028713,0.012759
UNH,17,98,-0.011277,0.007300
UNH,17,99,0.004395,0.017085
UNH,17,100,-0.000940,0.012045
UNH,17,101,-0.000437,0.017548
UNH,17,102,0.051731,0.014397
UNH,17,103,-0.014315,0.011495
UNH,17,104,0.034512,0.012313
UNH,17,105,0.006157,0.008696
UNH,17,106,0.036976,0.012225
UNH,17,107,0.031904,0.014421
UNH,17,108,-0.021951,0.014229
UNH,17,109,0.047232,0.019326
UNH,17,110,0.039501,0.012689
UNH,17,111,0.045145,0.015852
UNH,17,112,0.012701,0.009827
UNH,17,113,0.022691,0.011035
UNH,17,114,0.003326,0.012257
UNH,17,115,-0.004438,0.012310
UNH,17,116,0.004923,0.016182
UNH,17,117,0.000807,0.014638
UNH,17,118,-0.011301,0.012966
UNH,17,119,0.000094,0.012463
UNH,17,120,-0.019380,0.006292
UNH,17,121,0.016454,0.010453
UNH,17,122,0.008350,0.006734
UNH,17,123,0.039887,0.012328
UNH,17,124,0.040719,0.012729
UNH,17,125,0.024547,0.012651
UNH,17,126,0.051890,0.013731
UNH,17,127,0.004376,0.008924
UNH,17,128,0.025227,0.009160
UNH,17,129,0.006204,0.008420
UNH,17,130,0.004848,0.007764
UNH,17,131,-0.003372,0.014003
UNH,17,132,-0.015324,0.010713
UNH,17,133,-0.004798,0.016613
UNH,17,134,-0.013219,0.011424
UNH,17,135,-0.028479,0.011195
UNH,17,136,0.022204,0.009899
UNH,17,137,-0.002996,0.006585
UNH,17,138,0.023042,0.011376
UNH,17,139,-0.002368,0.009876
UNH,17,140,0.007090,0.013308
UNH,17,141,0.040976,0.014357
UNH,17,142,-0.001231,0.009524
UNH,17,143,0.038304,0.012769
UNH,17,144,0.005524,0.004400
UNH,17,145,0.043859,0.009404
UNH,17,146,0.025291,0.006932
UNH,17,147,-0.001217,0.009549
UNH,17,148,0.028367,0.013716
UNH,17,149,-0.002702,0.009765
UNH,17,150,0.006815,0.013768
UNH,17,151,0.013708,0.007702
UNH,17,152,-0.000911,0.007513
UNH,17,153,0.016459,0.008757
UNH,17,154,0.016977,0.005164
UNH,17,155,0.020673,0.014113
UNH,17,156,0.058400,0.008704
UNH,17,157,0.051322,0.015105
UNH,17,158,0.034368,0.010996
UNH,17,159,0.004822,0.008425
UNH,17,160,0.048654,0.010420
UNH,17,161,0.031338,0.003996
UNH,17,162,0.015368,0.011179
UNH,17,163,0.027388,0.008590
UNH,17,164,0.003844,0.011626
UNH,17,165,0.022190,0.014412
UNH,17,166,0.004530,0.007383
UNH,17,167,0.004855,0.013146
UNH,17,168,-0.010099,0.003316
UNH,17,169,0.020548,0.008829
UNH,17,170,0.003354,0.007242
UNH,17,171,0.066350,0.007759
UNH,17,172,0.025285,0.014485
UNH,17,173,0.014562,0.007898
UNH,17,174,-0.013905,0.013880
UNH,17,175,-0.008207,0.007021
UNH,17,176,0.004985,0.006534
UNH,17,177,-0.000689,0.009139
UNH,17,178,0.008842,0.003542
UNH,17,179,-0.022136,0.014264
UNH,17,180,-0.009223,0.007447
UNH,17,181,0.005233,0.014125
UNH,17,182,-0.014302,0.010820
UNH,17,183,-0.014129,0.006659
UNH,17,184,-0.022727,0.010909
UNH,17,185,-0.024923,0.002401
UNH,17,186,0.008072,0.011142
UNH,17,187,-0.006000,0.007816
UNH,17,188,0.009772,0.010516
UNH,17,189,0.023335,0.014454
UNH,17,190,0.001678,0.005960
UNH,17,191,0.005989,0.013381
UNH,17,192,-0.019343,0.002641
UNH,17,193,-0.005357,0.008430
UNH,17,194,-0.014331,0.007471
UNH,17,195,-0.022414,0.006523
UNH,17,196,0.030740,0.014940
UNH,17,197,-0.007671,0.006607
UNH,17,198,0.013214,0.013889
UNH,17,199,0.004146,0.006567
UNH,17,200,0.000284,0.005879
UNH,17,201,0.000565,0.009401
UNH,17,202,-0.034510,0.002480
UNH,17,203,-0.000605,0.014304
UNH,17,204,0.021482,0.006596
UNH,17,205,-0.023579,0.013387
UNH,17,206,-0.012312,0.010682
UNH,17,207,-0.007567,0.005471
UNH,17,208,-0.000222,0.011232
UNH,17,209,-0.005043,0.001380
UNH,17,210,-0.016536,0.011086
UNH,17,211,0.005623,0.007284
UNH,17,212,0.034206,0.009706
UNH,17,213,0.043215,0.014386
UNH,17,214,0.029294,0.004968
UNH,17,215,0.008884,0.013442
UNH,17,216,-0.007244,0.002193
UNH,17,217,-0.001413,0.008099
UNH,17,218,0.022131,0.007582
UNH,17,219,0.025698,0.005629
UNH,17,220,0.014682,0.015114
UNH,17,221,0.031272,0.005674
UNH,17,222,-0.001710,0.013767
UNH,17,223,0.018896,0.006220
UNH,17,224,0.001505,0.005401
UNH,17,225,0.011484,0.009519
UNH,17,226,-0.000563,0.001765
UNH,17,227,0.010692,0.014211
UNH,17,228,0.036554,0.005980
UNH,17,229,0.005567,0.012770
UNH,17,230,0.039848,0.010514
UNH,17,231,0.009872,0.004640
UNH,17,232,0.033813,0.011375
UNH,17,233,0.017375,0.000713
UNH,17,234,0.033119,0.010964
UNH,17,235,0.011181,0.006877
UNH,17,236,-0.009735,0.009070
UNH,17,237,0.024422,0.014204
UNH,17,238,0.014089,0.004255
UNH,17,239,0.045801,0.013351
UNH,17,240,0.015027,0.001884
UNH,17,241,-0.010944,0.007796
UNH,17,242,0.008517,0.007589
UNH,17,243,-0.007898,0.004963
UNH,17,244,-0.010391,0.015070
UNH,17,245,-0.021133,0.004982
UNH,17,246,-0.015102,0.013537
UNH,17,247,0.007385,0.005929
UNH,17,248,0.007914,0.005028
UNH,17,249,0.042911,0.009512
UNH,17,250,0.019915,0.001277
UNH,17,251,-0.001612,0.014002
UNH,17,252,0.013926,0.005512
VZ,2,1,0.146117,0.148214
VZ,2,2,0.108518,0.116357
VZ,2,3,0.105746,0.095382
VZ,2,4,0.076743,0.081435
VZ,2,5,0.088482,0.072031
VZ,2,6,0.059132,0.065566
VZ,2,7,0.053711,0.061006
VZ,2,8,0.098731,0.057682
VZ,2,9,0.065139,0.055164
VZ,2,10,0.059565,0.053173
VZ,2,11,0.055781,0.051529
VZ,2,12,0.088391,0.050117
VZ,2,13,0.028118,0.048862
VZ,2,14,0.029418,0.047715
VZ,2,15,0.057159,0.046644
VZ,2,16,0.043000,0.045630
VZ,2,17,0.021708,0.044658
VZ,2,18,0.016272,0.043721
VZ,2,19,0.032339,0.042812
VZ,2,20,0.048491,0.041927
VZ,2,21,0.021085,0.041064
VZ,2,22,0.020668,0.040222
VZ,2,23,0.006853,0.039398
VZ,2,24,0.014439,0.038592
VZ,2,25,0.013561,0.037803
VZ,2,26,0.014156,0.037031
VZ,2,27,0.042375,0.036274
VZ,2,28,0.044311,0.035534
VZ,2,29,0.057760,0.034808
VZ,2,30,0.045707,0.034098
VZ,2,31,0.050217,0.033402
VZ,2,32,0.009849,0.032720
VZ,2,33,-0.006670,0.032052
VZ,2,34,0.025879,0.031398
VZ,2,35,0.056408,0.030757
VZ,2,36,0.078622,0.030129
VZ,2,37,0.039896,0.029514
VZ,2,38,-0.002379,0.028912
VZ,2,39,0.060991,0.028322
VZ,2,40,0.029106,0.027744
VZ,2,41,0.025865,0.027177
VZ,2,42,0.035255,0.026623
VZ,2,43,-0.008420,0.026079
VZ,2,44,0.033085,0.025547
VZ,2,45,0.041695,0.025026
VZ,2,46,0.017719,0.024515
VZ,2,47,0.051892,0.024015
VZ,2,48,0.026942,0.023524
VZ,2,49,0.018844,0.023044
VZ,2,50,0.021192,0.022574
VZ,2,51,0.044884,0.022113
VZ,2,52,0.011491,0.021662
VZ,2,53,0.016570,0.021220
VZ,2,54,0.031820,0.020787
VZ,2,55,0.051488,0.020362
VZ,2,56,0.040837,0.019947
VZ,2,57,0.022982,0.019540
VZ,2,58,0.015141,0.019141
VZ,2,59,0.073109,0.018750
VZ,2,60,0.053179,0.018367
VZ,2,61,0.031883,0.017993
VZ,2,62,0.053917,0.017625
VZ,2,63,0.036668,0.017266
VZ,2,64,0.065591,0.016913
VZ,2,65,0.027889,0.016568
VZ,2,66,0.001192,0.016230
VZ,2,67,0.011498,0.015899
VZ,2,68,-0.000560,0.015574
VZ,2,69,-0.010562,0.015256
VZ,2,70,0.019644,0.014945
VZ,2,71,0.011497,0.014640
VZ,2,72,0.021817,0.014341
VZ,2,73,-0.010319,0.014048
VZ,2,74,-0.005113,0.013762
VZ,2,75,0.040610,0.013481
VZ,2,76,0.023653,0.013206
VZ,2,77,-0.030411,0.012936
VZ,2,78,-0.005454,0.012672
VZ,2,79,-0.013084,0.012413
VZ,2,80,-0.005388,0.012160
VZ,2,81,0.021427,0.011912
VZ,2,82,-0.018761,0.011669
VZ,2,83,-0.021124,0.011431
VZ,2,84,-0.016966,0.011197
VZ,2,85,-0.010238,0.010969
VZ,2,86,0.013122,0.010745
VZ,2,87,-0.002439,0.010526
VZ,2,88,-0.015199,0.010311
VZ,2,89,-0.012197,0.010100
VZ,2,90,-0.011065,0.009894
VZ,2,91,-0.017926,0.009692
VZ,2,92,0.001792,0.009494
VZ,2,93,0.006595,0.009301
VZ,2,94,0.039053,0.009111
VZ,2,95,0.008457,0.008925
VZ,2,96,0.022962,0.008743
VZ,2,97,-0.010515,0.008564
VZ,2,98,0.009247,0.008389
VZ,2,99,0.024109,0.008218
VZ,2,100,-0.004699,0.008050
VZ,2,101,0.037061,0.007886
VZ,2,102,0.008627,0.007725
VZ,2,103,0.028140,0.007567
VZ,2,104,-0.000819,0.007413
VZ,2,105,-0.012870,0.007262
VZ,2,106,-0.003918,0.007114
VZ,2,107,-0.014290,0.006968
VZ,2,108,-0.007794,0.006826
VZ,2,109,-0.005776,0.006687
VZ,2,110,-0.011564,0.006550
VZ,2,111,0.027272,0.006417
VZ,2,112,0.009117,0.006286
VZ,2,113,-0.032574,0.006157
VZ,2,114,0.016608,0.006032
VZ,2,115,-0.000041,0.005909
VZ,2,116,0.009034,0.005788
VZ,2,117,-0.022198,0.005670
VZ,2,118,0.006058,0.005554
VZ,2,119,-0.016196,0.005441
VZ,2,120,-0.004720,0.005330
VZ,2,121,0.018802,0.005221
VZ,2,122,-0.006450,0.005114
VZ,2,123,0.016224,0.005010
VZ,2,124,-0.003735,0.004908
VZ,2,125,-0.005447,0.004808
VZ,2,126,0.026691,0.004709
VZ,2,127,0.029319,0.004613
VZ,2,128,0.047581,0.004519
VZ,2,129,-0.004850,0.004427
VZ,2,130,0.022431,0.004337
VZ,2,131,0.027862,0.004248
VZ,2,132,0.018785,0.004161
VZ,2,133,0.001439,0.004076
VZ,2,134,-0.015130,0.003993
VZ,2,135,-0.001431,0.003912
VZ,2,136,0.005020,0.003832
VZ,2,137,0.002574,0.003754
VZ,2,138,0.009682,0.003677
VZ,2,139,0.013248,0.003602
VZ,2,140,-0.022978,0.003528
VZ,2,141,-0.000189,0.003456
VZ,2,142,0.013636,0.003386
VZ,2,143,0.007525,0.003317
VZ,2,144,-0.038873,0.003249
VZ,2,145,-0.024016,0.003183
VZ,2,146,0.018677,0.003118
VZ,2,147,-0.000171,0.003054
VZ,2,148,0.031262,0.002992
VZ,2,149,-0.022800,0.002931
VZ,2,150,0.006154,0.002871
VZ,2,151,0.011650,0.002812
VZ,2,152,-0.016018,0.002755
VZ,2,153,-0.005244,0.002699
VZ,2,154,0.009828,0.002644
VZ,2,155,-0.019523,0.002590
VZ,2,156,0.025802,0.002537
VZ,2,157,0.037263,0.002485
VZ,2,158,0.036723,0.002434
VZ,2,159,0.007887,0.002385
VZ,2,160,-0.001132,0.002336
VZ,2,161,-0.018464,0.002288
VZ,2,162,-0.016387,0.002242
VZ,2,163,0.005784,0.002196
VZ,2,164,-0.007497,0.002151
VZ,2,165,0.010171,0.002107
VZ,2,166,0.023250,0.002064
VZ,2,167,0.013724,0.002022
VZ,2,168,0.004592,0.001981
VZ,2,169,-0.010457,0.001940
VZ,2,170,0.013868,0.001901
VZ,2,171,-0.002330,0.001862
VZ,2,172,-0.009698,0.001824
VZ,2,173,-0.002082,0.001787
VZ,2,174,-0.003396,0.001750
VZ,2,175,-0.019143,0.001714
VZ,2,176,0.030368,0.001680
VZ,2,177,0.050181,0.001645
VZ,2,178,0.011418,0.001612
VZ,2,179,-0.016042,0.001579
VZ,2,180,-0.016553,0.001547
VZ,2,181,-0.003956,0.001515
VZ,2,182,-0.010989,0.001484
VZ,2,183,0.013879,0.001454
VZ,2,184,0.004646,0.001424
VZ,2,185,0.008610,0.001395
VZ,2,186,0.008144,0.001367
VZ,2,187,0.041981,0.001339
VZ,2,188,0.027446,0.001311
VZ,2,189,0.028237,0.001285
VZ,2,190,0.017689,0.001258
VZ,2,191,0.035836,0.001233
VZ,2,192,0.017163,0.001208
VZ,2,193,0.045624,0.001183
VZ,2,194,0.001823,0.001159
VZ,2,195,0.020420,0.001135
VZ,2,196,0.030302,0.001112
VZ,2,197,0.022831,0.001089
VZ,2,198,0.042876,0.001067
VZ,2,199,0.048521,0.001045
VZ,2,200,-0.009688,0.001024
VZ,2,201,0.018168,0.001003
VZ,2,202,-0.021764,0.000982
VZ,2,203,-0.011539,0.000962
VZ,2,204,-0.017724,0.000943
VZ,2,205,0.020929,0.000924
VZ,2,206,0.013143,0.000905
VZ,2,207,-0.010333,0.000886
VZ,2,208,0.025004,0.000868
VZ,2,209,-0.007732,0.000850
VZ,2,210,-0.002339,0.000833
VZ,2,211,0.016155,0.000816
VZ,2,212,0.002346,0.000799
VZ,2,213,0.010451,0.000783
VZ,2,214,-0.010419,0.000767
VZ,2,215,0.016478,0.000751
VZ,2,216,-0.017882,0.000736
VZ,2,217,0.018607,0.000721
VZ,2,218,0.008998,0.000706
VZ,2,219,-0.003616,0.000692
VZ,2,220,0.006426,0.000678
VZ,2,221,-0.002277,0.000664
VZ,2,222,-0.025151,0.000650
VZ,2,223,-0.006101,0.000637
VZ,2,224,0.007522,0.000624
VZ,2,225,-0.004971,0.000611
VZ,2,226,-0.022710,0.000599
VZ,2,227,0.016704,0.000587
VZ,2,228,-0.011189,0.000575
VZ,2,229,-0.007723,0.000563
VZ,2,230,-0.009501,0.000552
VZ,2,231,-0.014211,0.000540
VZ,2,232,0.024138,0.000529
VZ,2,233,-0.002309,0.000518
VZ,2,234,-0.005355,0.000508
VZ,2,235,0.020394,0.000497
VZ,2,236,-0.007470,0.000487
VZ,2,237,-0.002157,0.000477
VZ,2,238,0.003469,0.000468
VZ,2,239,0.006924,0.000458
VZ,2,240,0.017669,0.000449
VZ,2,241,0.024015,0.000440
VZ,2,242,0.013408,0.000431
VZ,2,243,0.021647,0.000422
VZ,2,244,0.014504,0.000413
VZ,2,245,-0.019517,0.000405
VZ,2,246,0.037166,0.000397
VZ,2,247,0.025595,0.000388
VZ,2,248,0.012571,0.000381
VZ,2,249,0.020949,0.000373
VZ,2,250,0.024851,0.000365
VZ,2,251,0.021305,0.000358
VZ,2,252,0.036680,0.000350
VZ,17,1,0.146117,0.144157
VZ,17,2,0.108518,0.110772
VZ,17,3,0.105746,0.114670
VZ,17,4,0.076743,0.072529
VZ,17,5,0.088482,0.074005
VZ,17,6,0.059132,0.066952
VZ,17,7,0.053711,0.063666
VZ,17,8,0.098731,0.085771
VZ,17,9,0.065139,0.043612
VZ,17,10,0.059565,0.055499
VZ,17,11,0.055781,0.059312
VZ,17,12,0.088391,0.087890
VZ,17,13,0.028118,0.042010
VZ,17,14,0.029418,0.045015
VZ,17,15,0.057159,0.065925
VZ,17,16,0.043000,0.031300
VZ,17,17,0.021708,0.024763
VZ,17,18,0.016272,0.017408
VZ,17,19,0.032339,0.023578
VZ,17,20,0.048491,0.039137
VZ,17,21,0.021085,0.018941
VZ,17,22,0.020668,0.018259
VZ,17,23,0.006853,0.026645
VZ,17,24,0.014439,0.038885
VZ,17,25,0.013561,0.007934
VZ,17,26,0.014156,0.016006
VZ,17,27,0.042375,0.047767
VZ,17,28,0.044311,0.039190
VZ,17,29,0.057760,0.041778
VZ,17,30,0.045707,0.043071
VZ,17,31,0.050217,0.047994
VZ,17,32,0.009849,0.052111
VZ,17,33,-0.006670,0.035718
VZ,17,34,0.025879,0.031895
VZ,17,35,0.056408,0.045484
VZ,17,36,0.078622,0.056698
VZ,17,37,0.039896,0.033349
VZ,17,38,-0.002379,0.031874
VZ,17,39,0.060991,0.045835
VZ,17,40,0.029106,0.028588
VZ,17,41,0.025865,0.017257
VZ,17,42,0.035255,0.016410
VZ,17,43,-0.008420,0.023434
VZ,17,44,0.033085,0.029122
VZ,17,45,0.041695,0.020616
VZ,17,46,0.017719,0.015693
VZ,17,47,0.051892,0.023310
VZ,17,48,0.026942,0.027157
VZ,17,49,0.018844,0.008124
VZ,17,50,0.021192,0.009659
VZ,17,51,0.044884,0.029786
VZ,17,52,0.011491,0.027587
VZ,17,53,0.016570,0.022604
VZ,17,54,0.031820,0.025198
VZ,17,55,0.051488,0.029207
VZ,17,56,0.040837,0.027425
VZ,17,57,0.022982,0.018408
VZ,17,58,0.015141,0.015046
VZ,17,59,0.073109,0.024772
VZ,17,60,0.053179,0.032264
VZ,17,61,0.031883,0.019429
VZ,17,62,0.053917,0.016449
VZ,17,63,0.036668,0.026557
VZ,17,64,0.065591,0.018553
VZ,17,65,0.027889,0.006711
VZ,17,66,0.001192,0.008698
VZ,17,67,0.011498,0.015966
VZ,17,68,-0.000560,0.017317
VZ,17,69,-0.010562,0.013499
VZ,17,70,0.019644,0.010746
VZ,17,71,0.011497,0.014309
VZ,17,72,0.021817,0.016538
VZ,17,73,-0.010319,0.005064
VZ,17,74,-0.005113,0.003196
VZ,17,75,0.040610,0.017389
VZ,17,76,0.023653,0.018495
VZ,17,77,-0.030411,0.011155
VZ,17,78,-0.005454,0.014119
VZ,17,79,-0.013084,0.018357
VZ,17,80,-0.005388,0.013866
VZ,17,81,0.021427,0.008730
VZ,17,82,-0.018761,0.007797
VZ,17,83,-0.021124,0.012866
VZ,17,84,-0.016966,0.018999
VZ,17,85,-0.010238,0.012515
VZ,17,86,0.013122,0.008120
VZ,17,87,-0.002439,0.016011
VZ,17,88,-0.015199,0.012946
VZ,17,89,-0.012197,0.001686
VZ,17,90,-0.011065,0.004569
VZ,17,91,-0.017926,0.011895
VZ,17,92,0.001792,0.010408
VZ,17,93,0.006595,0.009034
VZ,17,94,0.039053,0.008726
VZ,17,95,0.008457,0.008725
VZ,17,96,0.022962,0.010708
VZ,17,97,-0.010515,0.004422
VZ,17,98,0.009247,0.000373
VZ,17,99,0.024109,0.011050
VZ,17,100,-0.004699,0.013973
VZ,17,101,0.037061,0.005877
VZ,17,102,0.008627,0.008855
VZ,17,103,0.028140,0.013490
VZ,17,104,-0.000819,0.007444
VZ,17,105,-0.012870,0.004711
VZ,17,106,-0.003918,0.005835
VZ,17,107,-0.014290,0.007112
VZ,17,108,-0.007794,0.012421
VZ,17,109,-0.005776,0.009984
VZ,17,110,-0.011564,0.004406
VZ,17,111,0.027272,0.010776
VZ,17,112,0.009117,0.010610
VZ,17,113,-0.032574,-0.000015
VZ,17,114,0.016608,0.003080
VZ,17,115,-0.000041,0.010269
VZ,17,116,0.009034,0.006781
VZ,17,117,-0.022198,0.006839
VZ,17,118,0.006058,0.008385
VZ,17,119,-0.016196,0.005749
VZ,17,120,-0.004720,0.007779
VZ,17,121,0.018802,0.005083
VZ,17,122,-0.006450,-0.000401
VZ,17,123,0.016224,0.007954
VZ,17,124,-0.003735,0.011954
VZ,17,125,-0.005447,0.003609
VZ,17,126,0.026691,0.006524
VZ,17,127,0.029319,0.011469
VZ,17,128,0.047581,0.004479
VZ,17,129,-0.004850,0.003343
VZ,17,130,0.022431,0.005926
VZ,17,131,0.027862,0.004403
VZ,17,132,0.018785,0.009094
VZ,17,133,0.001439,0.009298
VZ,17,134,-0.015130,0.002844
VZ,17,135,-0.001431,0.008116
VZ,17,136,0.005020,0.009771
VZ,17,137,0.002574,-0.000324
VZ,17,138,0.009682,0.002759
VZ,17,139,0.013248,0.009716
VZ,17,140,-0.022978,0.004818
VZ,17,141,-0.000189,0.005770
VZ,17,142,0.013636,0.008602
VZ,17,143,0.007525,0.004135
VZ,17,144,-0.038873,0.006261
VZ,17,145,-0.024016,0.006050
VZ,17,146,0.018677,-0.000370
VZ,17,147,-0.000171,0.006370
VZ,17,148,0.031262,0.011023
VZ,17,149,-0.022800,0.002619
VZ,17,150,0.006154,0.005465
VZ,17,151,0.011650,0.010611
VZ,17,152,-0.016018,0.003056
VZ,17,153,-0.005244,0.003018
VZ,17,154,0.009828,0.006582
VZ,17,155,-0.019523,0.003074
VZ,17,156,0.025802,0.007278
VZ,17,157,0.037263,0.009226
VZ,17,158,0.036723,0.002174
VZ,17,159,0.007887,0.006651
VZ,17,160,-0.001132,0.009495
VZ,17,161,-0.018464,-0.000167
VZ,17,162,-0.016387,0.002842
VZ,17,163,0.005784,0.009539
VZ,17,164,-0.007497,0.003667
VZ,17,165,0.010171,0.005194
VZ,17,166,0.023250,0.008890
VZ,17,167,0.013724,0.003190
VZ,17,168,0.004592,0.005406
VZ,17,169,-0.010457,0.006911
VZ,17,170,0.013868,-0.000106
VZ,17,171,-0.002330,0.005484
VZ,17,172,-0.009698,0.010525
VZ,17,173,-0.002082,0.002145
VZ,17,174,-0.003396,0.004932
VZ,17,175,-0.019143,0.010194
VZ,17,176,0.030368,0.002321
VZ,17,177,0.050181,0.003046
VZ,17,178,0.011418,0.007253
VZ,17,179,-0.016042,0.002368
VZ,17,180,-0.016553,0.006189
VZ,17,181,-0.003956,0.009291
VZ,17,182,-0.010989,0.001857
VZ,17,183,0.013879,0.005762
VZ,17,184,0.004646,0.009394
VZ,17,185,0.008610,0.000095
VZ,17,186,0.008144,0.003019
VZ,17,187,0.041981,0.009462
VZ,17,188,0.027446,0.002934
VZ,17,189,0.028237,0.004833
VZ,17,190,0.017689,0.009096
VZ,17,191,0.035836,0.002590
VZ,17,192,0.017163,0.004877
VZ,17,193,0.045624,0.007560
VZ,17,194,0.001823,0.000178
VZ,17,195,0.020420,0.004938
VZ,17,196,0.030302,0.010196
VZ,17,197,0.022831,0.001882
VZ,17,198,0.042876,0.004618
VZ,17,199,0.048521,0.009934
VZ,17,200,-0.009688,0.001906
VZ,17,201,0.018168,0.003164
VZ,17,202,-0.021764,0.007781
VZ,17,203,-0.011539,0.001959
VZ,17,204,-0.017724,0.005479
VZ,17,205,0.020929,0.009338
VZ,17,206,0.013143,0.001682
VZ,17,207,-0.010333,0.005176
VZ,17,208,0.025004,0.009330
VZ,17,209,-0.007732,0.000341
VZ,17,210,-0.002339,0.003184
VZ,17,211,0.016155,0.009395
VZ,17,212,0.002346,0.002437
VZ,17,213,0.010451,0.004575
VZ,17,214,-0.010419,0.009200
VZ,17,215,0.016478,0.002185
VZ,17,216,-0.017882,0.004523
VZ,17,217,0.018607,0.008008
VZ,17,218,0.008998,0.000418
VZ,17,219,-0.003616,0.004572
VZ,17,220,0.006426,0.009934
VZ,17,221,-0.002277,0.001713
VZ,17,222,-0.025151,0.004401
VZ,17,223,-0.006101,0.009729
VZ,17,224,0.007522,0.001653
VZ,17,225,-0.004971,0.003281
VZ,17,226,-0.022710,0.008147
VZ,17,227,0.016704,0.001702
VZ,17,228,-0.011189,0.004985
VZ,17,229,-0.007723,0.009332
VZ,17,230,-0.009501,0.001566
VZ,17,231,-0.014211,0.004764
VZ,17,232,0.024138,0.009258
VZ,17,233,-0.002309,0.000540
VZ,17,234,-0.005355,0.003310
VZ,17,235,0.020394,0.009311
VZ,17,236,-0.007470,0.002086
VZ,17,237,-0.002157,0.004373
VZ,17,238,0.003469,0.009220
VZ,17,239,0.006924,0.001900
VZ,17,240,0.017669,0.004272
VZ,17,241,0.024015,0.008295
VZ,17,242,0.013408,0.000604
VZ,17,243,0.021647,0.004312
VZ,17,244,0.014504,0.009704
VZ,17,245,-0.019517,0.001589
VZ,17,246,0.037166,0.004234
VZ,17,247,0.025595,0.009544
VZ,17,248,0.012571,0.001489
VZ,17,249,0.020949,0.003370
VZ,17,250,0.024851,0.008378
VZ,17,251,0.021305,0.001532
VZ,17,252,0.036680,0.004625
WFC,2,1,0.284860,0.268835
WFC,2,2,0.216966,0.258993
WFC,2,3,0.258652,0.249813
WFC,2,4,0.215872,0.241247
WFC,2,5,0.189802,0.233252
WFC,2,6,0.218090,0.225786
WFC,2,7,0.212795,0.218811
WFC,2,8,0.214108,0.212292
WFC,2,9,0.208777,0.206195
WFC,2,10,0.186946,0.200490
WFC,2,11,0.222058,0.195150
WFC,2,12,0.204821,0.190147
WFC,2,13,0.174031,0.185458
WFC,2,14,0.203510,0.181060
WFC,2,15,0.167755,0.176932
WFC,2,16,0.146903,0.173055
WFC,2,17,0.200322,0.169411
WFC,2,18,0.192982,0.165984
WFC,2,19,0.164768,0.162757
WFC,2,20,0.212635,0.159716
WFC,2,21,0.172002,0.156849
WFC,2,22,0.143224,0.154142
WFC,2,23,0.215124,0.151585
WFC,2,24,0.150441,0.149167
WFC,2,25,0.137200,0.146877
WFC,2,26,0.162351,0.144708
WFC,2,27,0.142584,0.142650
WFC,2,28,0.181157,0.140695
WFC,2,29,0.186262,0.138837
WFC,2,30,0.128480,0.137068
WFC,2,31,0.161277,0.135383
WFC,2,32,0.125404,0.133775
WFC,2,33,0.107742,0.132239
WFC,2,34,0.154678,0.130770
WFC,2,35,0.170031,0.129364
WFC,2,36,0.166909,0.128016
WFC,2,37,0.135043,0.126722
WFC,2,38,0.149818,0.125478
WFC,2,39,0.146893,0.124282
WFC,2,40,0.135328,0.123130
WFC,2,41,0.140272,0.122018
WFC,2,42,0.157219,0.120944
WFC,2,43,0.184552,0.119907
WFC,2,44,0.103053,0.118902
WFC,2,45,0.119780,0.117929
WFC,2,46,0.141746,0.116984
WFC,2,47,0.119231,0.116067
WFC,2,48,0.119634,0.115175
WFC,2,49,0.124110,0.114307
WFC,2,50,0.098370,0.113461
WFC,2,51,0.124122,0.112636
WFC,2,52,0.098843,0.111831
WFC,2,53,0.096727,0.111044
WFC,2,54,0.119894,0.110275
WFC,2,55,0.124570,0.109521
WFC,2,56,0.101892,0.108783
WFC,2,57,0.114997,0.108059
WFC,2,58,0.087060,0.107349
WFC,2,59,0.091430,0.106652
WFC,2,60,0.108083,0.105966
WFC,2,61,0.089871,0.105292
WFC,2,62,0.119122,0.104629
WFC,2,63,0.143049,0.103976
WFC,2,64,0.115322,0.103333
WFC,2,65,0.113737,0.102699
WFC,2,66,0.108150,0.102073
WFC,2,67,0.092268,0.101456
WFC,2,68,0.072302,0.100847
WFC,2,69,0.066163,0.100245
WFC,2,70,0.078827,0.099650
WFC,2,71,0.105911,0.099063
WFC,2,72,0.090029,0.098481
WFC,2,73,0.046694,0.097906
WFC,2,74,0.097275,0.097337
WFC,2,75,0.067760,0.096774
WFC,2,76,0.094764,0.096216
WFC,2,77,0.095788,0.095664
WFC,2,78,0.087851,0.095117
WFC,2,79,0.066953,0.094574
WFC,2,80,0.031282,0.094037
WFC,2,81,0.035430,0.093504
WFC,2,82,0.058837,0.092975
WFC,2,83,0.098795,0.092451
WFC,2,84,0.068507,0.091931
WFC,2,85,0.095658,0.091415
WFC,2,86,0.068917,0.090904
WFC,2,87,0.048284,0.090396
WFC,2,88,0.066981,0.089891
WFC,2,89,0.041560,0.089391
WFC,2,90,0.072816,0.088894
WFC,2,91,0.061708,0.088400
WFC,2,92,0.054081,0.087910
WFC,2,93,0.044282,0.087423
WFC,2,94,0.077902,0.086940
WFC,2,95,0.051673,0.086460
WFC,2,96,0.062460,0.085983
WFC,2,97,0.095061,0.085509
WFC,2,98,0.057690,0.085038
WFC,2,99,0.079735,0.084570
WFC,2,100,0.050895,0.084105
WFC,2,101,0.070253,0.083643
WFC,2,102,0.047814,0.083183
WFC,2,103,0.050383,0.082727
WFC,2,104,0.040997,0.082273
WFC,2,105,0.085356,0.081823
WFC,2,106,0.094381,0.081374
WFC,2,107,0.066245,0.080929
WFC,2,108,0.060633,0.080486
WFC,2,109,0.077062,0.080046
WFC,2,110,0.063750,0.079608
WFC,2,111,0.050336,0.079173
WFC,2,112,0.065439,0.078740
WFC,2,113,0.072644,0.078310
WFC,2,114,0.066453,0.077883
WFC,2,115,0.036536,0.077458
WFC,2,116,0.062310,0.077035
WFC,2,117,0.071522,0.076615
WFC,2,118,0.031773,0.076197
WFC,2,119,0.051446,0.075781
WFC,2,120,0.068959,0.075368
WFC,2,121,0.061749,0.074957
WFC,2,122,0.074650,0.074549
WFC,2,123,0.032999,0.074142
WFC,2,124,0.064533,0.073738
WFC,2,125,0.083718,0.073337
WFC,2,126,0.072249,0.072937
WFC,2,127,0.067605,0.072540
WFC,2,128,0.078132,0.072145
WFC,2,129,0.054808,0.071752
WFC,2,130,0.047154,0.071361
WFC,2,131,0.049193,0.070973
WFC,2,132,0.037358,0.070587
WFC,2,133,0.092016,0.070202
WFC,2,134,0.049413,0.069820
WFC,2,135,0.050387,0.069440
WFC,2,136,0.057051,0.069062
WFC,2,137,0.063369,0.068687
WFC,2,138,0.033265,0.068313
WFC,2,139,0.054692,0.067941
WFC,2,140,0.070227,0.067571
WFC,2,141,0.046849,0.067204
WFC,2,142,0.080255,0.066838
WFC,2,143,0.057650,0.066475
WFC,2,144,0.072312,0.066113
WFC,2,145,0.063151,0.065753
WFC,2,146,0.068743,0.065396
WFC,2,147,0.077667,0.065040
WFC,2,148,0.098008,0.064686
WFC,2,149,0.043923,0.064334
WFC,2,150,0.065988,0.063984
WFC,2,151,0.092234,0.063636
WFC,2,152,0.092024,0.063290
WFC,2,153,0.073718,0.062946
WFC,2,154,0.092223,0.062604
WFC,2,155,0.095092,0.062263
WFC,2,156,0.073335,0.061925
WFC,2,157,0.065465,0.061588
WFC,2,158,0.094632,0.061253
WFC,2,159,0.082216,0.060920
WFC,2,160,0.068862,0.060589
WFC,2,161,0.110540,0.060259
WFC,2,162,0.095132,0.059931
WFC,2,163,0.099152,0.059605
WFC,2,164,0.064080,0.059281
WFC,2,165,0.073421,0.058959
WFC,2,166,0.060673,0.058638
WFC,2,167,0.020156,0.058320
WFC,2,168,0.093748,0.058002
WFC,2,169,0.047859,0.057687
WFC,2,170,0.060150,0.057373
WFC,2,171,0.083622,0.057061
WFC,2,172,0.074272,0.056751
WFC,2,173,0.107863,0.056442
WFC,2,174,0.059231,0.056136
WFC,2,175,0.066812,0.055830
WFC,2,176,0.083973,0.055527
WFC,2,177,0.079847,0.055225
WFC,2,178,0.051875,0.054925
WFC,2,179,0.051916,0.054626
WFC,2,180,0.044227,0.054329
WFC,2,181,0.055129,0.054033
WFC,2,182,0.073655,0.053740
WFC,2,183,0.077800,0.053447
WFC,2,184,0.067021,0.053157
WFC,2,185,0.054885,0.052868
WFC,2,186,0.046721,0.052580
WFC,2,187,0.042893,0.052294
WFC,2,188,0.079383,0.052010
WFC,2,189,0.079320,0.051727
WFC,2,190,0.076152,0.051446
WFC,2,191,0.088573,0.051166
WFC,2,192,0.043036,0.050888
WFC,2,193,0.055890,0.050611
WFC,2,194,0.053977,0.050336
WFC,2,195,0.032024,0.050063
WFC,2,196,0.065336,0.049790
WFC,2,197,0.079575,0.049520
WFC,2,198,0.030764,0.049250
WFC,2,199,0.075373,0.048983
WFC,2,200,0.055621,0.048716
WFC,2,201,0.036319,0.048451
WFC,2,202,0.040819,0.048188
WFC,2,203,0.058477,0.047926
WFC,2,204,0.103731,0.047665
WFC,2,205,0.058936,0.047406
WFC,2,206,0.049189,0.047148
WFC,2,207,0.086848,0.046892
WFC,2,208,0.063230,0.046637
WFC,2,209,0.040514,0.046383
WFC,2,210,0.049311,0.046131
WFC,2,211,0.112647,0.045880
WFC,2,212,0.062665,0.045631
WFC,2,213,0.078572,0.045383
WFC,2,214,0.080149,0.045136
WFC,2,215,0.045995,0.044891
WFC,2,216,0.048803,0.044647
WFC,2,217,0.078316,0.044404
WFC,2,218,0.048895,0.044162
WFC,2,219,0.049248,0.043922
WFC,2,220,0.042271,0.043683
WFC,2,221,0.060016,0.043446
WFC,2,222,0.057369,0.043210
WFC,2,223,0.061974,0.042975
WFC,2,224,0.029919,0.042741
WFC,2,225,0.077201,0.042509
WFC,2,226,0.061594,0.042278
WFC,2,227,0.019611,0.042048
WFC,2,228,0.023015,0.041819
WFC,2,229,0.014877,0.041592
WFC,2,230,0.028731,0.041366
WFC,2,231,0.016894,0.041141
WFC,2,232,0.059018,0.040917
WFC,2,233,0.033870,0.040695
WFC,2,234,0.035293,0.040473
WFC,2,235,0.069120,0.040253
WFC,2,236,0.072745,0.040034
WFC,2,237,0.033504,0.039817
WFC,2,238,0.038959,0.039600
WFC,2,239,0.035799,0.039385
WFC,2,240,0.051661,0.039171
WFC,2,241,0.009169,0.038958
WFC,2,242,0.038259,0.038746
WFC,2,243,0.014213,0.038535
WFC,2,244,0.015698,0.038326
WFC,2,245,0.021778,0.038117
WFC,2,246,0.027851,0.037910
WFC,2,247,0.027395,0.037704
WFC,2,248,0.025239,0.037499
WFC,2,249,0.035321,0.037295
WFC,2,250,0.046827,0.037092
WFC,2,251,0.030006,0.036891
WFC,2,252,0.037038,0.036690
WFC,17,1,0.284860,0.284684
WFC,17,2,0.216966,0.210918
WFC,17,3,0.258652,0.242421
WFC,17,4,0.215872,0.212879
WFC,17,5,0.189802,0.207187
WFC,17,6,0.218090,0.217380
WFC,17,7,0.212795,0.196105
WFC,17,8,0.214108,0.205663
WFC,17,9,0.208777,0.196720
WFC,17,10,0.186946,0.190972
WFC,17,11,0.222058,0.252962
WFC,17,12,0.204821,0.209864
WFC,17,13,0.174031,0.173335
WFC,17,14,0.203510,0.204160
WFC,17,15,0.167755,0.188384
WFC,17,16,0.146903,0.174013
WFC,17,17,0.200322,0.193484
WFC,17,18,0.192982,0.196645
WFC,17,19,0.164768,0.195187
WFC,17,20,0.212635,0.185865
WFC,17,21,0.172002,0.163331
WFC,17,22,0.143224,0.163297
WFC,17,23,0.215124,0.187471
WFC,17,24,0.150441,0.173086
WFC,17,25,0.137200,0.150097
WFC,17,26,0.162351,0.174204
WFC,17,27,0.142584,0.167164
WFC,17,28,0.181157,0.151969
WFC,17,29,0.186262,0.159634
WFC,17,30,0.128480,0.154472
WFC,17,31,0.161277,0.155553
WFC,17,32,0.125404,0.145204
WFC,17,33,0.107742,0.135420
WFC,17,34,0.154678,0.141900
WFC,17,35,0.170031,0.155701
WFC,17,36,0.166909,0.147083
WFC,17,37,0.135043,0.125259
WFC,17,38,0.149818,0.137357
WFC,17,39,0.146893,0.131726
WFC,17,40,0.135328,0.123635
WFC,17,41,0.140272,0.131531
WFC,17,42,0.157219,0.129586
WFC,17,43,0.184552,0.133037
WFC,17,44,0.103053,0.120257
WFC,17,45,0.119780,0.112638
WFC,17,46,0.141746,0.116714
WFC,17,47,0.119231,0.124154
WFC,17,48,0.119634,0.121537
WFC,17,49,0.124110,0.106000
WFC,17,50,0.098370,0.115430
WFC,17,51,0.124122,0.111385
WFC,17,52,0.098843,0.105892
WFC,17,53,0.096727,0.110663
WFC,17,54,0.119894,0.107464
WFC,17,55,0.124570,0.111413
WFC,17,56,0.101892,0.099799
WFC,17,57,0.114997,0.096564
WFC,17,58,0.087060,0.101086
WFC,17,59,0.091430,0.105484
WFC,17,60,0.108083,0.105345
WFC,17,61,0.089871,0.091767
WFC,17,62,0.119122,0.098110
WFC,17,63,0.143049,0.094429
WFC,17,64,0.115322,0.091570
WFC,17,65,0.113737,0.096384
WFC,17,66,0.108150,0.093551
WFC,17,67,0.092268,0.098087
WFC,17,68,0.072302,0.087077
WFC,17,69,0.066163,0.085362
WFC,17,70,0.078827,0.088820
WFC,17,71,0.105911,0.091093
WFC,17,72,0.090029,0.093082
WFC,17,73,0.046694,0.081879
WFC,17,74,0.097275,0.087302
WFC,17,75,0.067760,0.083961
WFC,17,76,0.094764,0.082312
WFC,17,77,0.095788,0.086533
WFC,17,78,0.087851,0.083134
WFC,17,79,0.066953,0.087832
WFC,17,80,0.031282,0.077923
WFC,17,81,0.035430,0.077787
WFC,17,82,0.058837,0.080838
WFC,17,83,0.098795,0.081864
WFC,17,84,0.068507,0.084938
WFC,17,85,0.095658,0.074916
WFC,17,86,0.068917,0.079515
WFC,17,87,0.048284,0.076239
WFC,17,88,0.066981,0.075524
WFC,17,89,0.041560,0.079743
WFC,17,90,0.072816,0.076145
WFC,17,91,0.061708,0.080993
WFC,17,92,0.054081,0.071895
WFC,17,93,0.044282,0.072533
WFC,17,94,0.077902,0.074960
WFC,17,95,0.051673,0.075080
WFC,17,96,0.062460,0.078946
WFC,17,97,0.095061,0.069973
WFC,17,98,0.057690,0.074288
WFC,17,99,0.079735,0.071067
WFC,17,100,0.050895,0.070829
WFC,17,101,0.070253,0.074885
WFC,17,102,0.047814,0.070957
WFC,17,103,0.050383,0.075860
WFC,17,104,0.040997,0.067531
WFC,17,105,0.085356,0.068804
WFC,17,106,0.094381,0.070812
WFC,17,107,0.066245,0.070316
WFC,17,108,0.060633,0.074620
WFC,17,109,0.077062,0.066317
WFC,17,110,0.063750,0.070430
WFC,17,111,0.050336,0.067216
WFC,17,112,0.065439,0.067291
WFC,17,113,0.072644,0.071278
WFC,17,114,0.066453,0.067144
WFC,17,115,0.036536,0.072097
WFC,17,116,0.062310,0.064369
WFC,17,117,0.071522,0.066016
WFC,17,118,0.031773,0.067627
WFC,17,119,0.051446,0.066666
WFC,17,120,0.068959,0.071257
WFC,17,121,0.061749,0.063497
WFC,17,122,0.074650,0.067553
WFC,17,123,0.032999,0.064352
WFC,17,124,0.064533,0.064584
WFC,17,125,0.083718,0.068455
WFC,17,126,0.072249,0.064132
WFC,17,127,0.067605,0.069114
WFC,17,128,0.078132,0.061893
WFC,17,129,0.054808,0.063820
WFC,17,130,0.047154,0.065129
WFC,17,131,0.049193,0.063821
WFC,17,132,0.037358,0.068568
WFC,17,133,0.092016,0.061207
WFC,17,134,0.049413,0.065241
WFC,17,135,0.050387,0.062054
WFC,17,136,0.057051,0.062368
WFC,17,137,0.063369,0.066135
WFC,17,138,0.033265,0.061683
WFC,17,139,0.054692,0.066692
WFC,17,140,0.070227,0.059878
WFC,17,141,0.046849,0.061987
WFC,17,142,0.080255,0.063041
WFC,17,143,0.057650,0.061464
WFC,17,144,0.072312,0.066297
WFC,17,145,0.063151,0.059259
WFC,17,146,0.068743,0.063311
WFC,17,147,0.077667,0.060145
WFC,17,148,0.098008,0.060486
WFC,17,149,0.043923,0.064138
WFC,17,150,0.065988,0.059586
WFC,17,151,0.092234,0.064618
WFC,17,152,0.092024,0.058142
WFC,17,153,0.073718,0.060382
WFC,17,154,0.092223,0.061234
WFC,17,155,0.095092,0.059447
WFC,17,156,0.073335,0.064314
WFC,17,157,0.065465,0.057533
WFC,17,158,0.094632,0.061613
WFC,17,159,0.082216,0.058473
WFC,17,160,0.068862,0.058813
WFC,17,161,0.110540,0.062353
WFC,17,162,0.095132,0.057736
WFC,17,163,0.099152,0.062787
WFC,17,164,0.064080,0.056589
WFC,17,165,0.073421,0.058918
WFC,17,166,0.060673,0.059605
WFC,17,167,0.020156,0.057652
WFC,17,168,0.093748,0.062525
WFC,17,169,0.047859,0.055958
WFC,17,170,0.060150,0.060072
WFC,17,171,0.083622,0.056964
WFC,17,172,0.074272,0.057283
WFC,17,173,0.107863,0.060714
WFC,17,174,0.059231,0.056054
WFC,17,175,0.066812,0.061119
WFC,17,176,0.083973,0.055156
WFC,17,177,0.079847,0.057547
WFC,17,178,0.051875,0.058101
WFC,17,179,0.051916,0.056017
WFC,17,180,0.044227,0.060873
WFC,17,181,0.055129,0.054486
WFC,17,182,0.073655,0.058635
WFC,17,183,0.077800,0.055561
WFC,17,184,0.067021,0.055851
WFC,17,185,0.054885,0.059178
WFC,17,186,0.046721,0.054494
WFC,17,187,0.042893,0.059570
WFC,17,188,0.079383,0.053804
WFC,17,189,0.079320,0.056238
WFC,17,190,0.076152,0.056684
WFC,17,191,0.088573,0.054495
WFC,17,192,0.043036,0.059323
WFC,17,193,0.055890,0.053090
WFC,17,194,0.053977,0.057270
WFC,17,195,0.032024,0.054233
WFC,17,196,0.065336,0.054489
WFC,17,197,0.079575,0.057720
WFC,17,198,0.030764,0.053025
WFC,17,199,0.075373,0.058107
WFC,17,200,0.055621,0.052511
WFC,17,201,0.036319,0.054973
WFC,17,202,0.040819,0.055331
WFC,17,203,0.058477,0.053060
WFC,17,204,0.103731,0.057851
WFC,17,205,0.058936,0.051753
WFC,17,206,0.049189,0.055960
WFC,17,207,0.086848,0.052960
WFC,17,208,0.063230,0.053182
WFC,17,209,0.040514,0.056322
WFC,17,210,0.049311,0.051628
WFC,17,211,0.112647,0.056712
WFC,17,212,0.062665,0.051264
WFC,17,213,0.078572,0.053742
WFC,17,214,0.080149,0.054028
WFC,17,215,0.045995,0.051692
WFC,17,216,0.048803,0.056442
WFC,17,217,0.078316,0.050463
WFC,17,218,0.048895,0.054692
WFC,17,219,0.049248,0.051729
WFC,17,220,0.042271,0.051918
WFC,17,221,0.060016,0.054976
WFC,17,222,0.057369,0.050290
WFC,17,223,0.061974,0.055371
WFC,17,224,0.029919,0.050052
WFC,17,225,0.077201,0.052541
WFC,17,226,0.061594,0.052767
WFC,17,227,0.019611,0.050380
WFC,17,228,0.023015,0.055086
WFC,17,229,0.014877,0.049214
WFC,17,230,0.028731,0.053458
WFC,17,231,0.016894,0.050533
WFC,17,232,0.059018,0.050691
WFC,17,233,0.033870,0.053673
WFC,17,234,0.035293,0.049003
WFC,17,235,0.069120,0.054076
WFC,17,236,0.072745,0.048872
WFC,17,237,0.033504,0.051364
WFC,17,238,0.038959,0.051542
WFC,17,239,0.035799,0.049116
WFC,17,240,0.051661,0.053777
WFC,17,241,0.009169,0.048002
WFC,17,242,0.038259,0.052256
WFC,17,243,0.014213,0.049367
WFC,17,244,0.015698,0.049496
WFC,17,245,0.021778,0.052409
WFC,17,246,0.027851,0.047759
WFC,17,247,0.027395,0.052822
WFC,17,248,0.025239,0.047720
WFC,17,249,0.035321,0.050211
WFC,17,250,0.046827,0.050348
WFC,17,251,0.030006,0.047893
WFC,17,252,0.037038,0.052509
WMT,2,1,0.204615,0.203805
WMT,2,2,0.089155,0.078148
WMT,2,3,0.117181,0.086876
WMT,2,4,0.097980,0.082437
WMT,2,5,0.066826,0.079437
WMT,2,6,0.094082,0.076424
WMT,2,7,0.075912,0.073538
WMT,2,8,0.102418,0.070760
WMT,2,9,0.078994,0.068086
WMT,2,10,0.047740,0.065514
WMT,2,11,0.043682,0.063039
WMT,2,12,0.069398,0.060657
WMT,2,13,0.061697,0.058366
WMT,2,14,0.062887,0.056161
WMT,2,15,0.020812,0.054039
WMT,2,16,0.040671,0.051997
WMT,2,17,0.050803,0.050033
WMT,2,18,0.036258,0.048142
WMT,2,19,0.003110,0.046324
WMT,2,20,0.017651,0.044573
WMT,2,21,0.022015,0.042889
WMT,2,22,0.033773,0.041269
WMT,2,23,0.031294,0.039710
WMT,2,24,0.055372,0.038210
WMT,2,25,0.038032,0.036766
WMT,2,26,0.009154,0.035377
WMT,2,27,0.031087,0.034040
WMT,2,28,0.029583,0.032754
WMT,2,29,0.029855,0.031517
WMT,2,30,0.036334,0.030326
WMT,2,31,0.021776,0.029180
WMT,2,32,0.016781,0.028078
WMT,2,33,0.020234,0.027017
WMT,2,34,0.013225,0.025997
WMT,2,35,0.000270,0.025014
WMT,2,36,0.020906,0.024069
WMT,2,37,0.048792,0.023160
WMT,2,38,0.013276,0.022285
WMT,2,39,0.033541,0.021443
WMT,2,40,0.004625,0.020633
WMT,2,41,0.005617,0.019853
WMT,2,42,0.017347,0.019103
WMT,2,43,-0.023949,0.018382
WMT,2,44,-0.015919,0.017687
WMT,2,45,0.010814,0.017019
WMT,2,46,0.024921,0.016376
WMT,2,47,0.026689,0.015757
WMT,2,48,0.047671,0.015162
WMT,2,49,0.029691,0.014589
WMT,2,50,0.004609,0.014038
WMT,2,51,-0.007455,0.013508
WMT,2,52,0.021227,0.012997
WMT,2,53,0.021538,0.012506
WMT,2,54,0.024422,0.012034
WMT,2,55,0.028428,0.011579
WMT,2,56,0.024671,0.011142
WMT,2,57,-0.010179,0.010721
WMT,2,58,0.030675,0.010316
WMT,2,59,0.005505,0.009926
WMT,2,60,0.019693,0.009551
WMT,2,61,0.045942,0.009190
WMT,2,62,0.065651,0.008843
WMT,2,63,0.072033,0.008509
WMT,2,64,0.075870,0.008187
WMT,2,65,0.007343,0.007878
WMT,2,66,0.012365,0.007580
WMT,2,67,0.006530,0.007294
WMT,2,68,0.002631,0.007018
WMT,2,69,0.017287,0.006753
WMT,2,70,0.004217,0.006498
WMT,2,71,-0.026540,0.006253
WMT,2,72,0.036037,0.006016
WMT,2,73,0.010073,0.005789
WMT,2,74,0.032878,0.005570
WMT,2,75,-0.001463,0.005360
WMT,2,76,0.030163,0.005157
WMT,2,77,0.012985,0.004963
WMT,2,78,0.022710,0.004775
WMT,2,79,0.006917,0.004595
WMT,2,80,0.034526,0.004421
WMT,2,81,0.033634,0.004254
WMT,2,82,0.005059,0.004093
WMT,2,83,-0.018742,0.003939
WMT,2,84,0.005365,0.003790
WMT,2,85,-0.023533,0.003647
WMT,2,86,-0.005992,0.003509
WMT,2,87,0.027960,0.003376
WMT,2,88,0.004557,0.003249
WMT,2,89,0.007980,0.003126
WMT,2,90,0.003243,0.003008
WMT,2,91,0.000096,0.002894
WMT,2,92,0.035584,0.002785
WMT,2,93,-0.014731,0.002680
WMT,2,94,-0.025508,0.002578
WMT,2,95,-0.017134,0.002481
WMT,2,96,0.025699,0.002387
WMT,2,97,0.017222,0.002297
WMT,2,98,0.003486,0.002210
WMT,2,99,-0.016470,0.002127
WMT,2,100,-0.008348,0.002047
WMT,2,101,0.010326,0.001969
WMT,2,102,-0.034314,0.001895
WMT,2,103,0.022175,0.001823
WMT,2,104,-0.001456,0.001754
WMT,2,105,0.002410,0.001688
WMT,2,106,0.005726,0.001624
WMT,2,107,-0.009313,0.001563
WMT,2,108,0.030923,0.001504
WMT,2,109,0.006890,0.001447
WMT,2,110,-0.020391,0.001392
WMT,2,111,-0.003272,0.001340
WMT,2,112,0.022287,0.001289
WMT,2,113,-0.004192,0.001240
WMT,2,114,0.051067,0.001194
WMT,2,115,0.043236,0.001148
WMT,2,116,-0.001102,0.001105
WMT,2,117,0.033473,0.001063
WMT,2,118,0.016106,0.001023
WMT,2,119,-0.002519,0.000985
WMT,2,120,0.030711,0.000947
WMT,2,121,0.009062,0.000912
WMT,2,122,0.012390,0.000877
WMT,2,123,0.018389,0.000844
WMT,2,124,0.046863,0.000812
WMT,2,125,0.049681,0.000781
WMT,2,126,0.090668,0.000752
WMT,2,127,0.059742,0.000723
WMT,2,128,0.013694,0.000696
WMT,2,129,-0.006115,0.000670
WMT,2,130,-0.018480,0.000645
WMT,2,131,-0.005057,0.000620
WMT,2,132,-0.020997,0.000597
WMT,2,133,-0.017067,0.000574
WMT,2,134,-0.016024,0.000553
WMT,2,135,-0.015601,0.000532
WMT,2,136,-0.000784,0.000512
WMT,2,137,-0.031272,0.000492
WMT,2,138,-0.024583,0.000474
WMT,2,139,-0.025155,0.000456
WMT,2,140,-0.031233,0.000439
WMT,2,141,-0.025490,0.000422
WMT,2,142,-0.031424,0.000406
WMT,2,143,-0.007574,0.000391
WMT,2,144,0.013280,0.000376
WMT,2,145,0.009720,0.000362
WMT,2,146,-0.023024,0.000348
WMT,2,147,-0.006599,0.000335
WMT,2,148,-0.007429,0.000322
WMT,2,149,0.001520,0.000310
WMT,2,150,0.031345,0.000298
WMT,2,151,-0.009018,0.000287
WMT,2,152,-0.026780,0.000276
WMT,2,153,-0.008838,0.000266
WMT,2,154,-0.031416,0.000256
WMT,2,155,0.005992,0.000246
WMT,2,156,0.014626,0.000237
WMT,2,157,-0.019303,0.000228
WMT,2,158,-0.010574,0.000219
WMT,2,159,-0.005248,0.000211
WMT,2,160,0.000055,0.000203
WMT,2,161,0.031900,0.000195
WMT,2,162,-0.016917,0.000188
WMT,2,163,0.006223,0.000181
WMT,2,164,-0.038574,0.000174
WMT,2,165,-0.016230,0.000167
WMT,2,166,-0.020036,0.000161
WMT,2,167,-0.026702,0.000155
WMT,2,168,-0.010338,0.000149
WMT,2,169,-0.020538,0.000144
WMT,2,170,0.003036,0.000138
WMT,2,171,-0.027384,0.000133
WMT,2,172,-0.017036,0.000128
WMT,2,173,-0.008132,0.000123
WMT,2,174,-0.027110,0.000118
WMT,2,175,-0.022681,0.000114
WMT,2,176,-0.013006,0.000110
WMT,2,177,-0.024428,0.000105
WMT,2,178,-0.015719,0.000101
WMT,2,179,-0.029087,0.000098
WMT,2,180,-0.016815,0.000094
WMT,2,181,-0.022971,0.000090
WMT,2,182,-0.017455,0.000087
WMT,2,183,0.006128,0.000084
WMT,2,184,-0.016431,0.000081
WMT,2,185,-0.014045,0.000078
WMT,2,186,-0.000089,0.000075
WMT,2,187,0.013896,0.000072
WMT,2,188,-0.005622,0.000069
WMT,2,189,0.018455,0.000066
WMT,2,190,0.014790,0.000064
WMT,2,191,-0.012185,0.000062
WMT,2,192,-0.024954,0.000059
WMT,2,193,-0.000701,0.000057
WMT,2,194,-0.010576,0.000055
WMT,2,195,-0.018150,0.000053
WMT,2,196,-0.015250,0.000051
WMT,2,197,-0.010107,0.000049
WMT,2,198,-0.017488,0.000047
WMT,2,199,-0.016486,0.000045
WMT,2,200,-0.012507,0.000043
WMT,2,201,-0.017789,0.000042
WMT,2,202,-0.009092,0.000040
WMT,2,203,-0.020853,0.000039
WMT,2,204,-0.008415,0.000037
WMT,2,205,-0.044148,0.000036
WMT,2,206,-0.022310,0.000035
WMT,2,207,0.003707,0.000033
WMT,2,208,-0.028830,0.000032
WMT,2,209,-0.027108,0.000031
WMT,2,210,-0.025262,0.000030
WMT,2,211,0.006396,0.000028
WMT,2,212,-0.047155,0.000027
WMT,2,213,0.006697,0.000026
WMT,2,214,-0.003403,0.000025
WMT,2,215,-0.022583,0.000024
WMT,2,216,-0.028799,0.000023
WMT,2,217,-0.013513,0.000023
WMT,2,218,-0.024184,0.000022
WMT,2,219,-0.008202,0.000021
WMT,2,220,-0.018818,0.000020
WMT,2,221,-0.015762,0.000019
WMT,2,222,-0.022955,0.000019
WMT,2,223,0.014504,0.000018
WMT,2,224,-0.000946,0.000017
WMT,2,225,-0.047540,0.000017
WMT,2,226,-0.036861,0.000016
WMT,2,227,-0.027911,0.000015
WMT,2,228,-0.034765,0.000015
WMT,2,229,-0.028823,0.000014
WMT,2,230,-0.016178,0.000014
WMT,2,231,-0.052459,0.000013
WMT,2,232,-0.008456,0.000013
WMT,2,233,-0.013555,0.000012
WMT,2,234,-0.039378,0.000012
WMT,2,235,-0.021836,0.000011
WMT,2,236,-0.024883,0.000011
WMT,2,237,-0.051916,0.000010
WMT,2,238,-0.035235,0.000010
WMT,2,239,-0.008239,0.000010
WMT,2,240,-0.037728,0.000009
WMT,2,241,-0.035424,0.000009
WMT,2,242,-0.013982,0.000009
WMT,2,243,-0.029943,0.000008
WMT,2,244,-0.035707,0.000008
WMT,2,245,-0.034325,0.000008
WMT,2,246,-0.030255,0.000007
WMT,2,247,-0.030118,0.000007
WMT,2,248,-0.004344,0.000007
WMT,2,249,-0.021719,0.000007
WMT,2,250,-0.000091,0.000006
WMT,2,251,0.045399,0.000006
WMT,2,252,0.037094,0.000006
WMT,17,1,0.204615,0.204517
WMT,17,2,0.089155,0.088992
WMT,17,3,0.117181,0.117164
WMT,17,4,0.097980,0.094409
WMT,17,5,0.066826,0.071175
WMT,17,6,0.094082,0.088380
WMT,17,7,0.075912,0.080584
WMT,17,8,0.102418,0.095605
WMT,17,9,0.078994,0.082416
WMT,17,10,0.047740,0.056471
WMT,17,11,0.043682,0.026288
WMT,17,12,0.069398,0.061594
WMT,17,13,0.061697,0.058599
WMT,17,14,0.062887,0.054386
WMT,17,15,0.020812,0.049252
WMT,17,16,0.040671,0.058112
WMT,17,17,0.050803,0.031474
WMT,17,18,0.036258,0.024166
WMT,17,19,0.003110,-0.000248
WMT,17,20,0.017651,0.014971
WMT,17,21,0.022015,0.026352
WMT,17,22,0.033773,0.030164
WMT,17,23,0.031294,0.019831
WMT,17,24,0.055372,0.050646
WMT,17,25,0.038032,0.039718
WMT,17,26,0.009154,0.028581
WMT,17,27,0.031087,0.025336
WMT,17,28,0.029583,0.042131
WMT,17,29,0.029855,0.035711
WMT,17,30,0.036334,0.045658
WMT,17,31,0.021776,0.030444
WMT,17,32,0.016781,0.035524
WMT,17,33,0.020234,0.031004
WMT,17,34,0.013225,0.019851
WMT,17,35,0.000270,0.003732
WMT,17,36,0.020906,0.032845
WMT,17,37,0.048792,0.033610
WMT,17,38,0.013276,0.034644
WMT,17,39,0.033541,0.035968
WMT,17,40,0.004625,0.042780
WMT,17,41,0.005617,0.024045
WMT,17,42,0.017347,0.021533
WMT,17,43,-0.023949,0.004052
WMT,17,44,-0.015919,0.012576
WMT,17,45,0.010814,0.021207
WMT,17,46,0.024921,0.023859
WMT,17,47,0.026689,0.015251
WMT,17,48,0.047671,0.035929
WMT,17,49,0.029691,0.026137
WMT,17,50,0.004609,0.017186
WMT,17,51,-0.007455,0.015468
WMT,17,52,0.021227,0.025386
WMT,17,53,0.021538,0.019744
WMT,17,54,0.024422,0.028794
WMT,17,55,0.028428,0.017932
WMT,17,56,0.024671,0.019837
WMT,17,57,-0.010179,0.017500
WMT,17,58,0.030675,0.010059
WMT,17,59,0.005505,-0.001389
WMT,17,60,0.019693,0.020068
WMT,17,61,0.045942,0.020776
WMT,17,62,0.065651,0.022236
WMT,17,63,0.072033,0.024908
WMT,17,64,0.075870,0.028569
WMT,17,65,0.007343,0.014254
WMT,17,66,0.012365,0.013868
WMT,17,67,0.006530,0.001143
WMT,17,68,0.002631,0.005783
WMT,17,69,0.017287,0.012897
WMT,17,70,0.004217,0.015149
WMT,17,71,-0.026540,0.008676
WMT,17,72,0.036037,0.023446
WMT,17,73,0.010073,0.015674
WMT,17,74,0.032878,0.008959
WMT,17,75,-0.001463,0.008734
WMT,17,76,0.030163,0.014738
WMT,17,77,0.012985,0.010121
WMT,17,78,0.022710,0.018099
WMT,17,79,0.006917,0.010231
WMT,17,80,0.034526,0.010242
WMT,17,81,0.033634,0.009150
WMT,17,82,0.005059,0.003807
WMT,17,83,-0.018742,-0.004711
WMT,17,84,0.005365,0.011030
WMT,17,85,-0.023533,0.011373
WMT,17,86,-0.005992,0.012544
WMT,17,87,0.027960,0.015591
WMT,17,88,0.004557,0.017224
WMT,17,89,0.007980,0.006160
WMT,17,90,0.003243,0.006862
WMT,17,91,0.000096,-0.002495
WMT,17,92,0.035584,-0.000199
WMT,17,93,-0.014731,0.005743
WMT,17,94,-0.025508,0.007554
WMT,17,95,-0.017134,0.002671
WMT,17,96,0.025699,0.013473
WMT,17,97,0.017222,0.007397
WMT,17,98,0.003486,0.002280
WMT,17,99,-0.016470,0.002970
WMT,17,100,-0.008348,0.006544
WMT,17,101,0.010326,0.002797
WMT,17,102,-0.034314,0.009639
WMT,17,103,0.022175,0.003875
WMT,17,104,-0.001456,0.002887
WMT,17,105,0.002410,0.002611
WMT,17,106,0.005726,-0.001358
WMT,17,107,-0.009313,-0.007803
WMT,17,108,0.030923,0.003870
WMT,17,109,0.006890,0.003951
WMT,17,110,-0.020391,0.004743
WMT,17,111,-0.003272,0.007799
WMT,17,112,0.022287,0.008253
WMT,17,113,-0.004192,-0.000320
WMT,17,114,0.051067,0.000916
WMT,17,115,0.043236,-0.006022
WMT,17,116,-0.001102,-0.005125
WMT,17,117,0.033473,-0.000147
WMT,17,118,0.016106,0.001220
WMT,17,119,-0.002519,-0.002520
WMT,17,120,0.030711,0.005516
WMT,17,121,0.009062,0.000775
WMT,17,122,0.012390,-0.003211
WMT,17,123,0.018389,-0.002029
WMT,17,124,0.046863,0.000019
WMT,17,125,0.049681,-0.003020
WMT,17,126,0.090668,0.002741
WMT,17,127,0.059742,-0.001528
WMT,17,128,0.013694,-0.002972
WMT,17,129,-0.006115,-0.002720
WMT,17,130,-0.018480,-0.005743
WMT,17,131,-0.005057,-0.010679
WMT,17,132,-0.020997,-0.001915
WMT,17,133,-0.017067,-0.001997
WMT,17,134,-0.016024,-0.001548
WMT,17,135,-0.015601,0.001338
WMT,17,136,-0.000784,0.001145
WMT,17,137,-0.031272,-0.005513
WMT,17,138,-0.024583,-0.004059
WMT,17,139,-0.025155,-0.009242
WMT,17,140,-0.031233,-0.009157
WMT,17,141,-0.025490,-0.004984
WMT,17,142,-0.031424,-0.004010
WMT,17,143,-0.007574,-0.006920
WMT,17,144,0.013280,-0.000847
WMT,17,145,0.009720,-0.004550
WMT,17,146,-0.023024,-0.007713
WMT,17,147,-0.006599,-0.006310
WMT,17,148,-0.007429,-0.005212
WMT,17,149,0.001520,-0.007683
WMT,17,150,0.031345,-0.002887
WMT,17,151,-0.009018,-0.006082
WMT,17,152,-0.026780,-0.007671
WMT,17,153,-0.008838,-0.007096
WMT,17,154,-0.031416,-0.009445
WMT,17,155,0.005992,-0.013265
WMT,17,156,0.014626,-0.006605
WMT,17,157,-0.019303,-0.006784
WMT,17,158,-0.010574,-0.006609
WMT,17,159,-0.005248,-0.003980
WMT,17,160,0.000055,-0.004499
WMT,17,161,0.031900,-0.009683
WMT,17,162,-0.016917,-0.008190
WMT,17,163,0.006223,-0.012091
WMT,17,164,-0.038574,-0.012454
WMT,17,165,-0.016230,-0.008956
WMT,17,166,-0.020036,-0.008302
WMT,17,167,-0.026702,-0.010600
WMT,17,168,-0.010338,-0.005941
WMT,17,169,-0.020538,-0.008839
WMT,17,170,0.003036,-0.011386
WMT,17,171,-0.027384,-0.009925
WMT,17,172,-0.017036,-0.009413
WMT,17,173,-0.008132,-0.011428
WMT,17,174,-0.027110,-0.007463
WMT,17,175,-0.022681,-0.009879
WMT,17,176,-0.013006,-0.011441
WMT,17,177,-0.024428,-0.010687
WMT,17,178,-0.015719,-0.012542
WMT,17,179,-0.029087,-0.015526
WMT,17,180,-0.016815,-0.010408
WMT,17,181,-0.022971,-0.010640
WMT,17,182,-0.017455,-0.010667
WMT,17,183,0.006128,-0.008327
WMT,17,184,-0.016431,-0.008984
WMT,17,185,-0.014045,-0.013032
WMT,17,186,-0.000089,-0.011597
WMT,17,187,0.013896,-0.014555
WMT,17,188,-0.005622,-0.015142
WMT,17,189,0.018455,-0.012212
WMT,17,190,0.014790,-0.011805
WMT,17,191,-0.012185,-0.013641
WMT,17,192,-0.024954,-0.010021
WMT,17,193,-0.000701,-0.012293
WMT,17,194,-0.010576,-0.014365
WMT,17,195,-0.018150,-0.012944
WMT,17,196,-0.015250,-0.012784
WMT,17,197,-0.010107,-0.014432
WMT,17,198,-0.017488,-0.011168
WMT,17,199,-0.016486,-0.013013
WMT,17,200,-0.012507,-0.014462
WMT,17,201,-0.017789,-0.013626
WMT,17,202,-0.009092,-0.015109
WMT,17,203,-0.020853,-0.017459
WMT,17,204,-0.008415,-0.013486
WMT,17,205,-0.044148,-0.013742
WMT,17,206,-0.022310,-0.013907
WMT,17,207,0.003707,-0.011857
WMT,17,208,-0.028830,-0.012545
WMT,17,209,-0.027108,-0.015716
WMT,17,210,-0.025262,-0.014388
WMT,17,211,0.006396,-0.016646
WMT,17,212,-0.047155,-0.017323
WMT,17,213,0.006697,-0.014872
WMT,17,214,-0.003403,-0.014647
WMT,17,215,-0.022583,-0.016128
WMT,17,216,-0.028799,-0.013281
WMT,17,217,-0.013513,-0.015068
WMT,17,218,-0.024184,-0.016766
WMT,17,219,-0.008202,-0.015438
WMT,17,220,-0.018818,-0.015483
WMT,17,221,-0.015762,-0.016835
WMT,17,222,-0.022955,-0.014154
WMT,17,223,0.014504,-0.015576
WMT,17,224,-0.000946,-0.016873
WMT,17,225,-0.047540,-0.016021
WMT,17,226,-0.036861,-0.017216
WMT,17,227,-0.027911,-0.019082
WMT,17,228,-0.034765,-0.015968
WMT,17,229,-0.028823,-0.016229
WMT,17,230,-0.016178,-0.016481
WMT,17,231,-0.052459,-0.014705
WMT,17,232,-0.008456,-0.015366
WMT,17,233,-0.013555,-0.017857
WMT,17,234,-0.039378,-0.016657
WMT,17,235,-0.021836,-0.018392
WMT,17,236,-0.024883,-0.019082
WMT,17,237,-0.051916,-0.017032
WMT,17,238,-0.035235,-0.016935
WMT,17,239,-0.008239,-0.018141
WMT,17,240,-0.037728,-0.015878
WMT,17,241,-0.035424,-0.017288
WMT,17,242,-0.013982,-0.018685
WMT,17,243,-0.029943,-0.017477
WMT,17,244,-0.035707,-0.017633
WMT,17,245,-0.034325,-0.018747
WMT,17,246,-0.030255,-0.016546
WMT,17,247,-0.030118,-0.017652
WMT,17,248,-0.004344,-0.018787
WMT,17,249,-0.021719,-0.017959
WMT,17,250,-0.000091,-0.018929
WMT,17,251,0.045399,-0.020419
WMT,17,252,0.037094,-0.017959
XOM,2,1,0.233922,0.268531
XOM,2,2,0.238501,0.260154
XOM,2,3,0.270332,0.252276
XOM,2,4,0.237739,0.244866
XOM,2,5,0.254122,0.237893
XOM,2,6,0.193704,0.231332
XOM,2,7,0.225937,0.225155
XOM,2,8,0.244560,0.219339
XOM,2,9,0.192662,0.213861
XOM,2,10,0.232445,0.208699
XOM,2,11,0.204517,0.203835
XOM,2,12,0.178950,0.199249
XOM,2,13,0.167970,0.194924
XOM,2,14,0.203495,0.190843
XOM,2,15,0.170347,0.186991
XOM,2,16,0.168704,0.183355
XOM,2,17,0.192380,0.179919
XOM,2,18,0.191277,0.176673
XOM,2,19,0.190444,0.173603
XOM,2,20,0.188519,0.170699
XOM,2,21,0.181190,0.167951
XOM,2,22,0.179693,0.165348
XOM,2,23,0.205092,0.162883
XOM,2,24,0.178207,0.160545
XOM,2,25,0.189951,0.158328
XOM,2,26,0.150240,0.156223
XOM,2,27,0.158038,0.154224
XOM,2,28,0.212147,0.152324
XOM,2,29,0.156981,0.150517
XOM,2,30,0.141932,0.148797
XOM,2,31,0.166141,0.147159
XOM,2,32,0.145938,0.145598
XOM,2,33,0.160212,0.144108
XOM,2,34,0.158343,0.142686
XOM,2,35,0.150682,0.141328
XOM,2,36,0.153567,0.140029
XOM,2,37,0.105960,0.138786
XOM,2,38,0.180701,0.137595
XOM,2,39,0.147257,0.136453
XOM,2,40,0.139992,0.135357
XOM,2,41,0.117124,0.134305
XOM,2,42,0.154175,0.133293
XOM,2,43,0.166277,0.132320
XOM,2,44,0.131784,0.131382
XOM,2,45,0.149400,0.130478
XOM,2,46,0.153668,0.129606
XOM,2,47,0.131468,0.128763
XOM,2,48,0.145400,0.127949
XOM,2,49,0.132701,0.127160
XOM,2,50,0.135042,0.126397
XOM,2,51,0.113384,0.125656
XOM,2,52,0.101387,0.124938
XOM,2,53,0.129008,0.124240
XOM,2,54,0.125777,0.123561
XOM,2,55,0.152848,0.122901
XOM,2,56,0.133492,0.122258
XOM,2,57,0.110981,0.121631
XOM,2,58,0.106823,0.121019
XOM,2,59,0.111888,0.120422
XOM,2,60,0.102682,0.119838
XOM,2,61,0.104605,0.119266
XOM,2,62,0.111576,0.118707
XOM,2,63,0.136332,0.118159
XOM,2,64,0.106507,0.117622
XOM,2,65,0.106313,0.117095
XOM,2,66,0.122690,0.116578
XOM,2,67,0.145513,0.116070
XOM,2,68,0.107700,0.115570
XOM,2,69,0.087222,0.115078
XOM,2,70,0.127384,0.114594
XOM,2,71,0.104163,0.114117
XOM,2,72,0.109180,0.113647
XOM,2,73,0.107506,0.113184
XOM,2,74,0.134637,0.112727
XOM,2,75,0.098676,0.112275
XOM,2,76,0.118893,0.111830
XOM,2,77,0.095477,0.111389
XOM,2,78,0.101008,0.110954
XOM,2,79,0.103040,0.110524
XOM,2,80,0.089487,0.110098
XOM,2,81,0.064844,0.109676
XOM,2,82,0.099767,0.109259
XOM,2,83,0.099456,0.108846
XOM,2,84,0.066826,0.108436
XOM,2,85,0.084808,0.108030
XOM,2,86,0.080224,0.107628
XOM,2,87,0.067353,0.107229
XOM,2,88,0.083095,0.106833
XOM,2,89,0.086024,0.106441
XOM,2,90,0.086284,0.106051
XOM,2,91,0.077893,0.105664
XOM,2,92,0.072948,0.105280
XOM,2,93,0.095888,0.104898
XOM,2,94,0.081968,0.104520
XOM,2,95,0.079490,0.104143
XOM,2,96,0.089681,0.103769
XOM,2,97,0.093786,0.103398
XOM,2,98,0.093061,0.103028
XOM,2,99,0.084347,0.102661
XOM,2,100,0.071053,0.102296
XOM,2,101,0.102898,0.101933
XOM,2,102,0.084305,0.101571
XOM,2,103,0.048404,0.101212
XOM,2,104,0.054221,0.100855
XOM,2,105,0.084358,0.100499
XOM,2,106,0.082269,0.100146
XOM,2,107,0.108866,0.099794
XOM,2,108,0.089464,0.099444
XOM,2,109,0.098092,0.099095
XOM,2,110,0.105796,0.098748
XOM,2,111,0.082832,0.098403
XOM,2,112,0.113721,0.098059
XOM,2,113,0.097112,0.097717
XOM,2,114,0.077252,0.097376
XOM,2,115,0.091672,0.097037
XOM,2,116,0.122872,0.096700
XOM,2,117,0.087957,0.096363
XOM,2,118,0.105328,0.096028
XOM,2,119,0.074041,0.095695
XOM,2,120,0.112137,0.095363
XOM,2,121,0.068021,0.095032
XOM,2,122,0.094573,0.094703
XOM,2,123,0.082270,0.094375
XOM,2,124,0.072932,0.094048
XOM,2,125,0.098257,0.093722
XOM,2,126,0.075972,0.093398
XOM,2,127,0.060602,0.093075
XOM,2,128,0.087534,0.092754
XOM,2,129,0.038578,0.092433
XOM,2,130,0.071970,0.092114
XOM,2,131,0.099984,0.091796
XOM,2,132,0.080729,0.091479
XOM,2,133,0.098469,0.091163
XOM,2,134,0.066020,0.090849
XOM,2,135,0.104948,0.090536
XOM,2,136,0.076399,0.090223
XOM,2,137,0.098180,0.089913
XOM,2,138,0.084965,0.089603
XOM,2,139,0.105969,0.089294
XOM,2,140,0.121247,0.088986
XOM,2,141,0.093608,0.088680
XOM,2,142,0.068195,0.088374
XOM,2,143,0.107913,0.088070
XOM,2,144,0.103775,0.087767
XOM,2,145,0.099175,0.087465
XOM,2,146,0.102938,0.087164
XOM,2,147,0.090205,0.086864
XOM,2,148,0.085238,0.086565
XOM,2,149,0.076553,0.086267
XOM,2,150,0.101581,0.085970
XOM,2,151,0.102137,0.085675
XOM,2,152,0.075588,0.085380
XOM,2,153,0.093146,0.085086
XOM,2,154,0.096036,0.084794
XOM,2,155,0.071317,0.084502
XOM,2,156,0.104594,0.084212
XOM,2,157,0.070475,0.083922
XOM,2,158,0.093251,0.083634
XOM,2,159,0.083029,0.083346
XOM,2,160,0.122135,0.083060
XOM,2,161,0.106635,0.082774
XOM,2,162,0.070358,0.082490
XOM,2,163,0.088257,0.082206
XOM,2,164,0.092119,0.081924
XOM,2,165,0.060838,0.081642
XOM,2,166,0.094988,0.081361
XOM,2,167,0.088102,0.081082
XOM,2,168,0.131282,0.080803
XOM,2,169,0.073191,0.080526
XOM,2,170,0.095463,0.080249
XOM,2,171,0.144624,0.079973
XOM,2,172,0.092540,0.079698
XOM,2,173,0.107784,0.079425
XOM,2,174,0.086358,0.079152
XOM,2,175,0.106210,0.078880
XOM,2,176,0.073603,0.078609
XOM,2,177,0.073296,0.078339
XOM,2,178,0.070143,0.078070
XOM,2,179,0.092298,0.077801
XOM,2,180,0.068151,0.077534
XOM,2,181,0.117940,0.077268
XOM,2,182,0.092413,0.077002
XOM,2,183,0.082566,0.076738
XOM,2,184,0.117001,0.076474
XOM,2,185,0.081692,0.076211
XOM,2,186,0.108994,0.075950
XOM,2,187,0.106634,0.075689
XOM,2,188,0.080903,0.075429
XOM,2,189,0.097113,0.075170
XOM,2,190,0.111139,0.074912
XOM,2,191,0.055723,0.074654
XOM,2,192,0.087692,0.074398
XOM,2,193,0.100919,0.074142
XOM,2,194,0.071878,0.073888
XOM,2,195,0.083201,0.073634
XOM,2,196,0.066238,0.073381
XOM,2,197,0.068310,0.073129
XOM,2,198,0.059704,0.072878
XOM,2,199,0.062289,0.072627
XOM,2,200,0.078904,0.072378
XOM,2,201,0.062708,0.072129
XOM,2,202,0.079755,0.071882
XOM,2,203,0.091574,0.071635
XOM,2,204,0.079038,0.071389
XOM,2,205,0.086607,0.071143
XOM,2,206,0.081286,0.070899
XOM,2,207,0.096865,0.070656
XOM,2,208,0.065657,0.070413
XOM,2,209,0.080851,0.070171
XOM,2,210,0.093472,0.069930
XOM,2,211,0.090869,0.069690
XOM,2,212,0.045949,0.069450
XOM,2,213,0.083074,0.069212
XOM,2,214,0.106909,0.068974
XOM,2,215,0.077027,0.068737
XOM,2,216,0.074598,0.068501
XOM,2,217,0.106971,0.068266
XOM,2,218,0.104571,0.068032
XOM,2,219,0.064622,0.067798
XOM,2,220,0.066096,0.067565
XOM,2,221,0.085932,0.067333
XOM,2,222,0.042586,0.067102
XOM,2,223,0.067320,0.066871
XOM,2,224,0.050159,0.066642
XOM,2,225,0.079910,0.066413
XOM,2,226,0.070264,0.066185
XOM,2,227,0.060480,0.065957
XOM,2,228,0.077262,0.065731
XOM,2,229,0.051812,0.065505
XOM,2,230,0.065357,0.065280
XOM,2,231,0.048205,0.065056
XOM,2,232,0.070092,0.064832
XOM,2,233,0.065675,0.064610
XOM,2,234,0.053018,0.064388
XOM,2,235,0.065222,0.064167
XOM,2,236,0.049351,0.063946
XOM,2,237,0.026385,0.063727
XOM,2,238,0.042653,0.063508
XOM,2,239,0.015182,0.063290
XOM,2,240,0.033670,0.063072
XOM,2,241,0.057161,0.062856
XOM,2,242,0.071915,0.062640
XOM,2,243,0.045748,0.062425
XOM,2,244,0.029438,0.062210
XOM,2,245,0.045187,0.061997
XOM,2,246,0.064822,0.061784
XOM,2,247,0.037710,0.061572
XOM,2,248,0.027783,0.061360
XOM,2,249,0.060040,0.061149
XOM,2,250,0.076925,0.060939
XOM,2,251,0.075746,0.060730
XOM,2,252,0.075560,0.060521
XOM,17,1,0.233922,0.233858
XOM,17,2,0.238501,0.239539
XOM,17,3,0.270332,0.270247
XOM,17,4,0.237739,0.233283
XOM,17,5,0.254122,0.251132
XOM,17,6,0.193704,0.188230
XOM,17,7,0.225937,0.217407
XOM,17,8,0.244560,0.230775
XOM,17,9,0.192662,0.186367
XOM,17,10,0.232445,0.224988
XOM,17,11,0.204517,0.213802
XOM,17,12,0.178950,0.183273
XOM,17,13,0.167970,0.190543
XOM,17,14,0.203495,0.207493
XOM,17,15,0.170347,0.195315
XOM,17,16,0.168704,0.193831
XOM,17,17,0.192380,0.197723
XOM,17,18,0.191277,0.183919
XOM,17,19,0.190444,0.201661
XOM,17,20,0.188519,0.192384
XOM,17,21,0.181190,0.178977
XOM,17,22,0.179693,0.193981
XOM,17,23,0.205092,0.191621
XOM,17,24,0.178207,0.177684
XOM,17,25,0.189951,0.171418
XOM,17,26,0.150240,0.181671
XOM,17,27,0.158038,0.171875
XOM,17,28,0.212147,0.163399
XOM,17,29,0.156981,0.161385
XOM,17,30,0.141932,0.153592
XOM,17,31,0.166141,0.161544
XOM,17,32,0.145938,0.147338
XOM,17,33,0.160212,0.139996
XOM,17,34,0.158343,0.147920
XOM,17,35,0.150682,0.145323
XOM,17,36,0.153567,0.139629
XOM,17,37,0.105960,0.132551
XOM,17,38,0.180701,0.144004
XOM,17,39,0.147257,0.141761
XOM,17,40,0.139992,0.136233
XOM,17,41,0.117124,0.138447
XOM,17,42,0.154175,0.137652
XOM,17,43,0.166277,0.147129
XOM,17,44,0.131784,0.136652
XOM,17,45,0.149400,0.134836
XOM,17,46,0.153668,0.141799
XOM,17,47,0.131468,0.139205
XOM,17,48,0.145400,0.136073
XOM,17,49,0.132701,0.126803
XOM,17,50,0.135042,0.134870
XOM,17,51,0.113384,0.131146
XOM,17,52,0.101387,0.122446
XOM,17,53,0.129008,0.121446
XOM,17,54,0.125777,0.117925
XOM,17,55,0.152848,0.123504
XOM,17,56,0.133492,0.111471
XOM,17,57,0.110981,0.109375
XOM,17,58,0.106823,0.114290
XOM,17,59,0.111888,0.111574
XOM,17,60,0.102682,0.111109
XOM,17,61,0.104605,0.103745
XOM,17,62,0.111576,0.113621
XOM,17,63,0.136332,0.113495
XOM,17,64,0.106507,0.108850
XOM,17,65,0.106313,0.111746
XOM,17,66,0.122690,0.111595
XOM,17,67,0.145513,0.119881
XOM,17,68,0.107700,0.111289
XOM,17,69,0.087222,0.111819
XOM,17,70,0.127384,0.117058
XOM,17,71,0.104163,0.114457
XOM,17,72,0.109180,0.114427
XOM,17,73,0.107506,0.105929
XOM,17,74,0.134637,0.113108
XOM,17,75,0.098676,0.110500
XOM,17,76,0.118893,0.103595
XOM,17,77,0.095477,0.103736
XOM,17,78,0.101008,0.100321
XOM,17,79,0.103040,0.105704
XOM,17,80,0.089487,0.095697
XOM,17,81,0.064844,0.095119
XOM,17,82,0.099767,0.098962
XOM,17,83,0.099456,0.096231
XOM,17,84,0.066826,0.097686
XOM,17,85,0.084808,0.090947
XOM,17,86,0.080224,0.099662
XOM,17,87,0.067353,0.099579
XOM,17,88,0.083095,0.096131
XOM,17,89,0.086024,0.099457
XOM,17,90,0.086284,0.098522
XOM,17,91,0.077893,0.106272
XOM,17,92,0.072948,0.099026
XOM,17,93,0.095888,0.100271
XOM,17,94,0.081968,0.104482
XOM,17,95,0.079490,0.101795
XOM,17,96,0.089681,0.103234
XOM,17,97,0.093786,0.095519
XOM,17,98,0.093061,0.101932
XOM,17,99,0.084347,0.099521
XOM,17,100,0.071053,0.094079
XOM,17,101,0.102898,0.094969
XOM,17,102,0.084305,0.091131
XOM,17,103,0.048404,0.096416
XOM,17,104,0.054221,0.087841
XOM,17,105,0.084358,0.087948
XOM,17,106,0.082269,0.091009
XOM,17,107,0.108866,0.088168
XOM,17,108,0.089464,0.090651
XOM,17,109,0.098092,0.084376
XOM,17,110,0.105796,0.092081
XOM,17,111,0.082832,0.091706
XOM,17,112,0.113721,0.089098
XOM,17,113,0.097112,0.092602
XOM,17,114,0.077252,0.090823
XOM,17,115,0.091672,0.098088
XOM,17,116,0.122872,0.091750
XOM,17,117,0.087957,0.093290
XOM,17,118,0.105328,0.096680
XOM,17,119,0.074041,0.093853
XOM,17,120,0.112137,0.096191
XOM,17,121,0.068021,0.089045
XOM,17,122,0.094573,0.094806
XOM,17,123,0.082270,0.092420
XOM,17,124,0.072932,0.088046
XOM,17,125,0.098257,0.089429
XOM,17,126,0.075972,0.085195
XOM,17,127,0.060602,0.090355
XOM,17,128,0.087534,0.082817
XOM,17,129,0.038578,0.083332
XOM,17,130,0.071970,0.085767
XOM,17,131,0.099984,0.082801
XOM,17,132,0.080729,0.085934
XOM,17,133,0.098469,0.079974
XOM,17,134,0.066020,0.086841
XOM,17,135,0.104948,0.086164
XOM,17,136,0.076399,0.084125
XOM,17,137,0.098180,0.087678
XOM,17,138,0.084965,0.085207
XOM,17,139,0.105969,0.092034
XOM,17,140,0.121247,0.086333
XOM,17,141,0.093608,0.088019
XOM,17,142,0.068195,0.090757
XOM,17,143,0.107913,0.087803
XOM,17,144,0.103775,0.090747
XOM,17,145,0.099175,0.084029
XOM,17,146,0.102938,0.089268
XOM,17,147,0.090205,0.086887
XOM,17,148,0.085238,0.083304
XOM,17,149,0.076553,0.085032
XOM,17,150,0.101581,0.080510
XOM,17,151,0.102137,0.085551
XOM,17,152,0.075588,0.078793
XOM,17,153,0.093146,0.079583
XOM,17,154,0.096036,0.081536
XOM,17,155,0.071317,0.078472
XOM,17,156,0.104594,0.082037
XOM,17,157,0.070475,0.076309
XOM,17,158,0.093251,0.082503
XOM,17,159,0.083029,0.081573
XOM,17,160,0.122135,0.079929
XOM,17,161,0.106635,0.083470
XOM,17,162,0.070358,0.080470
XOM,17,163,0.088257,0.086918
XOM,17,164,0.092119,0.081683
XOM,17,165,0.060838,0.083446
XOM,17,166,0.094988,0.085677
XOM,17,167,0.088102,0.082632
XOM,17,168,0.131282,0.085997
XOM,17,169,0.073191,0.079618
XOM,17,170,0.095463,0.084453
XOM,17,171,0.144624,0.082088
XOM,17,172,0.092540,0.079106
XOM,17,173,0.107784,0.081085
XOM,17,174,0.086358,0.076378
XOM,17,175,0.106210,0.081314
XOM,17,176,0.073603,0.075160
XOM,17,177,0.073296,0.076149
XOM,17,178,0.070143,0.077738
XOM,17,179,0.092298,0.074608
XOM,17,180,0.068151,0.078465
XOM,17,181,0.117940,0.072920
XOM,17,182,0.092413,0.078579
XOM,17,183,0.082566,0.077450
XOM,17,184,0.117001,0.076085
XOM,17,185,0.081692,0.079584
XOM,17,186,0.108994,0.076191
XOM,17,187,0.106634,0.082319
XOM,17,188,0.080903,0.077434
XOM,17,189,0.097113,0.079234
XOM,17,190,0.111139,0.081078
XOM,17,191,0.055723,0.077975
XOM,17,192,0.087692,0.081633
XOM,17,193,0.100919,0.075535
XOM,17,194,0.071878,0.080059
XOM,17,195,0.083201,0.077724
XOM,17,196,0.066238,0.075206
XOM,17,197,0.068310,0.077370
XOM,17,198,0.059704,0.072558
XOM,17,199,0.062289,0.077406
XOM,17,200,0.078904,0.071727
XOM,17,201,0.062708,0.072862
XOM,17,202,0.079755,0.074180
XOM,17,203,0.091574,0.071016
XOM,17,204,0.079038,0.075066
XOM,17,205,0.086607,0.069671
XOM,17,206,0.081286,0.074906
XOM,17,207,0.096865,0.073626
XOM,17,208,0.065657,0.072457
XOM,17,209,0.080851,0.075898
XOM,17,210,0.093472,0.072221
XOM,17,211,0.090869,0.078077
XOM,17,212,0.045949,0.073461
XOM,17,213,0.083074,0.075274
XOM,17,214,0.106909,0.076823
XOM,17,215,0.077027,0.073690
XOM,17,216,0.074598,0.077550
XOM,17,217,0.106971,0.071688
XOM,17,218,0.104571,0.075972
XOM,17,219,0.064622,0.073679
XOM,17,220,0.066096,0.071521
XOM,17,221,0.085932,0.073822
XOM,17,222,0.042586,0.068965
XOM,17,223,0.067320,0.073737
XOM,17,224,0.050159,0.068439
XOM,17,225,0.079910,0.069682
XOM,17,226,0.070264,0.070799
XOM,17,227,0.060480,0.067624
XOM,17,228,0.077262,0.071795
XOM,17,229,0.051812,0.066530
XOM,17,230,0.065357,0.071425
XOM,17,231,0.048205,0.070031
XOM,17,232,0.070092,0.069003
XOM,17,233,0.065675,0.072377
XOM,17,234,0.053018,0.068499
XOM,17,235,0.065222,0.074123
XOM,17,236,0.049351,0.069717
XOM,17,237,0.026385,0.071526
XOM,17,238,0.042653,0.072851
XOM,17,239,0.015182,0.069711
XOM,17,240,0.033670,0.073704
XOM,17,241,0.057161,0.068045
XOM,17,242,0.071915,0.072142
XOM,17,243,0.045748,0.069898
XOM,17,244,0.029438,0.068022
XOM,17,245,0.045187,0.070424
XOM,17,246,0.064822,0.065565
XOM,17,247,0.037710,0.070268
XOM,17,248,0.027783,0.065280
XOM,17,249,0.060040,0.066602
XOM,17,250,0.076925,0.067570
XOM,17,251,0.075746,0.064402
XOM,17,252,0.075560,0.068643
